DROP TABLE MISSIONS_AGENTS CASCADE CONSTRAINTS;
DROP TABLE INFO_ACCESS CASCADE CONSTRAINTS;
DROP TABLE INFORMATION CASCADE CONSTRAINTS;
DROP TABLE MISSIONS_TARGETS CASCADE CONSTRAINTS;
DROP TABLE MISSIONS CASCADE CONSTRAINTS;
DROP TABLE AGENTS CASCADE CONSTRAINTS;
DROP TABLE ACCESS_COST CASCADE CONSTRAINTS;
DROP TABLE MISSION_TYPES CASCADE CONSTRAINTS;
DROP TABLE TARGETS CASCADE CONSTRAINTS;
DROP TABLE LOCATIONS CASCADE CONSTRAINTS;

CREATE TABLE "LOCATIONS"    (	"LOCATION_ID" NUMBER(8,0) NOT NULL ENABLE, 	"DESCRIPTION" VARCHAR2(50) NOT NULL ENABLE, 	 CONSTRAINT "LOCATIONS_PK" PRIMARY KEY ("LOCATION_ID")  USING INDEX PCTFREE 10 INITRANS 2 MAXTRANS 255   STORAGE(INITIAL 65536 NEXT 1048576 MINEXTENTS 1 MAXEXTENTS 2147483645  PCTINCREASE 0 FREELISTS 1 FREELIST GROUPS 1 BUFFER_POOL DEFAULT)  TABLESPACE "USERS"  ENABLE   ) PCTFREE 10 PCTUSED 40 INITRANS 1 MAXTRANS 255 NOCOMPRESS LOGGING  STORAGE(INITIAL 65536 NEXT 1048576 MINEXTENTS 1 MAXEXTENTS 2147483645  PCTINCREASE 0 FREELISTS 1 FREELIST GROUPS 1 BUFFER_POOL DEFAULT)  TABLESPACE "USERS"  ;
CREATE TABLE "TARGETS"    (	"TARGET_ID" NUMBER(8,0) NOT NULL ENABLE, 	"FIRST_NAME" VARCHAR2(50) NOT NULL ENABLE, 	"LAST_NAME" VARCHAR2(50) NOT NULL ENABLE, 	"LOCATION_ID" NUMBER(8,0), 	"BIRTH_DATE" DATE, 	 CONSTRAINT "TARGETS_PK" PRIMARY KEY ("TARGET_ID")  USING INDEX PCTFREE 10 INITRANS 2 MAXTRANS 255   STORAGE(INITIAL 65536 NEXT 1048576 MINEXTENTS 1 MAXEXTENTS 2147483645  PCTINCREASE 0 FREELISTS 1 FREELIST GROUPS 1 BUFFER_POOL DEFAULT)  TABLESPACE "USERS"  ENABLE, 	 CONSTRAINT "TARGETS_LOCATIONS_FK1" FOREIGN KEY ("LOCATION_ID")	  REFERENCES "LOCATIONS" ("LOCATION_ID") ENABLE   ) PCTFREE 10 PCTUSED 40 INITRANS 1 MAXTRANS 255 NOCOMPRESS LOGGING  STORAGE(INITIAL 65536 NEXT 1048576 MINEXTENTS 1 MAXEXTENTS 2147483645  PCTINCREASE 0 FREELISTS 1 FREELIST GROUPS 1 BUFFER_POOL DEFAULT)  TABLESPACE "USERS"  ;
CREATE TABLE "MISSION_TYPES"    (	"MISSION_TYPE_ID" NUMBER(8,0) NOT NULL ENABLE, 	"DESCRIPTION" VARCHAR2(100) NOT NULL ENABLE, 	 CONSTRAINT "MISSION_TYPES_PK" PRIMARY KEY ("MISSION_TYPE_ID")  USING INDEX PCTFREE 10 INITRANS 2 MAXTRANS 255   STORAGE(INITIAL 65536 NEXT 1048576 MINEXTENTS 1 MAXEXTENTS 2147483645  PCTINCREASE 0 FREELISTS 1 FREELIST GROUPS 1 BUFFER_POOL DEFAULT)  TABLESPACE "USERS"  ENABLE   ) PCTFREE 10 PCTUSED 40 INITRANS 1 MAXTRANS 255 NOCOMPRESS LOGGING  STORAGE(INITIAL 65536 NEXT 1048576 MINEXTENTS 1 MAXEXTENTS 2147483645  PCTINCREASE 0 FREELISTS 1 FREELIST GROUPS 1 BUFFER_POOL DEFAULT)  TABLESPACE "USERS"  ;
CREATE TABLE "ACCESS_COST"    (	"COST_ID" NUMBER(8,0) NOT NULL ENABLE, 	"LOWER_BOUND_LEVEL" NUMBER(8,0), 	"UPPER_BOUND_LEVEL" NUMBER(8,0), 	"COST" NUMBER(8,2) NOT NULL ENABLE, 	 CONSTRAINT "ACCESS_COST_PK" PRIMARY KEY ("COST_ID")  USING INDEX PCTFREE 10 INITRANS 2 MAXTRANS 255   STORAGE(INITIAL 65536 NEXT 1048576 MINEXTENTS 1 MAXEXTENTS 2147483645  PCTINCREASE 0 FREELISTS 1 FREELIST GROUPS 1 BUFFER_POOL DEFAULT)  TABLESPACE "USERS"  ENABLE   ) PCTFREE 10 PCTUSED 40 INITRANS 1 MAXTRANS 255 NOCOMPRESS LOGGING  STORAGE(INITIAL 65536 NEXT 1048576 MINEXTENTS 1 MAXEXTENTS 2147483645  PCTINCREASE 0 FREELISTS 1 FREELIST GROUPS 1 BUFFER_POOL DEFAULT)  TABLESPACE "USERS"  ;
CREATE TABLE "AGENTS"    (	"AGENT_ID" NUMBER(8,0) NOT NULL ENABLE, 	"FIRST_NAME" VARCHAR2(50), 	"LAST_NAME" VARCHAR2(50), 	"CODE_NAME" VARCHAR2(50) NOT NULL ENABLE, 	"SECURITY_LEVEL" NUMBER(8,0) NOT NULL ENABLE, 	"BIRTH_DATE" DATE, 	"ACTIVATION_DATE" DATE NOT NULL ENABLE, 	"DEACTIVATION_DATE" DATE, 	"LOCATION_ID" NUMBER(8,0), 	 CONSTRAINT "AGENTS_PK" PRIMARY KEY ("AGENT_ID")  USING INDEX PCTFREE 10 INITRANS 2 MAXTRANS 255   STORAGE(INITIAL 65536 NEXT 1048576 MINEXTENTS 1 MAXEXTENTS 2147483645  PCTINCREASE 0 FREELISTS 1 FREELIST GROUPS 1 BUFFER_POOL DEFAULT)  TABLESPACE "USERS"  ENABLE, 	 CONSTRAINT "AGENTS_LOCATIONS_FK1" FOREIGN KEY ("LOCATION_ID")	  REFERENCES "LOCATIONS" ("LOCATION_ID") ENABLE   ) PCTFREE 10 PCTUSED 40 INITRANS 1 MAXTRANS 255 NOCOMPRESS LOGGING  STORAGE(INITIAL 65536 NEXT 1048576 MINEXTENTS 1 MAXEXTENTS 2147483645  PCTINCREASE 0 FREELISTS 1 FREELIST GROUPS 1 BUFFER_POOL DEFAULT)  TABLESPACE "USERS"  ;
CREATE TABLE "MISSIONS"    (	"MISSION_ID" NUMBER(8,0) NOT NULL ENABLE, 	"CODE_NAME" VARCHAR2(50) NOT NULL ENABLE, 	"LOCATION_ID" NUMBER(8,0) NOT NULL ENABLE, 	"MISSION_TYPE_ID" NUMBER(8,0) NOT NULL ENABLE, 	"MISSION_DATE" DATE, 	"SECURITY_LEVEL" NUMBER(8,0) NOT NULL ENABLE, 	 CONSTRAINT "MISSIONS_PK" PRIMARY KEY ("MISSION_ID")  USING INDEX PCTFREE 10 INITRANS 2 MAXTRANS 255   STORAGE(INITIAL 65536 NEXT 1048576 MINEXTENTS 1 MAXEXTENTS 2147483645  PCTINCREASE 0 FREELISTS 1 FREELIST GROUPS 1 BUFFER_POOL DEFAULT)  TABLESPACE "USERS"  ENABLE, 	 CONSTRAINT "MISSIONS_LOCATIONS_FK1" FOREIGN KEY ("LOCATION_ID")	  REFERENCES "LOCATIONS" ("LOCATION_ID") ENABLE, 	 CONSTRAINT "MISSIONS_MISSION_TYPES_FK1" FOREIGN KEY ("MISSION_TYPE_ID")	  REFERENCES "MISSION_TYPES" ("MISSION_TYPE_ID") ENABLE   ) PCTFREE 10 PCTUSED 40 INITRANS 1 MAXTRANS 255 NOCOMPRESS LOGGING  STORAGE(INITIAL 65536 NEXT 1048576 MINEXTENTS 1 MAXEXTENTS 2147483645  PCTINCREASE 0 FREELISTS 1 FREELIST GROUPS 1 BUFFER_POOL DEFAULT)  TABLESPACE "USERS"  ;
CREATE TABLE "MISSIONS_TARGETS"    (	"MISSION_ID" NUMBER(8,0) NOT NULL ENABLE, 	"TARGET_ID" NUMBER(8,0) NOT NULL ENABLE, 	 CONSTRAINT "MISSIONS_TARGETS_PK" PRIMARY KEY ("MISSION_ID", "TARGET_ID")  USING INDEX PCTFREE 10 INITRANS 2 MAXTRANS 255   STORAGE(INITIAL 65536 NEXT 1048576 MINEXTENTS 1 MAXEXTENTS 2147483645  PCTINCREASE 0 FREELISTS 1 FREELIST GROUPS 1 BUFFER_POOL DEFAULT)  TABLESPACE "USERS"  ENABLE, 	 CONSTRAINT "MISSIONS_TARGETS_MISSIONS_FK1" FOREIGN KEY ("MISSION_ID")	  REFERENCES "MISSIONS" ("MISSION_ID") ENABLE, 	 CONSTRAINT "MISSIONS_TARGETS_TARGETS_FK1" FOREIGN KEY ("TARGET_ID")	  REFERENCES "TARGETS" ("TARGET_ID") ENABLE   ) PCTFREE 10 PCTUSED 40 INITRANS 1 MAXTRANS 255 NOCOMPRESS LOGGING  STORAGE(INITIAL 65536 NEXT 1048576 MINEXTENTS 1 MAXEXTENTS 2147483645  PCTINCREASE 0 FREELISTS 1 FREELIST GROUPS 1 BUFFER_POOL DEFAULT)  TABLESPACE "USERS"  ;
CREATE TABLE "INFORMATION"    (	"INFORMATION_ID" NUMBER(8,0) NOT NULL ENABLE, 	"GLEANED_DATE" DATE NOT NULL ENABLE, 	"SECURITY_LEVEL" NUMBER(8,0) NOT NULL ENABLE, 	"DESCRIPTION" VARCHAR2(4000), 	"AGENT_ID" NUMBER(8,0), 	"TARGET_ID" NUMBER(8,0), 	 CONSTRAINT "INFORMATION_PK" PRIMARY KEY ("INFORMATION_ID")  USING INDEX PCTFREE 10 INITRANS 2 MAXTRANS 255   STORAGE(INITIAL 65536 NEXT 1048576 MINEXTENTS 1 MAXEXTENTS 2147483645  PCTINCREASE 0 FREELISTS 1 FREELIST GROUPS 1 BUFFER_POOL DEFAULT)  TABLESPACE "USERS"  ENABLE, 	 CONSTRAINT "INFORMATION_AGENTS_FK1" FOREIGN KEY ("AGENT_ID")	  REFERENCES "AGENTS" ("AGENT_ID") ENABLE, 	 CONSTRAINT "INFORMATION_TARGETS_FK1" FOREIGN KEY ("TARGET_ID")	  REFERENCES "TARGETS" ("TARGET_ID") ENABLE   ) PCTFREE 10 PCTUSED 40 INITRANS 1 MAXTRANS 255 NOCOMPRESS LOGGING  STORAGE(INITIAL 65536 NEXT 1048576 MINEXTENTS 1 MAXEXTENTS 2147483645  PCTINCREASE 0 FREELISTS 1 FREELIST GROUPS 1 BUFFER_POOL DEFAULT)  TABLESPACE "USERS"  ;
CREATE TABLE "INFO_ACCESS"    (	"AGENT_ID" NUMBER(8,0) NOT NULL ENABLE, 	"LOGON_TIME" DATE NOT NULL ENABLE, 	"INFORMATION_ID" NUMBER(8,0) NOT NULL ENABLE, 	"LOGOFF_TIME" DATE, 	 CONSTRAINT "INFO_ACCESS_PK" PRIMARY KEY ("AGENT_ID", "LOGON_TIME")  USING INDEX PCTFREE 10 INITRANS 2 MAXTRANS 255   STORAGE(INITIAL 65536 NEXT 1048576 MINEXTENTS 1 MAXEXTENTS 2147483645  PCTINCREASE 0 FREELISTS 1 FREELIST GROUPS 1 BUFFER_POOL DEFAULT)  TABLESPACE "USERS"  ENABLE, 	 CONSTRAINT "INFO_ACCESS_AGENTS_FK1" FOREIGN KEY ("AGENT_ID")	  REFERENCES "AGENTS" ("AGENT_ID") ENABLE, 	 CONSTRAINT "INFO_ACCESS_INFORMATION_FK1" FOREIGN KEY ("INFORMATION_ID")	  REFERENCES "INFORMATION" ("INFORMATION_ID") ENABLE   ) PCTFREE 10 PCTUSED 40 INITRANS 1 MAXTRANS 255 NOCOMPRESS LOGGING  STORAGE(INITIAL 65536 NEXT 1048576 MINEXTENTS 1 MAXEXTENTS 2147483645  PCTINCREASE 0 FREELISTS 1 FREELIST GROUPS 1 BUFFER_POOL DEFAULT)  TABLESPACE "USERS"  ;
CREATE TABLE "MISSIONS_AGENTS"    (	"MISSION_ID" NUMBER(8,0) NOT NULL ENABLE, 	"AGENT_ID" NUMBER(8,0) NOT NULL ENABLE, 	 CONSTRAINT "MISSIONS_AGENTS_PK" PRIMARY KEY ("MISSION_ID", "AGENT_ID")  USING INDEX PCTFREE 10 INITRANS 2 MAXTRANS 255   STORAGE(INITIAL 65536 NEXT 1048576 MINEXTENTS 1 MAXEXTENTS 2147483645  PCTINCREASE 0 FREELISTS 1 FREELIST GROUPS 1 BUFFER_POOL DEFAULT)  TABLESPACE "USERS"  ENABLE, 	 CONSTRAINT "MISSIONS_AGENTS_MISSIONS_FK1" FOREIGN KEY ("MISSION_ID")	  REFERENCES "MISSIONS" ("MISSION_ID") ENABLE, 	 CONSTRAINT "MISSIONS_AGENTS_AGENTS_FK1" FOREIGN KEY ("AGENT_ID")	  REFERENCES "AGENTS" ("AGENT_ID") ENABLE   ) PCTFREE 10 PCTUSED 40 INITRANS 1 MAXTRANS 255 NOCOMPRESS LOGGING  STORAGE(INITIAL 65536 NEXT 1048576 MINEXTENTS 1 MAXEXTENTS 2147483645  PCTINCREASE 0 FREELISTS 1 FREELIST GROUPS 1 BUFFER_POOL DEFAULT)  TABLESPACE "USERS"  ;

INSERT INTO LOCATIONS VALUES (1,'Chichester');
INSERT INTO LOCATIONS VALUES (2,'Manchester');
INSERT INTO LOCATIONS VALUES (3,'Rotherham');
INSERT INTO LOCATIONS VALUES (4,'Gloucester');
INSERT INTO LOCATIONS VALUES (5,'Stafford');
INSERT INTO LOCATIONS VALUES (6,'Liverpool');
INSERT INTO LOCATIONS VALUES (7,'Hull');
INSERT INTO LOCATIONS VALUES (8,'Windsor');
INSERT INTO LOCATIONS VALUES (9,'Poole');
INSERT INTO LOCATIONS VALUES (10,'Durham');
INSERT INTO LOCATIONS VALUES (11,'Doncaster');
INSERT INTO LOCATIONS VALUES (12,'Battle');
INSERT INTO LOCATIONS VALUES (13,'Dover');
INSERT INTO LOCATIONS VALUES (14,'Oxford');
INSERT INTO LOCATIONS VALUES (15,'Hertford');
INSERT INTO LOCATIONS VALUES (16,'Bournemouth');
INSERT INTO LOCATIONS VALUES (17,'Colchester');
INSERT INTO LOCATIONS VALUES (18,'Birmingham');
INSERT INTO LOCATIONS VALUES (19,'Derby');
INSERT INTO LOCATIONS VALUES (20,'Winchester');
INSERT INTO LOCATIONS VALUES (21,'Plymouth');
INSERT INTO LOCATIONS VALUES (22,'Bath');
INSERT INTO LOCATIONS VALUES (23,'Preston');
INSERT INTO LOCATIONS VALUES (24,'Coventry');
INSERT INTO LOCATIONS VALUES (25,'Leeds');
INSERT INTO LOCATIONS VALUES (26,'Southampton');
INSERT INTO LOCATIONS VALUES (27,'Brighton');
INSERT INTO LOCATIONS VALUES (28,'Lincoln');
INSERT INTO LOCATIONS VALUES (29,'Portsmouth');
INSERT INTO LOCATIONS VALUES (30,'Leicester');
INSERT INTO LOCATIONS VALUES (31,'Cambridge');
INSERT INTO LOCATIONS VALUES (32,'Scarborough');
INSERT INTO LOCATIONS VALUES (33,'Avebury');
INSERT INTO LOCATIONS VALUES (34,'Norwich');
INSERT INTO LOCATIONS VALUES (35,'Peterborough');
INSERT INTO LOCATIONS VALUES (36,'Reading');
INSERT INTO LOCATIONS VALUES (37,'Brinsdale');
INSERT INTO LOCATIONS VALUES (38,'Burnham');
INSERT INTO LOCATIONS VALUES (39,'Guildford');
INSERT INTO LOCATIONS VALUES (40,'Ipswich');
INSERT INTO LOCATIONS VALUES (41,'Stoke');
INSERT INTO LOCATIONS VALUES (42,'Luton');
INSERT INTO LOCATIONS VALUES (43,'York');

INSERT INTO targets VALUES (1,'Atwater','Fulke',16,SYSDATE - 18609);
INSERT INTO targets VALUES (2,'Cleveland','McKinnon',39,SYSDATE - 18342);
INSERT INTO targets VALUES (3,'Harman','Colbern',12,SYSDATE - 24557);
INSERT INTO targets VALUES (4,'Huxley','Shelley',21,SYSDATE - 20354);
INSERT INTO targets VALUES (5,'Dunstan','Conor',41,SYSDATE - 19769);
INSERT INTO targets VALUES (6,'Sheldon','Norton',8,SYSDATE - 18132);
INSERT INTO targets VALUES (7,'Kenneth','Dunlop',23,SYSDATE - 17029);
INSERT INTO targets VALUES (8,'Wilton','Erskine',3,SYSDATE - 26329);
INSERT INTO targets VALUES (9,'Clifford','Herbert',1,SYSDATE - 8821);
INSERT INTO targets VALUES (10,'Channing','Polk',12,SYSDATE - 24902);
INSERT INTO targets VALUES (11,'Newton','Manser',17,SYSDATE - 11961);
INSERT INTO targets VALUES (12,'Velvet','Shrewsbury',8,SYSDATE - 21194);
INSERT INTO targets VALUES (13,'Ehner','Moxley',40,SYSDATE - 9217);
INSERT INTO targets VALUES (14,'Wilkie','Emma',20,SYSDATE - 9036);
INSERT INTO targets VALUES (15,'Carson','Griffin',35,SYSDATE - 27759);
INSERT INTO targets VALUES (16,'Randie','Pierpont',31,SYSDATE - 23104);
INSERT INTO targets VALUES (17,'Merry','Parnell',21,SYSDATE - 21096);
INSERT INTO targets VALUES (18,'Chal','Osterhoudt',8,SYSDATE - 21699);
INSERT INTO targets VALUES (19,'Sykes','Baum',31,SYSDATE - 12897);
INSERT INTO targets VALUES (20,'Wilona','Affleck',22,SYSDATE - 10269);
INSERT INTO targets VALUES (21,'Chetwin','Hoogaboom',40,SYSDATE - 6735);
INSERT INTO targets VALUES (22,'Warwick','Safford',1,SYSDATE - 26137);
INSERT INTO targets VALUES (23,'Winton','Frame',23,SYSDATE - 9279);
INSERT INTO targets VALUES (24,'Blake','Dutton',31,SYSDATE - 26860);
INSERT INTO targets VALUES (25,'Salter','Dixie',33,SYSDATE - 21109);
INSERT INTO targets VALUES (26,'Billie','Beckett',12,SYSDATE - 19967);
INSERT INTO targets VALUES (27,'Jonesy','Kent',37,SYSDATE - 20371);
INSERT INTO targets VALUES (28,'Trey','Astor',27,SYSDATE - 19132);
INSERT INTO targets VALUES (29,'Gladstone','Cobern',17,SYSDATE - 12059);
INSERT INTO targets VALUES (30,'Farrah','Playfair',19,SYSDATE - 23695);
INSERT INTO targets VALUES (31,'Norville','Duppa',43,SYSDATE - 16373);
INSERT INTO targets VALUES (32,'Upshaw','Friskin',5,SYSDATE - 16138);
INSERT INTO targets VALUES (33,'Rylie','Dale',31,SYSDATE - 12753);
INSERT INTO targets VALUES (34,'Yedda','Sylvester',32,SYSDATE - 14045);
INSERT INTO targets VALUES (35,'Sherlock','Alice',15,SYSDATE - 11495);
INSERT INTO targets VALUES (36,'Unity','Goldsmith',9,SYSDATE - 15464);
INSERT INTO targets VALUES (37,'Garwood','Crayford',14,SYSDATE - 16130);
INSERT INTO targets VALUES (38,'Amberjill','Adolph',15,SYSDATE - 21010);
INSERT INTO targets VALUES (39,'Melrose','Fane',39,SYSDATE - 26260);
INSERT INTO targets VALUES (40,'Sharman','Poindexter',31,SYSDATE - 21925);
INSERT INTO targets VALUES (41,'Stiles','Bushwell',34,SYSDATE - 15139);
INSERT INTO targets VALUES (42,'Sandon','Rue',29,SYSDATE - 18576);
INSERT INTO targets VALUES (43,'Wolf','Buckhout',12,SYSDATE - 22301);
INSERT INTO targets VALUES (44,'Esmond','Clinton',16,SYSDATE - 21737);
INSERT INTO targets VALUES (45,'Barse','Leicester',14,SYSDATE - 9830);
INSERT INTO targets VALUES (46,'Ambler','Fothergill',30,SYSDATE - 11081);
INSERT INTO targets VALUES (47,'Hamlet','Shute',5,SYSDATE - 7992);
INSERT INTO targets VALUES (48,'Lawley','Egan',4,SYSDATE - 14725);
INSERT INTO targets VALUES (49,'Breton','Broome',6,SYSDATE - 24205);
INSERT INTO targets VALUES (50,'Ravinger','Colvin',2,SYSDATE - 27191);
INSERT INTO targets VALUES (51,'Burley','Doran',9,SYSDATE - 7952);
INSERT INTO targets VALUES (52,'Whitcombe','Brooks',3,SYSDATE - 20975);
INSERT INTO targets VALUES (53,'Devon','Medcaf',3,SYSDATE - 27710);
INSERT INTO targets VALUES (54,'Radcliff','Tillinghast',2,SYSDATE - 16572);
INSERT INTO targets VALUES (55,'Kenrich','Ashford',21,SYSDATE - 19560);
INSERT INTO targets VALUES (56,'Warley','Kemyss',32,SYSDATE - 23393);
INSERT INTO targets VALUES (57,'Sandy','Stocking',37,SYSDATE - 23353);
INSERT INTO targets VALUES (58,'Arley','Larkins',4,SYSDATE - 17039);
INSERT INTO targets VALUES (59,'Shelton','Burbeck',12,SYSDATE - 22797);
INSERT INTO targets VALUES (60,'Santon','Follet',39,SYSDATE - 17707);
INSERT INTO targets VALUES (61,'Abigail','Burden',36,SYSDATE - 24455);
INSERT INTO targets VALUES (62,'Ormond','Breese',20,SYSDATE - 21452);
INSERT INTO targets VALUES (63,'Halse','Rowle',21,SYSDATE - 18626);
INSERT INTO targets VALUES (64,'Morrison','Godfrey',3,SYSDATE - 26860);
INSERT INTO targets VALUES (65,'Lander','Falkland',21,SYSDATE - 26690);
INSERT INTO targets VALUES (66,'Harcourt','Brandreth',25,SYSDATE - 21109);
INSERT INTO targets VALUES (67,'Sanders','Woodward',13,SYSDATE - 10221);
INSERT INTO targets VALUES (68,'Wheaton','Bonar',37,SYSDATE - 24234);
INSERT INTO targets VALUES (69,'Beacher','Hatch',12,SYSDATE - 12106);
INSERT INTO targets VALUES (70,'Tina','Cox',20,SYSDATE - 7669);
INSERT INTO targets VALUES (71,'Blossom','Ollendorff',8,SYSDATE - 26395);
INSERT INTO targets VALUES (72,'Steele','Carteret',32,SYSDATE - 27298);
INSERT INTO targets VALUES (73,'Hyatt','Auchmuty',33,SYSDATE - 14547);
INSERT INTO targets VALUES (74,'Aspen','Dauby',23,SYSDATE - 15570);
INSERT INTO targets VALUES (75,'Kelsey','Stalker',17,SYSDATE - 27665);
INSERT INTO targets VALUES (76,'Easter','Orr',43,SYSDATE - 27841);
INSERT INTO targets VALUES (77,'Dixon','Lonsdale',27,SYSDATE - 7961);
INSERT INTO targets VALUES (78,'Amsden','Rian',17,SYSDATE - 8424);
INSERT INTO targets VALUES (79,'Vian','Mochrie',19,SYSDATE - 18080);
INSERT INTO targets VALUES (80,'Colby','Bixby',20,SYSDATE - 7460);
INSERT INTO targets VALUES (81,'Essex','Fleming',28,SYSDATE - 14232);
INSERT INTO targets VALUES (82,'Waverley','Durden',32,SYSDATE - 21210);
INSERT INTO targets VALUES (83,'Jamison','Houghtailing',1,SYSDATE - 13589);
INSERT INTO targets VALUES (84,'Irwin','Meyeul',16,SYSDATE - 21544);
INSERT INTO targets VALUES (85,'Bernia','Baits',15,SYSDATE - 16464);
INSERT INTO targets VALUES (86,'Sabrina','Rice',20,SYSDATE - 8720);
INSERT INTO targets VALUES (87,'Chad','Sunderland',38,SYSDATE - 17840);
INSERT INTO targets VALUES (88,'Layton','Ricketts',43,SYSDATE - 19104);
INSERT INTO targets VALUES (89,'Wells','Georgina',16,SYSDATE - 24072);
INSERT INTO targets VALUES (90,'Ludella','Ackart',39,SYSDATE - 26126);
INSERT INTO targets VALUES (91,'Pepper','Dennis',8,SYSDATE - 18739);
INSERT INTO targets VALUES (92,'Halstead','Rochester',12,SYSDATE - 13932);
INSERT INTO targets VALUES (93,'Stanton','Belvidere',8,SYSDATE - 15203);
INSERT INTO targets VALUES (94,'Archer','Bing',26,SYSDATE - 24973);
INSERT INTO targets VALUES (95,'Weldon','Borrail',29,SYSDATE - 19480);
INSERT INTO targets VALUES (96,'Stratton','Bunnell',17,SYSDATE - 8298);
INSERT INTO targets VALUES (97,'Harold','Ferris',38,SYSDATE - 22922);
INSERT INTO targets VALUES (98,'Emmet','Burgos',42,SYSDATE - 10218);
INSERT INTO targets VALUES (99,'Bromley','Colver',27,SYSDATE - 19253);
INSERT INTO targets VALUES (100,'Nickson','Gordon',27,SYSDATE - 25269);
INSERT INTO targets VALUES (101,'Swinford','Loudoun',42,SYSDATE - 6724);
INSERT INTO targets VALUES (102,'Cleve','Jewell',35,SYSDATE - 11197);
INSERT INTO targets VALUES (103,'Twain','Eccles',8,SYSDATE - 27614);
INSERT INTO targets VALUES (104,'Kenrick','Guelph',38,SYSDATE - 23158);
INSERT INTO targets VALUES (105,'Marigold','Nairne',28,SYSDATE - 11023);
INSERT INTO targets VALUES (106,'Bing','Cadwell',24,SYSDATE - 12655);
INSERT INTO targets VALUES (107,'Donald','Arthur',40,SYSDATE - 7696);
INSERT INTO targets VALUES (108,'Waylen','Dinsmor',15,SYSDATE - 17733);
INSERT INTO targets VALUES (109,'Hall','Duff',28,SYSDATE - 9306);
INSERT INTO targets VALUES (110,'Christopher','Abendroth',14,SYSDATE - 20513);
INSERT INTO targets VALUES (111,'Carlee','Aston',11,SYSDATE - 23748);
INSERT INTO targets VALUES (112,'Earl','Edward',38,SYSDATE - 11157);
INSERT INTO targets VALUES (113,'Marsh','Gifford',22,SYSDATE - 11901);
INSERT INTO targets VALUES (114,'Dryden','Ide',22,SYSDATE - 16455);
INSERT INTO targets VALUES (115,'Morley','Clute',39,SYSDATE - 7536);
INSERT INTO targets VALUES (116,'Macon','Dauche',31,SYSDATE - 14790);
INSERT INTO targets VALUES (117,'Whittaker','Hotham',28,SYSDATE - 16057);
INSERT INTO targets VALUES (118,'Anscom','Thomas',11,SYSDATE - 21671);
INSERT INTO targets VALUES (119,'Claiborne','Teddington',38,SYSDATE - 11921);
INSERT INTO targets VALUES (120,'Cameron','Huntley',29,SYSDATE - 13175);
INSERT INTO targets VALUES (121,'Thatcher','True',41,SYSDATE - 13526);
INSERT INTO targets VALUES (122,'Melburn','Skene',36,SYSDATE - 11570);
INSERT INTO targets VALUES (123,'Thurlow','Cogswell',35,SYSDATE - 6777);
INSERT INTO targets VALUES (124,'Houghton','Beaumont',43,SYSDATE - 23558);
INSERT INTO targets VALUES (125,'Milbourn','Bodine',21,SYSDATE - 21773);
INSERT INTO targets VALUES (126,'Howard','Filo',36,SYSDATE - 25620);
INSERT INTO targets VALUES (127,'Tab','Romanno',2,SYSDATE - 23774);
INSERT INTO targets VALUES (128,'Beval','Loughlin',23,SYSDATE - 15302);
INSERT INTO targets VALUES (129,'Nixon','Horatio',18,SYSDATE - 26252);
INSERT INTO targets VALUES (130,'Godwin','Rousseau',43,SYSDATE - 21381);
INSERT INTO targets VALUES (131,'Welcome','Champlin',13,SYSDATE - 27337);
INSERT INTO targets VALUES (132,'Palmer','Payne',17,SYSDATE - 25921);
INSERT INTO targets VALUES (133,'Ransford','Sanxay',13,SYSDATE - 6840);
INSERT INTO targets VALUES (134,'Ewart','Bevan',21,SYSDATE - 18784);
INSERT INTO targets VALUES (135,'Whitley','Cass',19,SYSDATE - 11415);
INSERT INTO targets VALUES (136,'Osborn','Gilroy',21,SYSDATE - 17755);
INSERT INTO targets VALUES (137,'Edith','Flint',12,SYSDATE - 9464);
INSERT INTO targets VALUES (138,'Rosie','Massenger',15,SYSDATE - 12231);
INSERT INTO targets VALUES (139,'Elsdon','Maddock',34,SYSDATE - 13400);
INSERT INTO targets VALUES (140,'Edward','Kelso',8,SYSDATE - 7843);
INSERT INTO targets VALUES (141,'Jane','Isham',4,SYSDATE - 9944);
INSERT INTO targets VALUES (142,'Beverly','Wetherby',29,SYSDATE - 24035);
INSERT INTO targets VALUES (143,'Merrick','Ursula',40,SYSDATE - 14384);
INSERT INTO targets VALUES (144,'Rayburn','Kilburne',18,SYSDATE - 23670);
INSERT INTO targets VALUES (145,'Wynston','Coggeshall',33,SYSDATE - 27641);
INSERT INTO targets VALUES (146,'Free','Faden',40,SYSDATE - 20425);
INSERT INTO targets VALUES (147,'Smedley','Holden',8,SYSDATE - 24725);
INSERT INTO targets VALUES (148,'Wainwright','Clum',16,SYSDATE - 23239);
INSERT INTO targets VALUES (149,'Rhodes','Grimsby',2,SYSDATE - 17242);
INSERT INTO targets VALUES (150,'Hudson','Flaherty',28,SYSDATE - 12338);
INSERT INTO targets VALUES (151,'Seward','Jenkins',19,SYSDATE - 22647);
INSERT INTO targets VALUES (152,'Richman','Bannister',13,SYSDATE - 22278);
INSERT INTO targets VALUES (153,'Cobden','Segur',31,SYSDATE - 10642);
INSERT INTO targets VALUES (154,'Erwin','Filley',13,SYSDATE - 17645);
INSERT INTO targets VALUES (155,'Wilfred','Armstrong',4,SYSDATE - 19444);
INSERT INTO targets VALUES (156,'Forbes','Bannerman',42,SYSDATE - 14053);
INSERT INTO targets VALUES (157,'Somerset','Gillespie',34,SYSDATE - 26028);
INSERT INTO targets VALUES (158,'Wesley','Hubbard',34,SYSDATE - 18349);
INSERT INTO targets VALUES (159,'Milburn','Agrippa',24,SYSDATE - 18900);
INSERT INTO targets VALUES (160,'Atworth','Wickliff',35,SYSDATE - 24783);
INSERT INTO targets VALUES (161,'Eland','Kerr',20,SYSDATE - 6875);
INSERT INTO targets VALUES (162,'Langley','Knapp',32,SYSDATE - 10837);
INSERT INTO targets VALUES (163,'Corin','Tudor',42,SYSDATE - 24827);
INSERT INTO targets VALUES (164,'Bethshaya','Barclay',35,SYSDATE - 18626);
INSERT INTO targets VALUES (165,'Eton','Stover',16,SYSDATE - 21347);
INSERT INTO targets VALUES (166,'Oscar','Shuckburgh',16,SYSDATE - 21319);
INSERT INTO targets VALUES (167,'Emma','Dorr',20,SYSDATE - 20797);
INSERT INTO targets VALUES (168,'Everet','Pringle',37,SYSDATE - 22741);
INSERT INTO targets VALUES (169,'Philberta','Pell',4,SYSDATE - 13259);
INSERT INTO targets VALUES (170,'Gage','Poulton',23,SYSDATE - 16037);
INSERT INTO targets VALUES (171,'Bliss','Ripley',25,SYSDATE - 12862);
INSERT INTO targets VALUES (172,'Parkin','Spencer',25,SYSDATE - 26646);
INSERT INTO targets VALUES (173,'Holt','Geddes',11,SYSDATE - 18838);
INSERT INTO targets VALUES (174,'Eddie','Bennett',1,SYSDATE - 20030);
INSERT INTO targets VALUES (175,'Bosworth','Eugenia',6,SYSDATE - 13752);
INSERT INTO targets VALUES (176,'Farnley','McIldouney',13,SYSDATE - 24228);
INSERT INTO targets VALUES (177,'Tawnie','Gilmour',20,SYSDATE - 22799);
INSERT INTO targets VALUES (178,'Farnell','Brome',7,SYSDATE - 25080);
INSERT INTO targets VALUES (179,'Leland','Buckminster',21,SYSDATE - 9743);
INSERT INTO targets VALUES (180,'Haslett','Steele',34,SYSDATE - 15827);
INSERT INTO targets VALUES (181,'Kismet','Buckley',5,SYSDATE - 9241);
INSERT INTO targets VALUES (182,'Ansley','Goodrich',18,SYSDATE - 24725);
INSERT INTO targets VALUES (183,'Merivale','Burby',40,SYSDATE - 15147);
INSERT INTO targets VALUES (184,'Edbert','Abernethy',27,SYSDATE - 26810);
INSERT INTO targets VALUES (185,'Lawson','Farrar',11,SYSDATE - 9405);
INSERT INTO targets VALUES (186,'Keyon','Elton',2,SYSDATE - 24880);
INSERT INTO targets VALUES (187,'Hiatt','Allan',31,SYSDATE - 25516);
INSERT INTO targets VALUES (188,'Aubree','Harcourt',24,SYSDATE - 21220);
INSERT INTO targets VALUES (189,'Norwell','Smith',31,SYSDATE - 11739);
INSERT INTO targets VALUES (190,'Courtland','Felch',34,SYSDATE - 17634);
INSERT INTO targets VALUES (191,'Marvin','Crosswell',36,SYSDATE - 20531);
INSERT INTO targets VALUES (192,'Waverly','Cann',20,SYSDATE - 7202);
INSERT INTO targets VALUES (193,'Forrester','Huckstep',6,SYSDATE - 27465);
INSERT INTO targets VALUES (194,'Elmira','Bain',24,SYSDATE - 26586);
INSERT INTO targets VALUES (195,'Harford','Crandell',40,SYSDATE - 20466);
INSERT INTO targets VALUES (196,'Warren','Oliver',35,SYSDATE - 7268);
INSERT INTO targets VALUES (197,'Annice','Dumfries',17,SYSDATE - 17679);
INSERT INTO targets VALUES (198,'Merrill','Glanville',8,SYSDATE - 25287);
INSERT INTO targets VALUES (199,'Garrick','Colwell',26,SYSDATE - 18770);
INSERT INTO targets VALUES (200,'Gresham','Hodgekins',3,SYSDATE - 12874);
INSERT INTO targets VALUES (201,'Parker','Dillingham',39,SYSDATE - 27263);
INSERT INTO targets VALUES (202,'Geary','Aberdene',40,SYSDATE - 24246);
INSERT INTO targets VALUES (203,'Randell','Driscol',9,SYSDATE - 22501);
INSERT INTO targets VALUES (204,'Haywood','Aldridge',16,SYSDATE - 7691);
INSERT INTO targets VALUES (205,'Mala','Crittenden',26,SYSDATE - 21066);
INSERT INTO targets VALUES (206,'Swain','Geffrey',7,SYSDATE - 20191);
INSERT INTO targets VALUES (207,'Lowell','Call',31,SYSDATE - 9892);
INSERT INTO targets VALUES (208,'Scarlet','Lobdale',21,SYSDATE - 15290);
INSERT INTO targets VALUES (209,'Brown','McGinnis',1,SYSDATE - 27091);
INSERT INTO targets VALUES (210,'Rudd','Costar',35,SYSDATE - 23453);
INSERT INTO targets VALUES (211,'Tripp','Antoinette',13,SYSDATE - 19476);
INSERT INTO targets VALUES (212,'Kenley','Ormsby',2,SYSDATE - 12390);
INSERT INTO targets VALUES (213,'Bond','Ouseley',20,SYSDATE - 14369);
INSERT INTO targets VALUES (214,'Ransley','Campbell',35,SYSDATE - 21340);
INSERT INTO targets VALUES (215,'Ronson','Dimock',11,SYSDATE - 7874);
INSERT INTO targets VALUES (216,'Marley','Bigler',42,SYSDATE - 8710);
INSERT INTO targets VALUES (217,'Alston','Roby',28,SYSDATE - 16850);
INSERT INTO targets VALUES (218,'Radnor','Wells',21,SYSDATE - 27273);
INSERT INTO targets VALUES (219,'Reynold','Neville',36,SYSDATE - 10083);
INSERT INTO targets VALUES (220,'Mander','Wiltshire',38,SYSDATE - 12586);
INSERT INTO targets VALUES (221,'Hartley','Jones',34,SYSDATE - 27488);
INSERT INTO targets VALUES (222,'Terrel','McLaughlin',19,SYSDATE - 14144);
INSERT INTO targets VALUES (223,'Ridgeway','Barney',39,SYSDATE - 15995);
INSERT INTO targets VALUES (224,'Dory','Bleeker',20,SYSDATE - 24995);
INSERT INTO targets VALUES (225,'Fenton','Rosamund',7,SYSDATE - 7741);
INSERT INTO targets VALUES (226,'Hearst','Chatsey',5,SYSDATE - 22962);
INSERT INTO targets VALUES (227,'Heathcote','Burg',33,SYSDATE - 20440);
INSERT INTO targets VALUES (228,'Lindon','Swane',35,SYSDATE - 17392);
INSERT INTO targets VALUES (229,'Berkeley','Bristol',37,SYSDATE - 12995);
INSERT INTO targets VALUES (230,'Orton','Scroggs',16,SYSDATE - 26941);
INSERT INTO targets VALUES (231,'Kimberley','Roof',2,SYSDATE - 10859);
INSERT INTO targets VALUES (232,'Ivy','Dearden',7,SYSDATE - 20400);
INSERT INTO targets VALUES (233,'Aldrich','Decker',20,SYSDATE - 23049);
INSERT INTO targets VALUES (234,'Perris','McCarthy',38,SYSDATE - 18395);
INSERT INTO targets VALUES (235,'Pearl','Broughton',37,SYSDATE - 6671);
INSERT INTO targets VALUES (236,'Irvette','Bowers',19,SYSDATE - 11268);
INSERT INTO targets VALUES (237,'Sinnett','Godolphin',22,SYSDATE - 11098);
INSERT INTO targets VALUES (238,'Sterling','Sebastian',22,SYSDATE - 17001);
INSERT INTO targets VALUES (239,'Morton','Virgo',9,SYSDATE - 19705);
INSERT INTO targets VALUES (240,'Kenelm','Galbraith',17,SYSDATE - 26700);
INSERT INTO targets VALUES (241,'Radcliffe','McKirnan',43,SYSDATE - 24393);
INSERT INTO targets VALUES (242,'Emerson','Alfred',33,SYSDATE - 10084);
INSERT INTO targets VALUES (243,'Medwin','Turnbull',16,SYSDATE - 21684);
INSERT INTO targets VALUES (244,'Orman','Hosford',32,SYSDATE - 21140);
INSERT INTO targets VALUES (245,'Crewe','Monger',8,SYSDATE - 20289);
INSERT INTO targets VALUES (246,'Faith','Chichester',27,SYSDATE - 21688);
INSERT INTO targets VALUES (247,'Maitland','Theobald',10,SYSDATE - 14624);
INSERT INTO targets VALUES (248,'Hayden','Nott',4,SYSDATE - 16212);
INSERT INTO targets VALUES (249,'Knox','Collins',8,SYSDATE - 10235);
INSERT INTO targets VALUES (250,'Bishop','Abbot',31,SYSDATE - 7143);
INSERT INTO targets VALUES (251,'Miller','Amherst',11,SYSDATE - 16916);
INSERT INTO targets VALUES (252,'Ena','Judd',6,SYSDATE - 14790);
INSERT INTO targets VALUES (253,'Rad','Schermerhorn',36,SYSDATE - 17906);
INSERT INTO targets VALUES (254,'Chadwick','Quigly',29,SYSDATE - 22994);
INSERT INTO targets VALUES (255,'Blaxland','Leonard',26,SYSDATE - 20773);
INSERT INTO targets VALUES (256,'Rowley','Hanson',1,SYSDATE - 13141);
INSERT INTO targets VALUES (257,'Maxey','Eytinge',18,SYSDATE - 11630);
INSERT INTO targets VALUES (258,'Twyla','Bateman',40,SYSDATE - 25398);
INSERT INTO targets VALUES (259,'Lark','Gliston',2,SYSDATE - 12826);
INSERT INTO targets VALUES (260,'Stanhope','Willis',16,SYSDATE - 25592);
INSERT INTO targets VALUES (261,'Roden','Evans',11,SYSDATE - 19907);
INSERT INTO targets VALUES (262,'Frith','Cuyler',20,SYSDATE - 13424);
INSERT INTO targets VALUES (263,'Unwin','Braine',22,SYSDATE - 22144);
INSERT INTO targets VALUES (264,'Sawyer','Moers',29,SYSDATE - 19327);
INSERT INTO targets VALUES (265,'Burke','Noyes',24,SYSDATE - 17298);
INSERT INTO targets VALUES (266,'Bailey','Andrew',38,SYSDATE - 14358);
INSERT INTO targets VALUES (267,'Brett','Wiswall',34,SYSDATE - 19686);
INSERT INTO targets VALUES (268,'Calder','Norman',22,SYSDATE - 20462);
INSERT INTO targets VALUES (269,'Cromwell','Wishart',8,SYSDATE - 9899);
INSERT INTO targets VALUES (270,'Quenna','Burr',37,SYSDATE - 23905);
INSERT INTO targets VALUES (271,'Rodwell','Colville',10,SYSDATE - 8079);
INSERT INTO targets VALUES (272,'Haralda','Raleigh',8,SYSDATE - 17459);
INSERT INTO targets VALUES (273,'Darnell','Gear',33,SYSDATE - 16318);
INSERT INTO targets VALUES (274,'Ashleigh','Brimmer',41,SYSDATE - 8406);
INSERT INTO targets VALUES (275,'Willow','Bostwick',37,SYSDATE - 22222);
INSERT INTO targets VALUES (276,'Aldred','Brentwood',37,SYSDATE - 24626);
INSERT INTO targets VALUES (277,'Oglesby','Dryden',42,SYSDATE - 25402);
INSERT INTO targets VALUES (278,'Marland','Burnham',35,SYSDATE - 9107);
INSERT INTO targets VALUES (279,'Bronson','Barstow',23,SYSDATE - 13493);
INSERT INTO targets VALUES (280,'Beccalynn','Hayward',10,SYSDATE - 18489);
INSERT INTO targets VALUES (281,'Vail','Dobson',20,SYSDATE - 7349);
INSERT INTO targets VALUES (282,'Ardley','Driver',7,SYSDATE - 23122);
INSERT INTO targets VALUES (283,'Wiley','Alan',11,SYSDATE - 23817);
INSERT INTO targets VALUES (284,'Reeve','Radcliff',34,SYSDATE - 9308);
INSERT INTO targets VALUES (285,'Lanny','Morice',23,SYSDATE - 26657);
INSERT INTO targets VALUES (286,'Reid','Tyson',9,SYSDATE - 8091);
INSERT INTO targets VALUES (287,'Pitt','Dalton',13,SYSDATE - 11101);
INSERT INTO targets VALUES (288,'Reading','Wheaton',26,SYSDATE - 17660);
INSERT INTO targets VALUES (289,'Newman','Gihon',28,SYSDATE - 22609);
INSERT INTO targets VALUES (290,'Halford','Summer',9,SYSDATE - 20417);
INSERT INTO targets VALUES (291,'Lang','Avery',1,SYSDATE - 22080);
INSERT INTO targets VALUES (292,'Manfield','Dirk',23,SYSDATE - 23597);
INSERT INTO targets VALUES (293,'Hylton','Brodt',27,SYSDATE - 19142);
INSERT INTO targets VALUES (294,'Rawson','Stanhope',5,SYSDATE - 12362);
INSERT INTO targets VALUES (295,'Dennison','Milne',21,SYSDATE - 15038);
INSERT INTO targets VALUES (296,'Denham','Ackerman',24,SYSDATE - 9040);
INSERT INTO targets VALUES (297,'Clinton','Athill',28,SYSDATE - 26282);
INSERT INTO targets VALUES (298,'Harper','Mead',6,SYSDATE - 12953);
INSERT INTO targets VALUES (299,'Gibson','Danvers',27,SYSDATE - 8446);
INSERT INTO targets VALUES (300,'Ogden','Gillett',19,SYSDATE - 22739);
INSERT INTO targets VALUES (301,'Tucker','Mar',6,SYSDATE - 22784);
INSERT INTO targets VALUES (302,'Marsden','Cory',38,SYSDATE - 13128);
INSERT INTO targets VALUES (303,'Hayley','Felton',22,SYSDATE - 27902);
INSERT INTO targets VALUES (304,'Winslow','Cromwell',30,SYSDATE - 19954);
INSERT INTO targets VALUES (305,'Risley','Shannon',2,SYSDATE - 26528);
INSERT INTO targets VALUES (306,'Wakeman','Ascall',37,SYSDATE - 17310);
INSERT INTO targets VALUES (307,'Trudy','Kiel',14,SYSDATE - 25241);
INSERT INTO targets VALUES (308,'Parry','Dole',21,SYSDATE - 14186);
INSERT INTO targets VALUES (309,'Granger','Neal',39,SYSDATE - 24985);
INSERT INTO targets VALUES (310,'Fenn','Gaston',41,SYSDATE - 15390);
INSERT INTO targets VALUES (311,'Erskine','William',30,SYSDATE - 7427);
INSERT INTO targets VALUES (312,'Bryson','Lilienthal',37,SYSDATE - 24285);
INSERT INTO targets VALUES (313,'Wilbur','Pendleton',34,SYSDATE - 12914);
INSERT INTO targets VALUES (314,'Baxter','Can',6,SYSDATE - 23374);
INSERT INTO targets VALUES (315,'Stratford','Seaton',2,SYSDATE - 17310);
INSERT INTO targets VALUES (316,'Harden','Gardener',42,SYSDATE - 27509);
INSERT INTO targets VALUES (317,'Thane','Artois',6,SYSDATE - 16899);
INSERT INTO targets VALUES (318,'Felton','Southwell',36,SYSDATE - 27362);
INSERT INTO targets VALUES (319,'Dalbert','Bridgman',16,SYSDATE - 12793);
INSERT INTO targets VALUES (320,'Litton','Bachelor',8,SYSDATE - 8506);
INSERT INTO targets VALUES (321,'Ackerley','Paxton',2,SYSDATE - 26138);
INSERT INTO targets VALUES (322,'Dugan','Durgy',39,SYSDATE - 23427);
INSERT INTO targets VALUES (323,'Parr','Bath',17,SYSDATE - 18061);
INSERT INTO targets VALUES (324,'Sutton','Hough',37,SYSDATE - 23088);
INSERT INTO targets VALUES (325,'Kingston','Weld',21,SYSDATE - 23792);
INSERT INTO targets VALUES (326,'Millard','Newbury',40,SYSDATE - 17566);
INSERT INTO targets VALUES (327,'Aldridge','Phelps',10,SYSDATE - 27952);
INSERT INTO targets VALUES (328,'Cuthbert','Chambers',4,SYSDATE - 17096);
INSERT INTO targets VALUES (329,'Rodman','Cary',14,SYSDATE - 25732);
INSERT INTO targets VALUES (330,'Brinley','Sherwood',26,SYSDATE - 20585);
INSERT INTO targets VALUES (331,'Dane','Aiton',11,SYSDATE - 8340);
INSERT INTO targets VALUES (332,'Shepherd','Sellenger',37,SYSDATE - 10733);

INSERT INTO MISSION_TYPES VALUES (1,'Interrogation');
INSERT INTO MISSION_TYPES VALUES (2,'Following');
INSERT INTO MISSION_TYPES VALUES (3,'Meeting');
INSERT INTO MISSION_TYPES VALUES (4,'Borrow');
INSERT INTO MISSION_TYPES VALUES (5,'Glean');
INSERT INTO MISSION_TYPES VALUES (6,'Surveillance');
INSERT INTO MISSION_TYPES VALUES (7,'Assassination');
INSERT INTO MISSION_TYPES VALUES (8,'Delivery');
INSERT INTO MISSION_TYPES VALUES (9,'Capture');
INSERT INTO MISSION_TYPES VALUES (10,'Ask');
INSERT INTO MISSION_TYPES VALUES (11,'Administration');

INSERT INTO ACCESS_COST VALUES (1,NULL,1,6.71);
INSERT INTO ACCESS_COST VALUES (2,2,3,6.76);
INSERT INTO ACCESS_COST VALUES (3,4,5,3.54);
INSERT INTO ACCESS_COST VALUES (4,6,NULL,5.36);

INSERT INTO agents VALUES (1,'Mitchell','Bard','bastille',1,SYSDATE - 23042,SYSDATE - 14441,NULL,34);
INSERT INTO agents VALUES (2,'Burne','Chesebrough','befooled',2,SYSDATE - 22156,SYSDATE - 10021,NULL,34);
INSERT INTO agents VALUES (3,'Walden','Abijah','callant',5,SYSDATE - 27303,SYSDATE - 14852,NULL,9);
INSERT INTO agents VALUES (4,'Brent','Lippencot','comeliness',2,SYSDATE - 14526,SYSDATE - 3346,NULL,16);
INSERT INTO agents VALUES (5,'Loveday','Trelawney','dipsomania',2,SYSDATE - 9313,SYSDATE - 2263,NULL,19);
INSERT INTO agents VALUES (6,'Verity','Belden','dreamer',4,SYSDATE - 21491,SYSDATE - 6424,NULL,17);
INSERT INTO agents VALUES (7,'Sherman','Frothingham','haberdasher',2,SYSDATE - 19929,SYSDATE - 11311,NULL,21);
INSERT INTO agents VALUES (8,'Sherwood','Pellyn','householder',6,SYSDATE - 10875,SYSDATE - 1348,NULL,43);
INSERT INTO agents VALUES (9,'Stert','Mannus','involved',5,SYSDATE - 27716,SYSDATE - 1326,NULL,31);
INSERT INTO agents VALUES (10,'Heather','Coldicot','lordling',6,SYSDATE - 26582,SYSDATE - 10313,NULL,28);
INSERT INTO agents VALUES (11,'Wakefield','Hartwell','prame',4,SYSDATE - 20805,SYSDATE - 12288,NULL,18);
INSERT INTO agents VALUES (12,'Tranter','Toucey','profluent',3,SYSDATE - 11792,SYSDATE - 4510,NULL,18);
INSERT INTO agents VALUES (13,'James','Lucretia','questionist',5,SYSDATE - 17935,SYSDATE - 2575,SYSDATE - 1684,35);
INSERT INTO agents VALUES (14,'Makepeace','Larry','reconvert',1,SYSDATE - 11293,SYSDATE - 3709,SYSDATE - 2505,19);
INSERT INTO agents VALUES (15,'Presley','Dalrymple','skirtdance',5,SYSDATE - 18706,SYSDATE - 4916,SYSDATE - 4748,22);
INSERT INTO agents VALUES (16,'Ned','Killin','submissiveness',3,SYSDATE - 10393,SYSDATE - 1034,NULL,16);
INSERT INTO agents VALUES (17,'Saunders','Buel','trifoliate',6,SYSDATE - 27906,SYSDATE - 1762,NULL,23);
INSERT INTO agents VALUES (18,'Randolph','Baron','unattracted',4,SYSDATE - 16390,SYSDATE - 981,NULL,17);
INSERT INTO agents VALUES (19,'Woodward','Kennan','unshapely',2,SYSDATE - 23770,SYSDATE - 16772,NULL,18);
INSERT INTO agents VALUES (20,'Washington','Beauchamp','accomplished',1,SYSDATE - 13723,SYSDATE - 6547,NULL,41);
INSERT INTO agents VALUES (21,'Berkly','Wassen','aligned',1,SYSDATE - 22479,SYSDATE - 11415,NULL,39);
INSERT INTO agents VALUES (22,'Derwyn','Adolphus','allegiance',4,SYSDATE - 27954,SYSDATE - 20427,NULL,19);
INSERT INTO agents VALUES (23,'Ransom','Barron','archon',1,SYSDATE - 22857,SYSDATE - 6277,NULL,8);
INSERT INTO agents VALUES (24,'Booth','Dibin','dishonor',2,SYSDATE - 23475,SYSDATE - 16351,NULL,24);
INSERT INTO agents VALUES (25,'Linden','Brisbin','foeman',4,SYSDATE - 7008,SYSDATE - 206,NULL,39);
INSERT INTO agents VALUES (26,'Kennard','Greely','fullfed',1,SYSDATE - 24545,SYSDATE - 11877,SYSDATE - 1929,30);
INSERT INTO agents VALUES (27,'Denver','Kilgour','grandee',5,SYSDATE - 27342,SYSDATE - 6865,NULL,23);
INSERT INTO agents VALUES (28,'Ashley','Alvord','granted',2,SYSDATE - 10008,SYSDATE - 1958,NULL,31);
INSERT INTO agents VALUES (29,'Adney','Vaughan','homely',2,SYSDATE - 16270,SYSDATE - 3498,SYSDATE - 895,6);
INSERT INTO agents VALUES (30,'Neda','Clavering','jingo',4,SYSDATE - 8053,SYSDATE - 1219,NULL,13);
INSERT INTO agents VALUES (31,'Walpole','Arundel','lubricous',4,SYSDATE - 18947,SYSDATE - 7256,NULL,4);
INSERT INTO agents VALUES (32,'Hugh','Bewley','megaera',4,SYSDATE - 11194,SYSDATE - 3861,NULL,20);
INSERT INTO agents VALUES (33,'Darton','Blauvelt','merited',3,SYSDATE - 26329,SYSDATE - 5951,SYSDATE - 2798,6);
INSERT INTO agents VALUES (34,'Roydon','Akeman','superaddition',2,SYSDATE - 22701,SYSDATE - 1686,NULL,40);
INSERT INTO agents VALUES (35,'Nara','Beverly','transversely',1,SYSDATE - 27292,SYSDATE - 10495,NULL,28);
INSERT INTO agents VALUES (36,'Salisbury','Innis','trepang',5,SYSDATE - 18831,SYSDATE - 7623,NULL,11);
INSERT INTO agents VALUES (37,'Durham','Grace','uncompressed',1,SYSDATE - 7334,SYSDATE - 674,NULL,4);
INSERT INTO agents VALUES (38,'Yardley','Gillman','trotter',6,SYSDATE - 14720,SYSDATE - 6827,NULL,19);
INSERT INTO agents VALUES (39,'Vane','Jasper','audibility',5,SYSDATE - 18370,SYSDATE - 6530,SYSDATE - 3190,11);
INSERT INTO agents VALUES (40,'Hazel','Bristow','cautelous',3,SYSDATE - 24408,SYSDATE - 9649,SYSDATE - 4626,35);
INSERT INTO agents VALUES (41,'Jarman','Wickham','confluxible',2,SYSDATE - 19500,SYSDATE - 7385,SYSDATE - 6837,33);
INSERT INTO agents VALUES (42,'Garman','Bryant','discover',5,SYSDATE - 12479,SYSDATE - 835,NULL,43);
INSERT INTO agents VALUES (43,'Alden','Anstruther','dispeople',5,SYSDATE - 20456,SYSDATE - 12509,NULL,3);
INSERT INTO agents VALUES (44,'Atherol','Cudney','dissatisfy',6,SYSDATE - 26261,SYSDATE - 12999,SYSDATE - 3228,7);
INSERT INTO agents VALUES (45,'Edmond','Ostheim','herborist',1,SYSDATE - 22978,SYSDATE - 9765,NULL,4);
INSERT INTO agents VALUES (46,'Chatwin','Dag','inducement',6,SYSDATE - 13454,SYSDATE - 1946,NULL,1);
INSERT INTO agents VALUES (47,'Bowman','Wemyss','learning',2,SYSDATE - 10610,SYSDATE - 1748,SYSDATE - 1466,6);
INSERT INTO agents VALUES (48,'Dover','Pye','llama',1,SYSDATE - 20262,SYSDATE - 8604,SYSDATE - 1031,34);
INSERT INTO agents VALUES (49,'Burton','Diana','medicament',3,SYSDATE - 23980,SYSDATE - 2445,NULL,32);
INSERT INTO agents VALUES (50,'Bob','Fletcher','mishna',4,SYSDATE - 7850,SYSDATE - 937,NULL,17);
INSERT INTO agents VALUES (51,'Dwennon','Kettle','patagonian',2,SYSDATE - 22177,SYSDATE - 15437,NULL,6);
INSERT INTO agents VALUES (52,'Stamford','Henry','programme',1,SYSDATE - 15008,SYSDATE - 6764,NULL,26);
INSERT INTO agents VALUES (53,'Ives','Chapman','renitent',2,SYSDATE - 17283,SYSDATE - 9215,SYSDATE - 4169,30);
INSERT INTO agents VALUES (54,'Calhoun','Trevelyan','rubiform',2,SYSDATE - 20780,SYSDATE - 6635,SYSDATE - 2527,34);
INSERT INTO agents VALUES (55,'Stewart','McCullough','spermary',5,SYSDATE - 26284,SYSDATE - 864,NULL,38);
INSERT INTO agents VALUES (56,'Udolf','Badger','spirited',3,SYSDATE - 16103,SYSDATE - 6839,NULL,26);
INSERT INTO agents VALUES (57,'Pelton','Magoon','touched',4,SYSDATE - 25111,SYSDATE - 4752,NULL,18);
INSERT INTO agents VALUES (58,'Wyman','Blound','campaigner',1,SYSDATE - 27585,SYSDATE - 1050,NULL,23);
INSERT INTO agents VALUES (59,'Walker','Folger','cinematography',4,SYSDATE - 8881,SYSDATE - 2159,SYSDATE - 712,23);
INSERT INTO agents VALUES (60,'Standish','Marcellus','despumate',2,SYSDATE - 14292,SYSDATE - 6954,NULL,3);
INSERT INTO agents VALUES (61,'Luella','Edmund','fumbler',2,SYSDATE - 12616,SYSDATE - 803,NULL,43);
INSERT INTO agents VALUES (62,'Wilmer','Vandenhoff','kyles',2,SYSDATE - 25436,SYSDATE - 3203,NULL,24);
INSERT INTO agents VALUES (63,'Thormund','Thoms','lapidate',6,SYSDATE - 12050,SYSDATE - 586,NULL,11);
INSERT INTO agents VALUES (64,'Durriken','Gorman','lowering',2,SYSDATE - 8802,SYSDATE - 907,NULL,2);
INSERT INTO agents VALUES (65,'Compton','Willoughby','pillion',5,SYSDATE - 15865,SYSDATE - 6603,NULL,19);
INSERT INTO agents VALUES (66,'Harrison','Ferdinand','quilck',4,SYSDATE - 6576,SYSDATE - -6,NULL,39);
INSERT INTO agents VALUES (67,'Snowden','Shiel','redouble',2,SYSDATE - 18535,SYSDATE - 11477,NULL,28);
INSERT INTO agents VALUES (68,'Broderick','Reynold','relucent',3,SYSDATE - 21726,SYSDATE - 13628,NULL,6);
INSERT INTO agents VALUES (69,'Mervyn','Lanphear','romanist',3,SYSDATE - 14252,SYSDATE - 7255,NULL,43);
INSERT INTO agents VALUES (70,'Elgar','Brierly','sleeveless',5,SYSDATE - 13860,SYSDATE - 5878,SYSDATE - 2767,10);
INSERT INTO agents VALUES (71,'Guda','Briggs','tameless',2,SYSDATE - 22205,SYSDATE - 8385,SYSDATE - 3328,11);
INSERT INTO agents VALUES (72,'Carver','Bliss','tocology',6,SYSDATE - 19516,SYSDATE - 12192,NULL,17);
INSERT INTO agents VALUES (73,'Charleton','Trowbridge','triadelphous',3,SYSDATE - 18824,SYSDATE - 3694,NULL,36);
INSERT INTO agents VALUES (74,'Love','Ballard','unedifying',1,SYSDATE - 14385,SYSDATE - 5076,NULL,26);
INSERT INTO agents VALUES (75,'Venn','Tichbourne','aphonia',1,SYSDATE - 22187,SYSDATE - 8791,SYSDATE - 6481,34);
INSERT INTO agents VALUES (76,'Clifton','Champion','arnica',1,SYSDATE - 19881,SYSDATE - 8866,SYSDATE - 8,3);
INSERT INTO agents VALUES (77,'Farrell','Greer','balais',2,SYSDATE - 18425,SYSDATE - 2532,NULL,37);
INSERT INTO agents VALUES (78,'Salal','Sophronia','balmoral',6,SYSDATE - 27666,SYSDATE - 5113,NULL,31);
INSERT INTO agents VALUES (79,'Byng','Hayman','cellule',4,SYSDATE - 8834,SYSDATE - 199,NULL,17);
INSERT INTO agents VALUES (80,'Halifax','Buckston','chokefull',6,SYSDATE - 25928,SYSDATE - 3957,NULL,28);
INSERT INTO agents VALUES (81,'Spring','Caldwell','golconda',5,SYSDATE - 16265,SYSDATE - 3275,NULL,24);
INSERT INTO agents VALUES (82,'Dale','Bonner','heirs',2,SYSDATE - 10999,SYSDATE - 1047,NULL,41);
INSERT INTO agents VALUES (83,'Holmes','Taylor','isolation',2,SYSDATE - 25616,SYSDATE - 10715,NULL,20);
INSERT INTO agents VALUES (84,'Booker','Sherard','obliviousnedd',4,SYSDATE - 13872,SYSDATE - 3092,NULL,17);
INSERT INTO agents VALUES (85,'Leoma','Winchester','pseudonymy',2,SYSDATE - 8497,SYSDATE - 92,SYSDATE - 7,24);
INSERT INTO agents VALUES (86,'Queen','Mills','ritornello',4,SYSDATE - 13772,SYSDATE - 758,NULL,28);
INSERT INTO agents VALUES (87,'Oakley','Rundell','soniferous',4,SYSDATE - 27818,SYSDATE - 19895,NULL,29);
INSERT INTO agents VALUES (88,'Hume','Errick','tintamarre',2,SYSDATE - 23457,SYSDATE - 13441,SYSDATE - 4821,12);
INSERT INTO agents VALUES (89,'Warmund','McIntyre','trichotomous',3,SYSDATE - 19752,SYSDATE - 8270,NULL,15);
INSERT INTO agents VALUES (90,'Tuesday','Breckenridge','undesigned',6,SYSDATE - 13002,SYSDATE - 4224,NULL,36);
INSERT INTO agents VALUES (91,'Armstrong','Bangs','unearth',4,SYSDATE - 25063,SYSDATE - 9175,NULL,21);
INSERT INTO agents VALUES (92,'Honey','Hazard','unextended',3,SYSDATE - 21689,SYSDATE - 9448,NULL,11);
INSERT INTO agents VALUES (93,'Hargreave','Comeyn','untrammeled',5,SYSDATE - 11723,SYSDATE - 4113,NULL,16);
INSERT INTO agents VALUES (94,'Sedgewick','Litchfield','academical',3,SYSDATE - 9062,SYSDATE - 316,NULL,26);
INSERT INTO agents VALUES (95,'Baron','Jetter','after',3,SYSDATE - 24028,SYSDATE - 12971,NULL,8);
INSERT INTO agents VALUES (96,'Roldan','Chatham','almsman',1,SYSDATE - 9806,SYSDATE - 412,NULL,21);
INSERT INTO agents VALUES (97,'Kim','Halpen','battleax',2,SYSDATE - 20399,SYSDATE - 2109,SYSDATE - 583,13);
INSERT INTO agents VALUES (98,'Upton','Botolph','catenary',1,SYSDATE - 18699,SYSDATE - 7908,NULL,29);
INSERT INTO agents VALUES (99,'Derward','Knight','contemn',3,SYSDATE - 6705,SYSDATE - 105,NULL,5);
INSERT INTO agents VALUES (100,'Joanna','Oakham','darkly',1,SYSDATE - 19049,SYSDATE - 10746,NULL,27);
INSERT INTO agents VALUES (101,'Barnum','Sears','foretell',4,SYSDATE - 14317,SYSDATE - 5908,NULL,9);
INSERT INTO agents VALUES (102,'Eda','Bridget','houseless',6,SYSDATE - 21574,SYSDATE - 12364,NULL,29);
INSERT INTO agents VALUES (103,'Goddard','Coote','juggernath',3,SYSDATE - 23796,SYSDATE - 9206,NULL,5);
INSERT INTO agents VALUES (104,'Grantham','Fergus','lachrymals',5,SYSDATE - 15823,SYSDATE - 7066,NULL,15);
INSERT INTO agents VALUES (105,'Alvin','Durkee','lensman',6,SYSDATE - 18868,SYSDATE - 4931,NULL,36);
INSERT INTO agents VALUES (106,'Turner','Ross','lobbyist',3,SYSDATE - 15854,SYSDATE - 387,NULL,27);
INSERT INTO agents VALUES (107,'Burt','Bartholomew','pallium',5,SYSDATE - 12502,SYSDATE - 960,NULL,16);
INSERT INTO agents VALUES (108,'Gavin','Sigismund','pierglass',4,SYSDATE - 18322,SYSDATE - 2422,SYSDATE - 2098,27);
INSERT INTO agents VALUES (109,'Packard','Asgall','pinched',1,SYSDATE - 12048,SYSDATE - 1641,NULL,34);
INSERT INTO agents VALUES (110,'Rumford','Champlain','rhomb',3,SYSDATE - 10000,SYSDATE - 1487,NULL,26);
INSERT INTO agents VALUES (111,'Faine','Hubbell','roguery',1,SYSDATE - 16506,SYSDATE - 4010,NULL,40);
INSERT INTO agents VALUES (112,'Stockard','McBain','saucer',2,SYSDATE - 9347,SYSDATE - 1334,NULL,1);
INSERT INTO agents VALUES (113,'Leverton','Finney','beslaver',5,SYSDATE - 16345,SYSDATE - 85,NULL,15);
INSERT INTO agents VALUES (114,'Orson','Crowther','bilious',5,SYSDATE - 13204,SYSDATE - 5290,SYSDATE - 1860,35);
INSERT INTO agents VALUES (115,'Dickson','Dorlan','blurred',2,SYSDATE - 20315,SYSDATE - 984,NULL,19);
INSERT INTO agents VALUES (116,'Andrew','Denman','clepsydra',3,SYSDATE - 13925,SYSDATE - 402,NULL,37);
INSERT INTO agents VALUES (117,'Harlan','Geoffrey','copulation',3,SYSDATE - 26381,SYSDATE - 19283,NULL,13);
INSERT INTO agents VALUES (118,'Ordway','Scarborough','cubicle',5,SYSDATE - 23895,SYSDATE - 3637,NULL,29);
INSERT INTO agents VALUES (119,'Mitcham','Birnie','falsetto',2,SYSDATE - 19377,SYSDATE - 7549,NULL,31);
INSERT INTO agents VALUES (120,'Bersh','Musgrave','feminate',6,SYSDATE - 21315,SYSDATE - 12891,NULL,35);
INSERT INTO agents VALUES (121,'Lily','Beaufort','homoiousian',2,SYSDATE - 25485,SYSDATE - 4125,NULL,16);
INSERT INTO agents VALUES (122,'Royston','Delaflote','mortality',1,SYSDATE - 20748,SYSDATE - 13213,NULL,37);
INSERT INTO agents VALUES (123,'Daisy','Henrietta','predestination',2,SYSDATE - 16508,SYSDATE - 6286,NULL,40);
INSERT INTO agents VALUES (124,'Graeme','Haines','reservatory',5,SYSDATE - 27603,SYSDATE - 7016,SYSDATE - 1535,28);
INSERT INTO agents VALUES (125,'Acton','Wibert','sponsion',3,SYSDATE - 7804,SYSDATE - 939,NULL,11);
INSERT INTO agents VALUES (126,'Seeley','Athol','stirps',4,SYSDATE - 12030,SYSDATE - 1045,NULL,33);
INSERT INTO agents VALUES (127,'Coty','Colt','thermic',1,SYSDATE - 27506,SYSDATE - 17463,SYSDATE - 9420,28);
INSERT INTO agents VALUES (128,'Diamond','Filmore','traces',1,SYSDATE - 8312,SYSDATE - 555,NULL,25);
INSERT INTO agents VALUES (129,'Skye','Breck','unforgiving',4,SYSDATE - 14890,SYSDATE - 2377,SYSDATE - 1676,24);
INSERT INTO agents VALUES (130,'Hazlett','Molyneux','unpacified',1,SYSDATE - 16947,SYSDATE - 1814,SYSDATE - 664,38);
INSERT INTO agents VALUES (131,'Ava','Bullions','unwarned',4,SYSDATE - 19685,SYSDATE - 8271,NULL,28);
INSERT INTO agents VALUES (132,'Grayson','Lightfoot','adulator',6,SYSDATE - 18335,SYSDATE - 7821,NULL,7);
INSERT INTO agents VALUES (133,'Holman','Boyd','aerography',5,SYSDATE - 27465,SYSDATE - 20695,NULL,8);
INSERT INTO agents VALUES (134,'Fleta','Cheever','ambidextrousness',1,SYSDATE - 18565,SYSDATE - 1708,NULL,40);
INSERT INTO agents VALUES (135,'Charlton','Carden','boggart',6,SYSDATE - 9215,SYSDATE - 2157,NULL,42);
INSERT INTO agents VALUES (136,'Skelton','Marsh','bucephalus',3,SYSDATE - 27111,SYSDATE - 15019,NULL,39);
INSERT INTO agents VALUES (137,'Aswin','Wilbraham','cheep',5,SYSDATE - 7745,SYSDATE - 1019,NULL,3);
INSERT INTO agents VALUES (138,'Egbert','Biddulph','demirep',1,SYSDATE - 10985,SYSDATE - 240,NULL,43);
INSERT INTO agents VALUES (139,'Darthmouth','Huband','fullcharged',5,SYSDATE - 13566,SYSDATE - 5592,NULL,20);
INSERT INTO agents VALUES (140,'Madison','Kirkpatrick','fungosity',4,SYSDATE - 8806,SYSDATE - 2011,NULL,15);
INSERT INTO agents VALUES (141,'Edda','Keith','imperforate',4,SYSDATE - 21446,SYSDATE - 436,NULL,13);
INSERT INTO agents VALUES (142,'Landon','Cunningham','inexpressibles',1,SYSDATE - 26678,SYSDATE - 8007,NULL,7);
INSERT INTO agents VALUES (143,'Radborne','Witherington','justle',2,SYSDATE - 25902,SYSDATE - 3302,NULL,25);
INSERT INTO agents VALUES (144,'Brooke','Kirtland','lachrymation',1,SYSDATE - 9123,SYSDATE - 809,NULL,28);
INSERT INTO agents VALUES (145,'Salton','Vibbard','mangosteen',2,SYSDATE - 21885,SYSDATE - 317,NULL,17);
INSERT INTO agents VALUES (146,'Rockwell','Cam','pulsation',1,SYSDATE - 11988,SYSDATE - 4449,NULL,42);
INSERT INTO agents VALUES (147,'Sinnott','Penelope','reproduction',6,SYSDATE - 10977,SYSDATE - 4049,NULL,40);
INSERT INTO agents VALUES (148,'Newell','Marmaduke','stundist',1,SYSDATE - 9987,SYSDATE - 163,NULL,27);
INSERT INTO agents VALUES (149,'Carlton','Alcock','underbred',4,SYSDATE - 16806,SYSDATE - 2003,NULL,21);
INSERT INTO agents VALUES (150,'Cole','Garnet','undercurrents',6,SYSDATE - 7659,SYSDATE - 662,SYSDATE - 395,35);
INSERT INTO agents VALUES (151,'Corliss','Boynton','anaesthesia',1,SYSDATE - 22248,SYSDATE - 4862,NULL,28);
INSERT INTO agents VALUES (152,'Ashlynn','Moriarty','betimes',2,SYSDATE - 22769,SYSDATE - 7067,SYSDATE - 3156,12);
INSERT INTO agents VALUES (153,'Herst','Schoonhoven','chorography',4,SYSDATE - 18059,SYSDATE - 2854,NULL,29);
INSERT INTO agents VALUES (154,'Webster','Vanderheyden','cornetapistons',1,SYSDATE - 24103,SYSDATE - 5842,SYSDATE - 2333,21);
INSERT INTO agents VALUES (155,'Freeman','McCree','giltedged',1,SYSDATE - 23778,SYSDATE - 7076,SYSDATE - 2145,30);
INSERT INTO agents VALUES (156,'Drake','Kempster','haik',1,SYSDATE - 20359,SYSDATE - 7402,NULL,29);
INSERT INTO agents VALUES (157,'Ehnore','Toby','invented',4,SYSDATE - 6725,SYSDATE - 32,NULL,34);
INSERT INTO agents VALUES (158,'Courtney','Gavet','knowingly',1,SYSDATE - 27761,SYSDATE - 18978,NULL,9);
INSERT INTO agents VALUES (159,'Derwood','Pomeroy','lowlihood',6,SYSDATE - 23280,SYSDATE - 2350,NULL,37);
INSERT INTO agents VALUES (160,'Brook','Denis','muster',1,SYSDATE - 20778,SYSDATE - 1876,NULL,28);
INSERT INTO agents VALUES (161,'Ranald','Holman','rudera',1,SYSDATE - 6981,SYSDATE - 369,SYSDATE - 72,29);
INSERT INTO agents VALUES (162,'Ramsey','Seward','sesquipedalian',4,SYSDATE - 19407,SYSDATE - 12162,NULL,32);
INSERT INTO agents VALUES (163,'Berthilda','Darrell','slipperiness',4,SYSDATE - 20631,SYSDATE - 11626,NULL,7);
INSERT INTO agents VALUES (164,'Hope','Fortescue','startling',5,SYSDATE - 15355,SYSDATE - 2411,NULL,28);
INSERT INTO agents VALUES (165,'Dallin','Drummond','successiveness',3,SYSDATE - 26757,SYSDATE - 244,NULL,31);
INSERT INTO agents VALUES (166,'Stanfield','Venus','thunderstruck',2,SYSDATE - 11840,SYSDATE - 2484,NULL,39);
INSERT INTO agents VALUES (167,'Currier','Barhydt','unexcitable',1,SYSDATE - 14745,SYSDATE - 2952,SYSDATE - 2722,6);
INSERT INTO agents VALUES (168,'Axton','Sweyne','vaporer',1,SYSDATE - 14288,SYSDATE - 6915,NULL,16);
INSERT INTO agents VALUES (169,'Dale','Cooper','Muadib',5,SYSDATE - 17972,SYSDATE - 10699,NULL,1);

INSERT INTO missions VALUES (1,'tridental',5,10,SYSDATE - 8611,3);
INSERT INTO missions VALUES (2,'epagoge',24,3,SYSDATE - 3416,2);
INSERT INTO missions VALUES (3,'smasher',10,8,SYSDATE - 20568,3);
INSERT INTO missions VALUES (4,'conventicle',24,6,SYSDATE - 15908,0);
INSERT INTO missions VALUES (5,'opitulation',8,8,SYSDATE - 10802,0);
INSERT INTO missions VALUES (6,'unacknowledged',33,6,SYSDATE - 4146,0);
INSERT INTO missions VALUES (7,'benzoin',32,3,SYSDATE - 18083,0);
INSERT INTO missions VALUES (8,'vitalization',30,1,SYSDATE - 1375,6);
INSERT INTO missions VALUES (9,'Rumplestiltskin',40,9,SYSDATE - 13590,2);
INSERT INTO missions VALUES (10,'immerge',35,3,SYSDATE - 20623,3);
INSERT INTO missions VALUES (11,'shadowness',21,3,SYSDATE - 19654,4);
INSERT INTO missions VALUES (12,'assortment',11,3,SYSDATE - 19481,5);
INSERT INTO missions VALUES (13,'postponement',4,6,SYSDATE - 13084,1);
INSERT INTO missions VALUES (14,'dovecote',4,9,SYSDATE - 471,4);
INSERT INTO missions VALUES (15,'lammas',27,2,SYSDATE - 10076,5);
INSERT INTO missions VALUES (16,'panurgy',28,8,SYSDATE - 532,0);
INSERT INTO missions VALUES (17,'trinomial',32,1,SYSDATE - 1638,3);
INSERT INTO missions VALUES (18,'selfopinionated',14,7,SYSDATE - 16974,6);
INSERT INTO missions VALUES (19,'hippophagy',11,1,SYSDATE - 14209,6);
INSERT INTO missions VALUES (20,'brindled',28,3,SYSDATE - 562,6);
INSERT INTO missions VALUES (21,'prioress',17,7,SYSDATE - 1460,3);
INSERT INTO missions VALUES (22,'agacerie',32,3,SYSDATE - 2075,2);
INSERT INTO missions VALUES (23,'compactness',42,6,SYSDATE - 17616,2);
INSERT INTO missions VALUES (24,'painting',4,8,SYSDATE - 13623,6);
INSERT INTO missions VALUES (25,'puncheon',4,9,SYSDATE - 8531,4);
INSERT INTO missions VALUES (26,'benison',4,6,SYSDATE - 10973,0);
INSERT INTO missions VALUES (27,'tonguetied',40,5,SYSDATE - 20135,4);
INSERT INTO missions VALUES (28,'hyperbolical',35,6,SYSDATE - 6463,1);
INSERT INTO missions VALUES (29,'roentgenray',2,6,SYSDATE - 5773,3);
INSERT INTO missions VALUES (30,'m.p',39,2,SYSDATE - 9949,5);
INSERT INTO missions VALUES (31,'meekness',4,7,SYSDATE - 15996,3);
INSERT INTO missions VALUES (32,'deserter',24,10,SYSDATE - 4188,4);
INSERT INTO missions VALUES (33,'dudgeon',32,7,SYSDATE - 12684,0);
INSERT INTO missions VALUES (34,'poorly',7,4,SYSDATE - 18776,1);
INSERT INTO missions VALUES (35,'accoy',18,5,SYSDATE - 20567,4);
INSERT INTO missions VALUES (36,'theogony',3,5,SYSDATE - 8832,3);
INSERT INTO missions VALUES (37,'lincture',22,2,SYSDATE - 9087,6);
INSERT INTO missions VALUES (38,'prevalence',9,6,SYSDATE - 3577,5);
INSERT INTO missions VALUES (39,'seriousness',1,2,SYSDATE - 9860,0);
INSERT INTO missions VALUES (40,'noontide',37,4,SYSDATE - 4379,1);
INSERT INTO missions VALUES (41,'Lair Trip',7,6,SYSDATE - 756,1);
INSERT INTO missions VALUES (42,'amphibolous',28,9,SYSDATE - 9451,4);
INSERT INTO missions VALUES (43,'settlement',20,7,SYSDATE - 6927,5);
INSERT INTO missions VALUES (44,'Compass',22,3,SYSDATE - 6354,0);
INSERT INTO missions VALUES (45,'minature',6,1,SYSDATE - 12771,6);
INSERT INTO missions VALUES (46,'crassitude',20,2,SYSDATE - 1265,0);
INSERT INTO missions VALUES (47,'idoloclast',14,9,SYSDATE - 5059,0);
INSERT INTO missions VALUES (48,'finally',35,9,SYSDATE - 5312,0);
INSERT INTO missions VALUES (49,'opinionative',21,9,SYSDATE - 19243,1);
INSERT INTO missions VALUES (50,'submonition',16,10,SYSDATE - 15966,4);
INSERT INTO missions VALUES (51,'unevenness',16,8,SYSDATE - 13738,6);
INSERT INTO missions VALUES (52,'amphigouri',20,5,SYSDATE - 729,3);
INSERT INTO missions VALUES (53,'caymon',39,10,SYSDATE - 20196,4);
INSERT INTO missions VALUES (54,'conatus',22,4,SYSDATE - 1523,4);
INSERT INTO missions VALUES (55,'parity',14,8,SYSDATE - 10553,6);
INSERT INTO missions VALUES (56,'stripling',3,3,SYSDATE - 5714,1);
INSERT INTO missions VALUES (57,'reichsrath',22,10,SYSDATE - 15146,5);
INSERT INTO missions VALUES (58,'transume',7,1,SYSDATE - 18391,4);
INSERT INTO missions VALUES (59,'troubadour',15,5,SYSDATE - 12463,2);
INSERT INTO missions VALUES (60,'sapper',28,9,SYSDATE - 1395,1);
INSERT INTO missions VALUES (61,'accumulation',30,4,SYSDATE - 11610,2);
INSERT INTO missions VALUES (62,'contango',32,8,SYSDATE - 2429,6);
INSERT INTO missions VALUES (63,'dismiss',9,10,SYSDATE - 18529,6);
INSERT INTO missions VALUES (64,'blackleg',11,7,SYSDATE - 1228,5);
INSERT INTO missions VALUES (65,'disposition',4,2,SYSDATE - 15013,2);
INSERT INTO missions VALUES (66,'burning',26,8,SYSDATE - 3539,6);
INSERT INTO missions VALUES (67,'sorely',42,1,SYSDATE - 6405,3);
INSERT INTO missions VALUES (68,'betrim',31,1,SYSDATE - 7177,3);
INSERT INTO missions VALUES (69,'sonderbund',14,5,SYSDATE - 3472,5);
INSERT INTO missions VALUES (70,'outsider',3,3,SYSDATE - 5679,4);
INSERT INTO missions VALUES (71,'demoralizing',9,6,SYSDATE - 14558,3);
INSERT INTO missions VALUES (72,'anticlimax',14,4,SYSDATE - 7633,3);
INSERT INTO missions VALUES (73,'finis',11,2,SYSDATE - 10144,6);
INSERT INTO missions VALUES (74,'nephology',29,4,SYSDATE - 4126,1);
INSERT INTO missions VALUES (75,'highlow',7,6,SYSDATE - 5358,6);
INSERT INTO missions VALUES (76,'causidical',8,5,SYSDATE - 16676,6);
INSERT INTO missions VALUES (77,'bagman',34,6,SYSDATE - 16034,4);
INSERT INTO missions VALUES (78,'soiliness',39,9,SYSDATE - 15706,6);
INSERT INTO missions VALUES (79,'rambling',14,3,SYSDATE - 7431,1);
INSERT INTO missions VALUES (80,'parcels',30,3,SYSDATE - 3989,1);
INSERT INTO missions VALUES (81,'pulmonic',30,7,SYSDATE - 14334,5);
INSERT INTO missions VALUES (82,'lefthanded',16,1,SYSDATE - 3429,3);
INSERT INTO missions VALUES (83,'impedimenta',21,5,SYSDATE - 14752,5);
INSERT INTO missions VALUES (84,'snipsnap',9,4,SYSDATE - 15584,4);
INSERT INTO missions VALUES (85,'auspice',33,2,SYSDATE - 1013,3);
INSERT INTO missions VALUES (86,'depreciated',28,2,SYSDATE - 2763,1);
INSERT INTO missions VALUES (87,'remoteness',8,3,SYSDATE - 6123,6);
INSERT INTO missions VALUES (88,'Abramelin',21,4,SYSDATE - 13357,3);
INSERT INTO missions VALUES (89,'amortization',29,5,SYSDATE - 14341,5);
INSERT INTO missions VALUES (90,'horrified',28,3,SYSDATE - 6029,2);
INSERT INTO missions VALUES (91,'batta',33,3,SYSDATE - 8205,3);
INSERT INTO missions VALUES (92,'animalcule',26,8,SYSDATE - 13475,0);
INSERT INTO missions VALUES (93,'bonnebouche',10,8,SYSDATE - 9178,4);
INSERT INTO missions VALUES (94,'unbeaten',3,8,SYSDATE - 6172,6);
INSERT INTO missions VALUES (95,'interlocation',11,7,SYSDATE - 16423,1);
INSERT INTO missions VALUES (96,'Wand',19,1,SYSDATE - 20513,0);
INSERT INTO missions VALUES (97,'cloisters',40,7,SYSDATE - 9981,1);
INSERT INTO missions VALUES (98,'calculated',43,6,SYSDATE - 15503,0);
INSERT INTO missions VALUES (99,'patter',17,2,SYSDATE - 18203,0);
INSERT INTO missions VALUES (100,'gimbals',31,7,SYSDATE - 16054,6);
INSERT INTO missions VALUES (101,'crestate',25,7,SYSDATE - 7087,6);
INSERT INTO missions VALUES (102,'presidency',22,1,SYSDATE - 14974,5);
INSERT INTO missions VALUES (103,'measureless',35,6,SYSDATE - 5427,1);
INSERT INTO missions VALUES (104,'outspread',42,9,SYSDATE - 6513,0);
INSERT INTO missions VALUES (105,'corrivalry',25,2,SYSDATE - 9124,5);
INSERT INTO missions VALUES (106,'georgics',36,3,SYSDATE - 12368,4);
INSERT INTO missions VALUES (107,'overdue',12,9,SYSDATE - 2900,2);
INSERT INTO missions VALUES (108,'siberian',12,2,SYSDATE - 5432,2);
INSERT INTO missions VALUES (109,'enlighten',17,1,SYSDATE - 16662,4);
INSERT INTO missions VALUES (110,'ley',18,6,SYSDATE - 9476,1);
INSERT INTO missions VALUES (111,'favorer',25,10,SYSDATE - 10081,2);
INSERT INTO missions VALUES (112,'reserves',37,2,SYSDATE - 6817,4);
INSERT INTO missions VALUES (113,'ukase',4,8,SYSDATE - 8686,2);
INSERT INTO missions VALUES (114,'hortatory',17,5,SYSDATE - 4822,6);
INSERT INTO missions VALUES (115,'bypnotism',34,9,SYSDATE - 17617,5);
INSERT INTO missions VALUES (116,'undeprived',40,3,SYSDATE - 961,2);
INSERT INTO missions VALUES (117,'harumscarum',42,6,SYSDATE - 7550,5);
INSERT INTO missions VALUES (118,'fez',42,8,SYSDATE - 8224,2);
INSERT INTO missions VALUES (119,'dunker',41,4,SYSDATE - 6284,4);
INSERT INTO missions VALUES (120,'restitutionist',43,2,SYSDATE - 16780,0);
INSERT INTO missions VALUES (121,'dissociability',39,8,SYSDATE - 13430,2);
INSERT INTO missions VALUES (122,'steerage',10,1,SYSDATE - 17530,1);
INSERT INTO missions VALUES (123,'favaginous',42,8,SYSDATE - 17341,4);
INSERT INTO missions VALUES (124,'operculated',25,8,SYSDATE - 3713,5);
INSERT INTO missions VALUES (125,'Two Paths',40,3,SYSDATE - 8682,5);
INSERT INTO missions VALUES (126,'imbecility',34,1,SYSDATE - 6386,1);
INSERT INTO missions VALUES (127,'variometer',41,1,SYSDATE - 4956,4);
INSERT INTO missions VALUES (128,'reverberant',1,4,SYSDATE - 3624,3);
INSERT INTO missions VALUES (129,'straitened',38,9,SYSDATE - 20032,1);
INSERT INTO missions VALUES (130,'harlequin',3,9,SYSDATE - 8110,2);
INSERT INTO missions VALUES (131,'hysterics',12,3,SYSDATE - 5393,5);
INSERT INTO missions VALUES (132,'Star And Snake',12,2,SYSDATE - 802,3);
INSERT INTO missions VALUES (133,'inflictive',15,1,SYSDATE - 14076,5);
INSERT INTO missions VALUES (134,'gentlemanlike',26,9,SYSDATE - 2486,5);
INSERT INTO missions VALUES (135,'outtalk',25,6,SYSDATE - 12323,1);
INSERT INTO missions VALUES (136,'retiring',10,4,SYSDATE - 14522,3);
INSERT INTO missions VALUES (137,'nonfulfillment',28,5,SYSDATE - 18228,1);
INSERT INTO missions VALUES (138,'tracing',22,7,SYSDATE - 11880,0);
INSERT INTO missions VALUES (139,'vaulted',27,3,SYSDATE - 20387,5);
INSERT INTO missions VALUES (140,'immolation',24,3,SYSDATE - 19173,4);
INSERT INTO missions VALUES (141,'nonsubsistence',36,5,SYSDATE - 4194,3);
INSERT INTO missions VALUES (142,'wearing',24,6,SYSDATE - 20186,4);
INSERT INTO missions VALUES (143,'refocillate',36,7,SYSDATE - 9869,4);
INSERT INTO missions VALUES (144,'dubiety',18,10,SYSDATE - 18041,5);
INSERT INTO missions VALUES (145,'uncondemned',17,1,SYSDATE - 19421,4);
INSERT INTO missions VALUES (146,'anastomose',22,9,SYSDATE - 7003,2);
INSERT INTO missions VALUES (147,'pedometer',8,6,SYSDATE - 13306,3);
INSERT INTO missions VALUES (148,'kinsman',3,5,SYSDATE - 11218,3);
INSERT INTO missions VALUES (149,'pamphleteer',27,10,SYSDATE - 10289,1);
INSERT INTO missions VALUES (150,'patera',26,4,SYSDATE - 11128,2);
INSERT INTO missions VALUES (151,'aviator',36,7,SYSDATE - 5792,5);
INSERT INTO missions VALUES (152,'recidivous',34,10,SYSDATE - 7531,3);
INSERT INTO missions VALUES (153,'viscidity',27,2,SYSDATE - 19445,3);
INSERT INTO missions VALUES (154,'cates',21,10,SYSDATE - 7896,0);
INSERT INTO missions VALUES (155,'mantlet',42,7,SYSDATE - 18923,5);
INSERT INTO missions VALUES (156,'Level',1,5,SYSDATE - 17883,6);
INSERT INTO missions VALUES (157,'unconfined',32,4,SYSDATE - 4098,5);
INSERT INTO missions VALUES (158,'unbeloved',25,8,SYSDATE - 1585,2);
INSERT INTO missions VALUES (159,'crowning',38,6,SYSDATE - 2491,3);
INSERT INTO missions VALUES (160,'causiticity',17,2,SYSDATE - 3703,3);
INSERT INTO missions VALUES (161,'trippingly',8,10,SYSDATE - 9516,4);
INSERT INTO missions VALUES (162,'grandsire',21,3,SYSDATE - 3416,5);
INSERT INTO missions VALUES (163,'unforeseen',41,7,SYSDATE - 10048,6);
INSERT INTO missions VALUES (164,'unauthentic',35,3,SYSDATE - 18485,0);
INSERT INTO missions VALUES (165,'herbarian',43,7,SYSDATE - 17090,3);
INSERT INTO missions VALUES (166,'experiences',21,2,SYSDATE - 16514,6);
INSERT INTO missions VALUES (167,'nescience',42,7,SYSDATE - 14822,6);
INSERT INTO missions VALUES (168,'howitzer',9,1,SYSDATE - 8217,3);
INSERT INTO missions VALUES (169,'Enoch',14,2,SYSDATE - 4267,1);
INSERT INTO missions VALUES (170,'nerveless',40,1,SYSDATE - 19661,2);
INSERT INTO missions VALUES (171,'listed',36,3,SYSDATE - 4644,0);
INSERT INTO missions VALUES (172,'fullgrown',11,9,SYSDATE - 16576,4);
INSERT INTO missions VALUES (173,'Plumb Rule',9,2,SYSDATE - 2144,1);
INSERT INTO missions VALUES (174,'tenths',35,2,SYSDATE - 19397,1);
INSERT INTO missions VALUES (175,'incorporeity',14,9,SYSDATE - 4386,0);
INSERT INTO missions VALUES (176,'georama',15,6,SYSDATE - 1564,1);
INSERT INTO missions VALUES (177,'amazement',34,7,SYSDATE - 14311,6);
INSERT INTO missions VALUES (178,'personation',35,10,SYSDATE - 6814,6);
INSERT INTO missions VALUES (179,'precariousness',31,1,SYSDATE - 894,3);
INSERT INTO missions VALUES (180,'latrociny',40,1,SYSDATE - 19809,5);
INSERT INTO missions VALUES (181,'indolence',40,9,SYSDATE - 7694,4);
INSERT INTO missions VALUES (182,'beading',26,5,SYSDATE - 2618,6);
INSERT INTO missions VALUES (183,'mourning',7,4,SYSDATE - 9689,5);
INSERT INTO missions VALUES (184,'hagiography',34,3,SYSDATE - 16333,5);
INSERT INTO missions VALUES (185,'moralize',31,8,SYSDATE - 15168,5);
INSERT INTO missions VALUES (186,'pererration',21,2,SYSDATE - 16445,4);
INSERT INTO missions VALUES (187,'illiberality',1,6,SYSDATE - 20025,6);
INSERT INTO missions VALUES (188,'beneficence',40,10,SYSDATE - 7082,0);
INSERT INTO missions VALUES (189,'chatter',23,6,SYSDATE - 11391,2);
INSERT INTO missions VALUES (190,'hunks',37,5,SYSDATE - 10710,0);
INSERT INTO missions VALUES (191,'tailed',37,6,SYSDATE - 5769,3);
INSERT INTO missions VALUES (192,'malingering',39,6,SYSDATE - 6024,6);
INSERT INTO missions VALUES (193,'breathing',12,5,SYSDATE - 5825,4);
INSERT INTO missions VALUES (194,'scorse',3,3,SYSDATE - 16291,5);
INSERT INTO missions VALUES (195,'favorably',18,7,SYSDATE - 18530,4);
INSERT INTO missions VALUES (196,'crippled',28,5,SYSDATE - 17727,0);
INSERT INTO missions VALUES (197,'basilica',11,3,SYSDATE - 4047,3);
INSERT INTO missions VALUES (198,'cloyment',24,5,SYSDATE - 3188,6);
INSERT INTO missions VALUES (199,'obsoleseence',3,5,SYSDATE - 1166,2);
INSERT INTO missions VALUES (200,'opacous',17,5,SYSDATE - 17261,5);
INSERT INTO missions VALUES (201,'eponym',11,9,SYSDATE - 1465,2);
INSERT INTO missions VALUES (202,'bickering',13,7,SYSDATE - 16213,1);
INSERT INTO missions VALUES (203,'hammer',36,4,SYSDATE - 11818,6);
INSERT INTO missions VALUES (204,'nonobjective',29,7,SYSDATE - 20677,0);
INSERT INTO missions VALUES (205,'woefully',6,7,SYSDATE - 2569,5);
INSERT INTO missions VALUES (206,'manitu',39,3,SYSDATE - 2660,2);
INSERT INTO missions VALUES (207,'potager',26,5,SYSDATE - 9449,1);
INSERT INTO missions VALUES (208,'shambles',29,8,SYSDATE - 12449,3);
INSERT INTO missions VALUES (209,'galligaskin',12,5,SYSDATE - 12188,4);
INSERT INTO missions VALUES (210,'immortality',27,9,SYSDATE - 18206,4);
INSERT INTO missions VALUES (211,'supplicatory',19,10,SYSDATE - 5051,4);
INSERT INTO missions VALUES (212,'disunity',43,10,SYSDATE - 9316,4);
INSERT INTO missions VALUES (213,'cambist',26,3,SYSDATE - 2237,3);
INSERT INTO missions VALUES (214,'shaman',24,9,SYSDATE - 20339,2);
INSERT INTO missions VALUES (215,'gurgel',7,2,SYSDATE - 9338,5);
INSERT INTO missions VALUES (216,'systematically',41,6,SYSDATE - 16564,6);
INSERT INTO missions VALUES (217,'varicella',40,9,SYSDATE - 18087,1);
INSERT INTO missions VALUES (218,'genet',43,5,SYSDATE - 8106,6);
INSERT INTO missions VALUES (219,'prelusive',29,4,SYSDATE - 11041,6);
INSERT INTO missions VALUES (220,'fortelage',27,7,SYSDATE - 695,4);
INSERT INTO missions VALUES (221,'consideration',40,8,SYSDATE - 3085,5);
INSERT INTO missions VALUES (222,'engross',30,6,SYSDATE - 18070,3);
INSERT INTO missions VALUES (223,'Boleskine',15,10,SYSDATE - 7411,2);
INSERT INTO missions VALUES (224,'occupancy',39,6,SYSDATE - 18030,3);
INSERT INTO missions VALUES (225,'deponent',35,10,SYSDATE - 13237,1);
INSERT INTO missions VALUES (226,'vlei',37,5,SYSDATE - 20090,2);
INSERT INTO missions VALUES (227,'lustquencher',42,10,SYSDATE - 20449,4);
INSERT INTO missions VALUES (228,'drole',5,7,SYSDATE - 11674,6);
INSERT INTO missions VALUES (229,'gambade',13,10,SYSDATE - 17080,5);
INSERT INTO missions VALUES (230,'curcular',5,9,SYSDATE - 166,0);
INSERT INTO missions VALUES (231,'forcibly',18,9,SYSDATE - 6486,3);
INSERT INTO missions VALUES (232,'informer',31,7,SYSDATE - 7169,0);
INSERT INTO missions VALUES (233,'om',28,8,SYSDATE - 4577,4);
INSERT INTO missions VALUES (234,'sonship',42,6,SYSDATE - 14859,6);
INSERT INTO missions VALUES (235,'thoughts',3,9,SYSDATE - 17568,5);
INSERT INTO missions VALUES (236,'indisposed',3,8,SYSDATE - 1619,4);
INSERT INTO missions VALUES (237,'discongruity',27,4,SYSDATE - 4292,4);
INSERT INTO missions VALUES (238,'proficuous',37,9,SYSDATE - 17376,1);
INSERT INTO missions VALUES (239,'midsummer',35,5,SYSDATE - 14398,1);
INSERT INTO missions VALUES (240,'tormenting',12,7,SYSDATE - 17482,5);
INSERT INTO missions VALUES (241,'effects',35,10,SYSDATE - 17512,5);
INSERT INTO missions VALUES (242,'defection',38,6,SYSDATE - 17180,4);
INSERT INTO missions VALUES (243,'passado',28,10,SYSDATE - 10607,0);
INSERT INTO missions VALUES (244,'plucked',10,4,SYSDATE - 20043,4);
INSERT INTO missions VALUES (245,'mithridate',14,1,SYSDATE - 17896,3);
INSERT INTO missions VALUES (246,'measurement',30,5,SYSDATE - 10458,2);
INSERT INTO missions VALUES (247,'punkah',18,2,SYSDATE - 20640,5);
INSERT INTO missions VALUES (248,'picacho',6,4,SYSDATE - 14296,0);
INSERT INTO missions VALUES (249,'oinomania',22,7,SYSDATE - 14960,6);
INSERT INTO missions VALUES (250,'candor',14,10,SYSDATE - 4918,5);
INSERT INTO missions VALUES (251,'greaser',11,9,SYSDATE - 3912,2);
INSERT INTO missions VALUES (252,'disorganize',10,7,SYSDATE - 9869,0);
INSERT INTO missions VALUES (253,'inartistic',33,5,SYSDATE - 8675,1);
INSERT INTO missions VALUES (254,'misappropriate',31,4,SYSDATE - 1197,0);
INSERT INTO missions VALUES (255,'exanimate',36,4,SYSDATE - 13399,2);
INSERT INTO missions VALUES (256,'salutiferous',33,4,SYSDATE - 14271,2);
INSERT INTO missions VALUES (257,'Seven Stars',22,4,SYSDATE - 9676,1);
INSERT INTO missions VALUES (258,'instability',3,2,SYSDATE - 15967,5);
INSERT INTO missions VALUES (259,'phrenology',7,7,SYSDATE - 5415,3);
INSERT INTO missions VALUES (260,'jovinianist',8,3,SYSDATE - 2198,3);
INSERT INTO missions VALUES (261,'shortwinded',31,1,SYSDATE - 4194,0);
INSERT INTO missions VALUES (262,'fulltoned',35,5,SYSDATE - 19378,6);
INSERT INTO missions VALUES (263,'paragram',16,7,SYSDATE - 5914,1);
INSERT INTO missions VALUES (264,'footmark',5,4,SYSDATE - 10809,4);
INSERT INTO missions VALUES (265,'complacency',40,10,SYSDATE - 7105,1);
INSERT INTO missions VALUES (266,'taciturn',32,10,SYSDATE - 6677,6);
INSERT INTO missions VALUES (267,'impropriate',4,3,SYSDATE - 17479,3);
INSERT INTO missions VALUES (268,'forepart',34,5,SYSDATE - 8154,1);
INSERT INTO missions VALUES (269,'envenom',2,6,SYSDATE - 9665,5);
INSERT INTO missions VALUES (270,'ruinousness',13,8,SYSDATE - 4083,6);
INSERT INTO missions VALUES (271,'endless',27,10,SYSDATE - 20319,6);
INSERT INTO missions VALUES (272,'overpowering',36,7,SYSDATE - 5943,2);
INSERT INTO missions VALUES (273,'revolter',3,9,SYSDATE - 17139,5);
INSERT INTO missions VALUES (274,'arrogance',11,5,SYSDATE - 11095,3);
INSERT INTO missions VALUES (275,'gnomic',21,4,SYSDATE - 778,0);
INSERT INTO missions VALUES (276,'dijudication',35,6,SYSDATE - 12032,1);
INSERT INTO missions VALUES (277,'improvisatore',29,6,SYSDATE - 13994,4);
INSERT INTO missions VALUES (278,'supplies',10,9,SYSDATE - 627,0);
INSERT INTO missions VALUES (279,'hosier',7,3,SYSDATE - 18608,0);
INSERT INTO missions VALUES (280,'gratulation',1,4,SYSDATE - 13968,1);
INSERT INTO missions VALUES (281,'undepraved',25,6,SYSDATE - 41,4);
INSERT INTO missions VALUES (282,'demureness',38,1,SYSDATE - 10238,0);
INSERT INTO missions VALUES (283,'troops',34,2,SYSDATE - 8151,2);
INSERT INTO missions VALUES (284,'lymphatic',18,8,SYSDATE - 13914,5);
INSERT INTO missions VALUES (285,'pansophy',30,8,SYSDATE - 7737,3);
INSERT INTO missions VALUES (286,'onesided',22,5,SYSDATE - 158,6);
INSERT INTO missions VALUES (287,'reticulation',38,6,SYSDATE - 19111,4);
INSERT INTO missions VALUES (288,'Babalon',1,7,SYSDATE - 5719,6);
INSERT INTO missions VALUES (289,'spikebit',4,5,SYSDATE - 5662,3);
INSERT INTO missions VALUES (290,'stentor',40,6,SYSDATE - 19270,5);
INSERT INTO missions VALUES (291,'Goblet',3,9,SYSDATE - 1264,0);
INSERT INTO missions VALUES (292,'flaming',24,8,SYSDATE - 7753,4);
INSERT INTO missions VALUES (293,'reeking',34,7,SYSDATE - 2589,3);
INSERT INTO missions VALUES (294,'implication',17,2,SYSDATE - 12698,2);
INSERT INTO missions VALUES (295,'enravishment',8,2,SYSDATE - 14993,0);
INSERT INTO missions VALUES (296,'enthrall',15,4,SYSDATE - 11152,1);
INSERT INTO missions VALUES (297,'beshrew',3,1,SYSDATE - 18791,6);
INSERT INTO missions VALUES (298,'spry',4,8,SYSDATE - 9087,5);
INSERT INTO missions VALUES (299,'rhadamanthus',10,7,SYSDATE - 3090,1);
INSERT INTO missions VALUES (300,'jube',12,9,SYSDATE - 8934,0);
INSERT INTO missions VALUES (301,'imporous',18,9,SYSDATE - 592,4);
INSERT INTO missions VALUES (302,'instructed',28,1,SYSDATE - 10877,4);
INSERT INTO missions VALUES (303,'forecast',5,8,SYSDATE - 16075,3);
INSERT INTO missions VALUES (304,'oversensitive',16,3,SYSDATE - 17460,4);
INSERT INTO missions VALUES (305,'mistake',14,7,SYSDATE - 18532,1);
INSERT INTO missions VALUES (306,'disuse',13,5,SYSDATE - 4339,3);
INSERT INTO missions VALUES (307,'Liber Legis',31,3,SYSDATE - 16116,6);
INSERT INTO missions VALUES (308,'purposeless',7,2,SYSDATE - 17292,0);
INSERT INTO missions VALUES (309,'dissidence',18,5,SYSDATE - 6336,3);
INSERT INTO missions VALUES (310,'conover',39,8,SYSDATE - 3462,6);
INSERT INTO missions VALUES (311,'hundreth',35,8,SYSDATE - 17046,4);
INSERT INTO missions VALUES (312,'rinderpest',21,8,SYSDATE - 4779,4);
INSERT INTO missions VALUES (313,'misteach',6,1,SYSDATE - 13297,0);
INSERT INTO missions VALUES (314,'waft',34,2,SYSDATE - 15868,1);
INSERT INTO missions VALUES (315,'Square',2,7,SYSDATE - 6876,6);
INSERT INTO missions VALUES (316,'biweekly',11,1,SYSDATE - 8882,0);
INSERT INTO missions VALUES (317,'counterwork',37,10,SYSDATE - 9612,3);
INSERT INTO missions VALUES (318,'idealist',40,3,SYSDATE - 306,6);
INSERT INTO missions VALUES (319,'transversion',13,1,SYSDATE - 6083,4);
INSERT INTO missions VALUES (320,'nooscopic',28,2,SYSDATE - 5437,6);
INSERT INTO missions VALUES (321,'Samhain',41,8,SYSDATE - 20342,2);
INSERT INTO missions VALUES (322,'guggle',1,4,SYSDATE - 4479,3);
INSERT INTO missions VALUES (323,'kadi',31,1,SYSDATE - 8626,5);
INSERT INTO missions VALUES (324,'winebibber',5,8,SYSDATE - 8317,4);
INSERT INTO missions VALUES (325,'extremely',7,1,SYSDATE - 11050,1);
INSERT INTO missions VALUES (326,'cohabitation',19,9,SYSDATE - 3440,0);
INSERT INTO missions VALUES (327,'palliation',6,8,SYSDATE - 3518,0);
INSERT INTO missions VALUES (328,'wenching',28,10,SYSDATE - 10587,6);
INSERT INTO missions VALUES (329,'doubleedged',2,3,SYSDATE - 188,2);
INSERT INTO missions VALUES (330,'impeccability',38,3,SYSDATE - 10784,4);
INSERT INTO missions VALUES (331,'callosity',12,8,SYSDATE - 114,4);
INSERT INTO missions VALUES (332,'heathendom',35,7,SYSDATE - 3284,6);
INSERT INTO missions VALUES (333,'dequantitate',14,5,SYSDATE - 18219,6);
INSERT INTO missions VALUES (334,'maneater',14,8,SYSDATE - 13972,3);
INSERT INTO missions VALUES (335,'roomage',19,6,SYSDATE - 16523,4);
INSERT INTO missions VALUES (336,'Dagger',12,6,SYSDATE - 4034,2);
INSERT INTO missions VALUES (337,'bandog',22,9,SYSDATE - 5071,2);
INSERT INTO missions VALUES (338,'astringency',8,7,SYSDATE - 5453,6);
INSERT INTO missions VALUES (339,'faute',14,1,SYSDATE - 6157,0);
INSERT INTO missions VALUES (340,'paronomasio',19,1,SYSDATE - 1823,1);
INSERT INTO missions VALUES (341,'retroversion',10,6,SYSDATE - 1786,2);
INSERT INTO missions VALUES (342,'repine',4,8,SYSDATE - 2937,3);
INSERT INTO missions VALUES (343,'impermanent',5,8,SYSDATE - 3119,5);
INSERT INTO missions VALUES (344,'carking',41,2,SYSDATE - 9271,5);
INSERT INTO missions VALUES (345,'sircar',39,6,SYSDATE - 12794,3);
INSERT INTO missions VALUES (346,'dredger',22,8,SYSDATE - 9183,0);
INSERT INTO missions VALUES (347,'fishing',39,7,SYSDATE - 15765,1);
INSERT INTO missions VALUES (348,'stayathome',15,8,SYSDATE - 14699,1);
INSERT INTO missions VALUES (349,'billiards',31,8,SYSDATE - 8701,6);
INSERT INTO missions VALUES (350,'substantialness',28,7,SYSDATE - 1593,4);
INSERT INTO missions VALUES (351,'concupiscent',17,2,SYSDATE - 960,5);
INSERT INTO missions VALUES (352,'uninvented',29,2,SYSDATE - 14971,1);
INSERT INTO missions VALUES (353,'machinist',4,3,SYSDATE - 16064,0);
INSERT INTO missions VALUES (354,'packthread',1,2,SYSDATE - 15978,0);
INSERT INTO missions VALUES (355,'irisated',13,3,SYSDATE - 18419,0);
INSERT INTO missions VALUES (356,'dogsick',20,8,SYSDATE - 14700,5);
INSERT INTO missions VALUES (357,'soterial',26,4,SYSDATE - 7432,2);
INSERT INTO missions VALUES (358,'Beltane',23,10,SYSDATE - 10572,5);
INSERT INTO missions VALUES (359,'popedom',9,2,SYSDATE - 16677,2);
INSERT INTO missions VALUES (360,'incase',39,6,SYSDATE - 17317,1);
INSERT INTO missions VALUES (361,'tiresias',11,3,SYSDATE - 4529,6);
INSERT INTO missions VALUES (362,'survene',25,4,SYSDATE - 20329,4);
INSERT INTO missions VALUES (363,'largess',27,7,SYSDATE - 3014,5);
INSERT INTO missions VALUES (364,'trickly',38,2,SYSDATE - 7599,6);
INSERT INTO missions VALUES (365,'mango',4,5,SYSDATE - 14580,4);
INSERT INTO missions VALUES (366,'unintended',29,7,SYSDATE - 7746,1);
INSERT INTO missions VALUES (367,'contuse',8,1,SYSDATE - 17823,4);
INSERT INTO missions VALUES (368,'stillroom',30,5,SYSDATE - 2992,2);
INSERT INTO missions VALUES (369,'diffluent',34,10,SYSDATE - 15727,6);
INSERT INTO missions VALUES (370,'standardize',11,4,SYSDATE - 13530,3);
INSERT INTO missions VALUES (371,'bencher',32,1,SYSDATE - 12755,5);
INSERT INTO missions VALUES (372,'iteration',30,6,SYSDATE - 17847,4);
INSERT INTO missions VALUES (373,'tambour',15,2,SYSDATE - 15751,2);
INSERT INTO missions VALUES (374,'icefloe',21,8,SYSDATE - 2969,5);
INSERT INTO missions VALUES (375,'seignior',40,8,SYSDATE - 17038,6);
INSERT INTO missions VALUES (376,'jiva',4,5,SYSDATE - 7542,3);
INSERT INTO missions VALUES (377,'passivity',38,5,SYSDATE - 16563,4);
INSERT INTO missions VALUES (378,'misfeasance',11,10,SYSDATE - 980,0);
INSERT INTO missions VALUES (379,'illuse',28,8,SYSDATE - 17619,6);
INSERT INTO missions VALUES (380,'infanta',32,8,SYSDATE - 20098,4);
INSERT INTO missions VALUES (381,'unhoused',27,5,SYSDATE - 1964,0);
INSERT INTO missions VALUES (382,'assuagement',2,10,SYSDATE - 4967,6);
INSERT INTO missions VALUES (383,'verstand',30,6,SYSDATE - 10061,6);
INSERT INTO missions VALUES (384,'Rose',19,2,SYSDATE - 10748,2);
INSERT INTO missions VALUES (385,'heedlessness',26,3,SYSDATE - 19516,6);
INSERT INTO missions VALUES (386,'enfranchise',12,1,SYSDATE - 9349,5);
INSERT INTO missions VALUES (387,'tehee',39,1,SYSDATE - 8611,5);
INSERT INTO missions VALUES (388,'catechumen',5,9,SYSDATE - 13486,6);
INSERT INTO missions VALUES (389,'tinctorial',38,1,SYSDATE - 7610,4);
INSERT INTO missions VALUES (390,'humbleness',8,5,SYSDATE - 14379,0);
INSERT INTO missions VALUES (391,'cogency',27,4,SYSDATE - 5972,1);
INSERT INTO missions VALUES (392,'passing',25,9,SYSDATE - 11026,5);
INSERT INTO missions VALUES (393,'caput',39,6,SYSDATE - 8651,0);
INSERT INTO missions VALUES (394,'shastra',21,3,SYSDATE - 11082,4);
INSERT INTO missions VALUES (395,'absolutism',10,5,SYSDATE - 13220,6);
INSERT INTO missions VALUES (396,'truculence',16,7,SYSDATE - 280,3);
INSERT INTO missions VALUES (397,'recount',42,1,SYSDATE - 15200,3);
INSERT INTO missions VALUES (398,'fixed',42,5,SYSDATE - 11864,6);
INSERT INTO missions VALUES (399,'peddling',13,10,SYSDATE - 14920,5);
INSERT INTO missions VALUES (400,'disaster',36,8,SYSDATE - 19744,0);
INSERT INTO missions VALUES (401,'rookery',43,5,SYSDATE - 17451,0);
INSERT INTO missions VALUES (402,'adaga',32,3,SYSDATE - 4608,6);
INSERT INTO missions VALUES (403,'volitient',12,7,SYSDATE - 1003,2);
INSERT INTO missions VALUES (404,'torpedinous',9,2,SYSDATE - 3639,6);
INSERT INTO missions VALUES (405,'paillard',32,3,SYSDATE - 6760,0);
INSERT INTO missions VALUES (406,'deoppilation',33,10,SYSDATE - 13817,5);
INSERT INTO missions VALUES (407,'ingannation',36,7,SYSDATE - 3707,5);
INSERT INTO missions VALUES (408,'suffocation',15,1,SYSDATE - 6555,2);
INSERT INTO missions VALUES (409,'overawe',16,3,SYSDATE - 16442,1);
INSERT INTO missions VALUES (410,'stillicidum',24,3,SYSDATE - 11879,0);
INSERT INTO missions VALUES (411,'agriculturist',5,3,SYSDATE - 591,1);
INSERT INTO missions VALUES (412,'undulatory',28,3,SYSDATE - 10477,4);
INSERT INTO missions VALUES (413,'soothing',29,2,SYSDATE - 6402,4);
INSERT INTO missions VALUES (414,'rapidity',21,9,SYSDATE - 19498,5);
INSERT INTO missions VALUES (415,'officiousness',12,2,SYSDATE - 16150,5);
INSERT INTO missions VALUES (416,'lorry',12,9,SYSDATE - 13394,1);
INSERT INTO missions VALUES (417,'mahatma',10,8,SYSDATE - 14833,5);
INSERT INTO missions VALUES (418,'advancement',31,7,SYSDATE - 3597,5);
INSERT INTO missions VALUES (419,'rustiness',36,8,SYSDATE - 3164,6);
INSERT INTO missions VALUES (420,'gradatim',9,2,SYSDATE - 15616,0);
INSERT INTO missions VALUES (421,'subtend',36,5,SYSDATE - 55,4);
INSERT INTO missions VALUES (422,'castigatory',8,5,SYSDATE - 5049,0);
INSERT INTO missions VALUES (423,'cusped',33,9,SYSDATE - 12550,0);
INSERT INTO missions VALUES (424,'redeem',11,8,SYSDATE - 12191,2);
INSERT INTO missions VALUES (425,'reenforcements',6,9,SYSDATE - 13403,1);
INSERT INTO missions VALUES (426,'intermeddling',19,1,SYSDATE - 11246,1);
INSERT INTO missions VALUES (427,'Pantacle',16,1,SYSDATE - 15159,5);
INSERT INTO missions VALUES (428,'raiment',12,9,SYSDATE - 11777,1);
INSERT INTO missions VALUES (429,'regency',6,5,SYSDATE - 12202,0);
INSERT INTO missions VALUES (430,'Cross',43,1,SYSDATE - 16216,2);
INSERT INTO missions VALUES (431,'dipper',23,10,SYSDATE - 19042,5);
INSERT INTO missions VALUES (432,'gyve',40,6,SYSDATE - 14174,5);
INSERT INTO missions VALUES (433,'toga',37,3,SYSDATE - 5576,1);
INSERT INTO missions VALUES (434,'munerary',6,7,SYSDATE - 985,1);
INSERT INTO missions VALUES (435,'subdean',22,4,SYSDATE - 1101,3);
INSERT INTO missions VALUES (436,'trismus',3,6,SYSDATE - 18673,3);
INSERT INTO missions VALUES (437,'ablebodied',26,2,SYSDATE - 18327,2);
INSERT INTO missions VALUES (438,'smutch',10,1,SYSDATE - 17744,3);
INSERT INTO missions VALUES (439,'isothermic',12,8,SYSDATE - 16785,1);
INSERT INTO missions VALUES (440,'paleography',17,2,SYSDATE - 5807,0);
INSERT INTO missions VALUES (441,'solatium',20,5,SYSDATE - 16301,0);
INSERT INTO missions VALUES (442,'stiver',40,4,SYSDATE - 17262,0);
INSERT INTO missions VALUES (443,'High Mountain',35,6,SYSDATE - 17130,5);
INSERT INTO missions VALUES (444,'pythia',2,8,SYSDATE - 16479,3);
INSERT INTO missions VALUES (445,'crouching',43,5,SYSDATE - 14366,4);
INSERT INTO missions VALUES (446,'departmental',43,9,SYSDATE - 7314,2);
INSERT INTO missions VALUES (447,'counterchange',1,7,SYSDATE - 16649,5);
INSERT INTO missions VALUES (448,'pipeclay',35,10,SYSDATE - 11935,5);
INSERT INTO missions VALUES (449,'embonpoint',18,5,SYSDATE - 2555,2);
INSERT INTO missions VALUES (450,'bibliolatry',8,3,SYSDATE - 5365,2);
INSERT INTO missions VALUES (451,'vielle',39,8,SYSDATE - 6612,3);
INSERT INTO missions VALUES (452,'superexcellence',34,10,SYSDATE - 1323,3);
INSERT INTO missions VALUES (453,'syrtis',10,6,SYSDATE - 4781,5);
INSERT INTO missions VALUES (454,'foremost',22,9,SYSDATE - 10529,1);
INSERT INTO missions VALUES (455,'extinction',6,1,SYSDATE - 18852,3);
INSERT INTO missions VALUES (456,'madness',43,4,SYSDATE - 6293,1);
INSERT INTO missions VALUES (457,'castaneous',20,3,SYSDATE - 19680,3);
INSERT INTO missions VALUES (458,'omnipresence',21,8,SYSDATE - 7347,3);
INSERT INTO missions VALUES (459,'illcontrived',30,4,SYSDATE - 14479,4);
INSERT INTO missions VALUES (460,'palaestra',28,1,SYSDATE - 7341,2);
INSERT INTO missions VALUES (461,'ombrometer',17,2,SYSDATE - 2535,5);
INSERT INTO missions VALUES (462,'disentagle',8,6,SYSDATE - 8774,1);
INSERT INTO missions VALUES (463,'befated',8,4,SYSDATE - 12997,1);
INSERT INTO missions VALUES (464,'ravishment',25,5,SYSDATE - 11416,5);
INSERT INTO missions VALUES (465,'Dread Moon',5,3,SYSDATE - 582,6);
INSERT INTO missions VALUES (466,'redhot',36,5,SYSDATE - 16157,0);
INSERT INTO missions VALUES (467,'whereabouts',27,4,SYSDATE - 1472,4);
INSERT INTO missions VALUES (468,'posteriors',27,7,SYSDATE - 2002,5);
INSERT INTO missions VALUES (469,'tenderconscienced',29,4,SYSDATE - 9879,0);
INSERT INTO missions VALUES (470,'entgtg',6,5,SYSDATE - 17608,5);
INSERT INTO missions VALUES (471,'fairymythology',4,2,SYSDATE - 8148,2);
INSERT INTO missions VALUES (472,'pickings',39,3,SYSDATE - 4456,6);
INSERT INTO missions VALUES (473,'pronouncement',28,2,SYSDATE - 8066,6);
INSERT INTO missions VALUES (474,'devanagari',8,4,SYSDATE - 16581,4);
INSERT INTO missions VALUES (475,'bonmot',40,9,SYSDATE - 14907,6);
INSERT INTO missions VALUES (476,'coxcombry',35,5,SYSDATE - 17478,5);
INSERT INTO missions VALUES (477,'uncorrupted',7,4,SYSDATE - 11043,5);
INSERT INTO missions VALUES (478,'sanguisuge',42,3,SYSDATE - 15105,6);
INSERT INTO missions VALUES (479,'funds',18,9,SYSDATE - 20400,1);
INSERT INTO missions VALUES (480,'sith',43,8,SYSDATE - 12387,3);
INSERT INTO missions VALUES (481,'chyle',34,8,SYSDATE - 17113,0);
INSERT INTO missions VALUES (482,'rencontre',8,3,SYSDATE - 16056,3);
INSERT INTO missions VALUES (483,'progressiveness',32,3,SYSDATE - 819,5);
INSERT INTO missions VALUES (484,'Lugnasadh',10,2,SYSDATE - 10180,3);
INSERT INTO missions VALUES (485,'subserviency',18,6,SYSDATE - 7917,0);
INSERT INTO missions VALUES (486,'liableness',21,10,SYSDATE - 1,2);
INSERT INTO missions VALUES (487,'ciao',33,9,SYSDATE - 7569,6);
INSERT INTO missions VALUES (488,'uninquisitive',5,7,SYSDATE - 13129,4);
INSERT INTO missions VALUES (489,'boreal',29,3,SYSDATE - 4451,5);
INSERT INTO missions VALUES (490,'placit',29,1,SYSDATE - 13548,1);
INSERT INTO missions VALUES (491,'elusory',19,1,SYSDATE - 14080,2);
INSERT INTO missions VALUES (492,'nonpertinence',33,6,SYSDATE - 18523,0);
INSERT INTO missions VALUES (493,'dropsical',9,8,SYSDATE - 5456,6);
INSERT INTO missions VALUES (494,'postern',33,10,SYSDATE - 3445,1);
INSERT INTO missions VALUES (495,'civism',24,6,SYSDATE - 10124,1);
INSERT INTO missions VALUES (496,'piquancy',12,10,SYSDATE - 5332,5);
INSERT INTO missions VALUES (497,'ruffianism',28,8,SYSDATE - 3399,2);
INSERT INTO missions VALUES (498,'blunderhead',3,4,SYSDATE - 20486,6);
INSERT INTO missions VALUES (499,'heartless',13,7,SYSDATE - 7705,0);
INSERT INTO missions VALUES (500,'quadragesimal',32,7,SYSDATE - 7399,6);
INSERT INTO missions VALUES (501,'performer',28,6,SYSDATE - 19351,2);
INSERT INTO missions VALUES (502,'coarctate',15,5,SYSDATE - 2524,6);
INSERT INTO missions VALUES (503,'mage',35,2,SYSDATE - 11219,4);
INSERT INTO missions VALUES (504,'alsatia',9,5,SYSDATE - 8443,4);
INSERT INTO missions VALUES (505,'systematize',3,2,SYSDATE - 9946,1);
INSERT INTO missions VALUES (506,'cheapen',42,9,SYSDATE - 19759,3);
INSERT INTO missions VALUES (507,'reviction',16,5,SYSDATE - 20143,0);
INSERT INTO missions VALUES (508,'conjunction',13,7,SYSDATE - 10886,2);
INSERT INTO missions VALUES (509,'garderoyale',24,4,SYSDATE - 12677,0);
INSERT INTO missions VALUES (510,'untunable',7,5,SYSDATE - 15412,4);
INSERT INTO missions VALUES (511,'trucklebed',13,4,SYSDATE - 2972,2);
INSERT INTO missions VALUES (512,'multiloquence',9,2,SYSDATE - 3420,0);
INSERT INTO missions VALUES (513,'landloper',7,2,SYSDATE - 19941,4);
INSERT INTO missions VALUES (514,'decanter',38,2,SYSDATE - 18229,5);
INSERT INTO missions VALUES (515,'ironclad',39,2,SYSDATE - 3929,1);
INSERT INTO missions VALUES (516,'purblindness',19,2,SYSDATE - 3117,6);
INSERT INTO missions VALUES (517,'disquiet',40,10,SYSDATE - 20657,2);
INSERT INTO missions VALUES (518,'susurrate',31,7,SYSDATE - 15388,6);
INSERT INTO missions VALUES (519,'strikingly',15,7,SYSDATE - 20587,1);
INSERT INTO missions VALUES (520,'controvertist',33,4,SYSDATE - 11022,0);
INSERT INTO missions VALUES (521,'unamazed',28,5,SYSDATE - 442,3);
INSERT INTO missions VALUES (522,'lamentable',23,7,SYSDATE - 16585,5);
INSERT INTO missions VALUES (523,'ranunculus',43,1,SYSDATE - 10870,5);
INSERT INTO missions VALUES (524,'minster',41,9,SYSDATE - 5196,5);
INSERT INTO missions VALUES (525,'pretending',29,2,SYSDATE - 17841,6);
INSERT INTO missions VALUES (526,'Pentagram',37,4,SYSDATE - 5739,2);
INSERT INTO missions VALUES (527,'cotquean',26,7,SYSDATE - 9595,4);
INSERT INTO missions VALUES (528,'connections',15,3,SYSDATE - 7094,4);
INSERT INTO missions VALUES (529,'antemundane',43,1,SYSDATE - 12895,6);
INSERT INTO missions VALUES (530,'jetsam',29,4,SYSDATE - 10512,2);
INSERT INTO missions VALUES (531,'unavowed',7,2,SYSDATE - 18596,3);
INSERT INTO missions VALUES (532,'exciseman',16,3,SYSDATE - 3196,4);
INSERT INTO missions VALUES (533,'infuscation',1,6,SYSDATE - 14840,4);
INSERT INTO missions VALUES (534,'longlived',15,4,SYSDATE - 17177,5);
INSERT INTO missions VALUES (535,'dimidiation',5,9,SYSDATE - 13349,3);
INSERT INTO missions VALUES (536,'dressmaker',18,7,SYSDATE - 16893,3);
INSERT INTO missions VALUES (537,'unserviceable',24,4,SYSDATE - 1002,1);
INSERT INTO missions VALUES (538,'Eastern Temple',37,5,SYSDATE - 12855,0);
INSERT INTO missions VALUES (539,'ablepsia',43,10,SYSDATE - 9993,6);
INSERT INTO missions VALUES (540,'beseem',28,8,SYSDATE - 19282,4);
INSERT INTO missions VALUES (541,'tourist',26,8,SYSDATE - 1144,5);
INSERT INTO missions VALUES (542,'omnific',21,3,SYSDATE - 17401,4);
INSERT INTO missions VALUES (543,'pyroxyline',16,3,SYSDATE - 7062,1);
INSERT INTO missions VALUES (544,'bunchy',4,1,SYSDATE - 4944,5);
INSERT INTO missions VALUES (545,'liquidator',41,9,SYSDATE - 20619,2);
INSERT INTO missions VALUES (546,'chinking',3,3,SYSDATE - 3457,2);
INSERT INTO missions VALUES (547,'ambidextral',16,4,SYSDATE - 4941,1);
INSERT INTO missions VALUES (548,'conceitedness',39,3,SYSDATE - 14652,2);
INSERT INTO missions VALUES (549,'arrant',38,8,SYSDATE - 13837,5);
INSERT INTO missions VALUES (550,'persides',11,3,SYSDATE - 12641,1);
INSERT INTO missions VALUES (551,'cohobate',3,8,SYSDATE - 10642,5);
INSERT INTO missions VALUES (552,'glave',35,1,SYSDATE - 6131,0);
INSERT INTO missions VALUES (553,'jagged',40,10,SYSDATE - 9973,0);
INSERT INTO missions VALUES (554,'settler',23,3,SYSDATE - 3621,3);
INSERT INTO missions VALUES (555,'uncaught',40,2,SYSDATE - 13262,6);
INSERT INTO missions VALUES (556,'bowls',38,7,SYSDATE - 7786,5);
INSERT INTO missions VALUES (557,'protestantism',4,4,SYSDATE - 10937,0);
INSERT INTO missions VALUES (558,'macaronics',14,6,SYSDATE - 19893,1);
INSERT INTO missions VALUES (559,'sufi',19,5,SYSDATE - 13908,0);
INSERT INTO missions VALUES (560,'casuistry',30,1,SYSDATE - 10854,6);
INSERT INTO missions VALUES (561,'sickness',24,7,SYSDATE - 1908,0);
INSERT INTO missions VALUES (562,'highfed',26,5,SYSDATE - 16079,3);
INSERT INTO missions VALUES (563,'undrooping',19,5,SYSDATE - 2171,0);
INSERT INTO missions VALUES (564,'cosset',33,5,SYSDATE - 3780,6);
INSERT INTO missions VALUES (565,'pestering',38,7,SYSDATE - 15747,2);
INSERT INTO missions VALUES (566,'lacteous',9,3,SYSDATE - 3119,5);
INSERT INTO missions VALUES (567,'plinth',26,9,SYSDATE - 14769,5);
INSERT INTO missions VALUES (568,'disentangle',23,8,SYSDATE - 8508,3);
INSERT INTO missions VALUES (569,'benignant',27,10,SYSDATE - 825,6);
INSERT INTO missions VALUES (570,'backsettler',25,5,SYSDATE - 6652,6);
INSERT INTO missions VALUES (571,'nippers',31,10,SYSDATE - 12952,6);
INSERT INTO missions VALUES (572,'bowmann',19,5,SYSDATE - 14620,5);
INSERT INTO missions VALUES (573,'cavesson',42,9,SYSDATE - 3626,3);
INSERT INTO missions VALUES (574,'reiteration',5,10,SYSDATE - 11799,6);
INSERT INTO missions VALUES (575,'constellation',38,6,SYSDATE - 14885,5);
INSERT INTO missions VALUES (576,'stewardship',23,6,SYSDATE - 13048,5);
INSERT INTO missions VALUES (577,'misinformaton',32,10,SYSDATE - 11442,6);
INSERT INTO missions VALUES (578,'earache',8,3,SYSDATE - 179,5);
INSERT INTO missions VALUES (579,'rareeshow',12,10,SYSDATE - 1924,5);
INSERT INTO missions VALUES (580,'hardship',8,5,SYSDATE - 14914,1);
INSERT INTO missions VALUES (581,'lopped',15,4,SYSDATE - 18333,6);
INSERT INTO missions VALUES (582,'maharajah',11,3,SYSDATE - 13972,3);
INSERT INTO missions VALUES (583,'scrupulousness',39,8,SYSDATE - 3919,5);
INSERT INTO missions VALUES (584,'inguishable',19,1,SYSDATE - 18853,3);
INSERT INTO missions VALUES (585,'potency',20,6,SYSDATE - 1727,6);
INSERT INTO missions VALUES (586,'parthenogenesis',27,3,SYSDATE - 10837,0);
INSERT INTO missions VALUES (587,'shoplifting',10,6,SYSDATE - 17202,2);
INSERT INTO missions VALUES (588,'pestilence',34,3,SYSDATE - 9293,5);
INSERT INTO missions VALUES (589,'rife',18,7,SYSDATE - 10049,3);
INSERT INTO missions VALUES (590,'gager',25,9,SYSDATE - 14541,1);
INSERT INTO missions VALUES (591,'piddling',9,1,SYSDATE - 4914,3);
INSERT INTO missions VALUES (592,'extorted',39,6,SYSDATE - 870,6);
INSERT INTO missions VALUES (593,'exhilaration',28,1,SYSDATE - 17656,6);
INSERT INTO missions VALUES (594,'melancholic',4,8,SYSDATE - 3813,1);
INSERT INTO missions VALUES (595,'pettish',11,8,SYSDATE - 16829,0);
INSERT INTO missions VALUES (596,'unimpressed',11,6,SYSDATE - 14537,0);
INSERT INTO missions VALUES (597,'damascene',22,7,SYSDATE - 6614,1);
INSERT INTO missions VALUES (598,'quivering',10,8,SYSDATE - 13181,4);
INSERT INTO missions VALUES (599,'redtapist',29,4,SYSDATE - 4618,5);
INSERT INTO missions VALUES (600,'euphonium',41,7,SYSDATE - 10881,4);
INSERT INTO missions VALUES (601,'shoals',19,9,SYSDATE - 4112,4);
INSERT INTO missions VALUES (602,'conveyancing',4,3,SYSDATE - 2318,0);
INSERT INTO missions VALUES (603,'howbeit',42,10,SYSDATE - 1972,1);
INSERT INTO missions VALUES (604,'proemial',12,10,SYSDATE - 8273,0);
INSERT INTO missions VALUES (605,'unromantic',6,1,SYSDATE - 6462,4);
INSERT INTO missions VALUES (606,'demi',20,2,SYSDATE - 19481,5);
INSERT INTO missions VALUES (607,'ploughed',16,7,SYSDATE - 7120,3);
INSERT INTO missions VALUES (608,'muffled',40,8,SYSDATE - 7120,2);
INSERT INTO missions VALUES (609,'trochilic',6,1,SYSDATE - 5639,3);
INSERT INTO missions VALUES (610,'printless',32,2,SYSDATE - 18638,5);
INSERT INTO missions VALUES (611,'thirstiness',34,5,SYSDATE - 19513,6);
INSERT INTO missions VALUES (612,'privileged',3,9,SYSDATE - 20412,6);
INSERT INTO missions VALUES (613,'entrancement',39,5,SYSDATE - 18187,5);
INSERT INTO missions VALUES (614,'impartiality',22,6,SYSDATE - 11333,1);
INSERT INTO missions VALUES (615,'culbuter',36,6,SYSDATE - 13892,0);
INSERT INTO missions VALUES (616,'porringer',31,6,SYSDATE - 8026,3);
INSERT INTO missions VALUES (617,'fulvous',29,8,SYSDATE - 11153,2);
INSERT INTO missions VALUES (618,'extramundane',32,2,SYSDATE - 6172,2);
INSERT INTO missions VALUES (619,'bestride',37,4,SYSDATE - 2931,0);
INSERT INTO missions VALUES (620,'epilepsy',39,4,SYSDATE - 4600,0);
INSERT INTO missions VALUES (621,'cardinalate',12,7,SYSDATE - 8376,5);
INSERT INTO missions VALUES (622,'farthing',34,8,SYSDATE - 12757,5);
INSERT INTO missions VALUES (623,'apodeictic',12,2,SYSDATE - 2770,2);
INSERT INTO missions VALUES (624,'arenose',4,5,SYSDATE - 87,5);
INSERT INTO missions VALUES (625,'ensilage',13,10,SYSDATE - 12660,6);
INSERT INTO missions VALUES (626,'slapbang',34,4,SYSDATE - 8629,2);
INSERT INTO missions VALUES (627,'brahminical',37,4,SYSDATE - 805,3);
INSERT INTO missions VALUES (628,'syncretistic',30,1,SYSDATE - 18242,4);
INSERT INTO missions VALUES (629,'photolithograph',17,3,SYSDATE - 16809,3);
INSERT INTO missions VALUES (630,'selflaudation',15,4,SYSDATE - 11312,6);
INSERT INTO missions VALUES (631,'unbefitting',10,9,SYSDATE - 19896,5);
INSERT INTO missions VALUES (632,'extensiole',31,5,SYSDATE - 3980,0);
INSERT INTO missions VALUES (633,'pneumonic',2,8,SYSDATE - 18883,1);
INSERT INTO missions VALUES (634,'tralucent',30,3,SYSDATE - 19264,6);
INSERT INTO missions VALUES (635,'decretive',37,6,SYSDATE - 15595,3);
INSERT INTO missions VALUES (636,'elderly',1,2,SYSDATE - 16696,5);
INSERT INTO missions VALUES (637,'oberon',25,8,SYSDATE - 14088,4);
INSERT INTO missions VALUES (638,'illuminati',32,5,SYSDATE - 15674,0);
INSERT INTO missions VALUES (639,'questionable',31,1,SYSDATE - 1132,3);
INSERT INTO missions VALUES (640,'pontificals',30,3,SYSDATE - 19168,1);
INSERT INTO missions VALUES (641,'clipping',6,5,SYSDATE - 13409,0);
INSERT INTO missions VALUES (642,'Yule',37,1,SYSDATE - 16550,4);
INSERT INTO missions VALUES (643,'immovability',9,6,SYSDATE - 2019,2);
INSERT INTO missions VALUES (644,'Imbolc',22,8,SYSDATE - 18246,5);
INSERT INTO missions VALUES (645,'turnscrew',34,10,SYSDATE - 9547,1);
INSERT INTO missions VALUES (646,'majuscular',21,3,SYSDATE - 15001,0);
INSERT INTO missions VALUES (647,'unrig',14,8,SYSDATE - 17360,4);
INSERT INTO missions VALUES (648,'soso',15,9,SYSDATE - 2435,1);
INSERT INTO missions VALUES (649,'reconstruct',28,3,SYSDATE - 12850,6);
INSERT INTO missions VALUES (650,'cutter',14,2,SYSDATE - 103,1);
INSERT INTO missions VALUES (651,'enchanting',17,1,SYSDATE - 14662,5);
INSERT INTO missions VALUES (652,'byplay',30,3,SYSDATE - 7607,2);
INSERT INTO missions VALUES (653,'quadrigeminate',24,4,SYSDATE - 5236,6);
INSERT INTO missions VALUES (654,'bewilderment',18,8,SYSDATE - 16259,5);
INSERT INTO missions VALUES (655,'timorous',1,5,SYSDATE - 509,5);
INSERT INTO missions VALUES (656,'legislatorial',31,9,SYSDATE - 15079,4);
INSERT INTO missions VALUES (657,'avouch',20,9,SYSDATE - 7344,0);
INSERT INTO missions VALUES (658,'interviewer',20,2,SYSDATE - 16473,3);
INSERT INTO missions VALUES (659,'trigrammatic',26,5,SYSDATE - 17688,0);
INSERT INTO missions VALUES (660,'coagulation',30,9,SYSDATE - 2917,0);
INSERT INTO missions VALUES (661,'outright',20,10,SYSDATE - 13635,3);
INSERT INTO missions VALUES (662,'garrulity',22,5,SYSDATE - 4073,5);
INSERT INTO missions VALUES (663,'expugnable',5,1,SYSDATE - 17849,0);
INSERT INTO missions VALUES (664,'laundryman',2,3,SYSDATE - 10180,5);
INSERT INTO missions VALUES (665,'mooted',36,8,SYSDATE - 1055,2);
INSERT INTO missions VALUES (666,'levigate',22,2,SYSDATE - 19355,3);
INSERT INTO missions VALUES (667,'clyster',18,5,SYSDATE - 9616,3);
INSERT INTO missions VALUES (668,'ungentlemanlike',30,5,SYSDATE - 6370,1);

INSERT INTO MISSIONS_TARGETS VALUES (208,63);
INSERT INTO MISSIONS_TARGETS VALUES (209,31);
INSERT INTO MISSIONS_TARGETS VALUES (209,143);
INSERT INTO MISSIONS_TARGETS VALUES (209,81);
INSERT INTO MISSIONS_TARGETS VALUES (209,35);
INSERT INTO MISSIONS_TARGETS VALUES (211,92);
INSERT INTO MISSIONS_TARGETS VALUES (212,97);
INSERT INTO MISSIONS_TARGETS VALUES (212,286);
INSERT INTO MISSIONS_TARGETS VALUES (212,321);
INSERT INTO MISSIONS_TARGETS VALUES (212,148);
INSERT INTO MISSIONS_TARGETS VALUES (212,296);
INSERT INTO MISSIONS_TARGETS VALUES (213,51);
INSERT INTO MISSIONS_TARGETS VALUES (213,164);
INSERT INTO MISSIONS_TARGETS VALUES (213,323);
INSERT INTO MISSIONS_TARGETS VALUES (213,213);
INSERT INTO MISSIONS_TARGETS VALUES (215,307);
INSERT INTO MISSIONS_TARGETS VALUES (215,6);
INSERT INTO MISSIONS_TARGETS VALUES (216,96);
INSERT INTO MISSIONS_TARGETS VALUES (216,176);
INSERT INTO MISSIONS_TARGETS VALUES (216,29);
INSERT INTO MISSIONS_TARGETS VALUES (218,65);
INSERT INTO MISSIONS_TARGETS VALUES (218,100);
INSERT INTO MISSIONS_TARGETS VALUES (218,208);
INSERT INTO MISSIONS_TARGETS VALUES (219,304);
INSERT INTO MISSIONS_TARGETS VALUES (219,56);
INSERT INTO MISSIONS_TARGETS VALUES (219,52);
INSERT INTO MISSIONS_TARGETS VALUES (219,214);
INSERT INTO MISSIONS_TARGETS VALUES (219,229);
INSERT INTO MISSIONS_TARGETS VALUES (220,70);
INSERT INTO MISSIONS_TARGETS VALUES (221,129);
INSERT INTO MISSIONS_TARGETS VALUES (221,109);
INSERT INTO MISSIONS_TARGETS VALUES (222,3);
INSERT INTO MISSIONS_TARGETS VALUES (222,131);
INSERT INTO MISSIONS_TARGETS VALUES (222,192);
INSERT INTO MISSIONS_TARGETS VALUES (222,2);
INSERT INTO MISSIONS_TARGETS VALUES (223,38);
INSERT INTO MISSIONS_TARGETS VALUES (223,97);
INSERT INTO MISSIONS_TARGETS VALUES (224,59);
INSERT INTO MISSIONS_TARGETS VALUES (225,94);
INSERT INTO MISSIONS_TARGETS VALUES (225,289);
INSERT INTO MISSIONS_TARGETS VALUES (225,129);
INSERT INTO MISSIONS_TARGETS VALUES (225,250);
INSERT INTO MISSIONS_TARGETS VALUES (226,281);
INSERT INTO MISSIONS_TARGETS VALUES (226,278);
INSERT INTO MISSIONS_TARGETS VALUES (227,11);
INSERT INTO MISSIONS_TARGETS VALUES (227,141);
INSERT INTO MISSIONS_TARGETS VALUES (228,141);
INSERT INTO MISSIONS_TARGETS VALUES (228,307);
INSERT INTO MISSIONS_TARGETS VALUES (228,240);
INSERT INTO MISSIONS_TARGETS VALUES (229,196);
INSERT INTO MISSIONS_TARGETS VALUES (229,81);
INSERT INTO MISSIONS_TARGETS VALUES (230,85);
INSERT INTO MISSIONS_TARGETS VALUES (230,112);
INSERT INTO MISSIONS_TARGETS VALUES (230,44);
INSERT INTO MISSIONS_TARGETS VALUES (230,237);
INSERT INTO MISSIONS_TARGETS VALUES (230,152);
INSERT INTO MISSIONS_TARGETS VALUES (231,240);
INSERT INTO MISSIONS_TARGETS VALUES (231,210);
INSERT INTO MISSIONS_TARGETS VALUES (232,55);
INSERT INTO MISSIONS_TARGETS VALUES (232,271);
INSERT INTO MISSIONS_TARGETS VALUES (233,161);
INSERT INTO MISSIONS_TARGETS VALUES (233,50);
INSERT INTO MISSIONS_TARGETS VALUES (233,146);
INSERT INTO MISSIONS_TARGETS VALUES (233,305);
INSERT INTO MISSIONS_TARGETS VALUES (234,39);
INSERT INTO MISSIONS_TARGETS VALUES (234,211);
INSERT INTO MISSIONS_TARGETS VALUES (234,176);
INSERT INTO MISSIONS_TARGETS VALUES (235,104);
INSERT INTO MISSIONS_TARGETS VALUES (235,93);
INSERT INTO MISSIONS_TARGETS VALUES (235,120);
INSERT INTO MISSIONS_TARGETS VALUES (236,14);
INSERT INTO MISSIONS_TARGETS VALUES (236,38);
INSERT INTO MISSIONS_TARGETS VALUES (237,109);
INSERT INTO MISSIONS_TARGETS VALUES (237,59);
INSERT INTO MISSIONS_TARGETS VALUES (237,246);
INSERT INTO MISSIONS_TARGETS VALUES (238,170);
INSERT INTO MISSIONS_TARGETS VALUES (238,42);
INSERT INTO MISSIONS_TARGETS VALUES (238,282);
INSERT INTO MISSIONS_TARGETS VALUES (239,86);
INSERT INTO MISSIONS_TARGETS VALUES (240,215);
INSERT INTO MISSIONS_TARGETS VALUES (241,9);
INSERT INTO MISSIONS_TARGETS VALUES (241,279);
INSERT INTO MISSIONS_TARGETS VALUES (242,144);
INSERT INTO MISSIONS_TARGETS VALUES (243,244);
INSERT INTO MISSIONS_TARGETS VALUES (243,239);
INSERT INTO MISSIONS_TARGETS VALUES (243,180);
INSERT INTO MISSIONS_TARGETS VALUES (243,3);
INSERT INTO MISSIONS_TARGETS VALUES (243,72);
INSERT INTO MISSIONS_TARGETS VALUES (244,10);
INSERT INTO MISSIONS_TARGETS VALUES (244,5);
INSERT INTO MISSIONS_TARGETS VALUES (246,32);
INSERT INTO MISSIONS_TARGETS VALUES (246,22);
INSERT INTO MISSIONS_TARGETS VALUES (247,328);
INSERT INTO MISSIONS_TARGETS VALUES (248,280);
INSERT INTO MISSIONS_TARGETS VALUES (249,165);
INSERT INTO MISSIONS_TARGETS VALUES (249,225);
INSERT INTO MISSIONS_TARGETS VALUES (250,253);
INSERT INTO MISSIONS_TARGETS VALUES (250,122);
INSERT INTO MISSIONS_TARGETS VALUES (250,80);
INSERT INTO MISSIONS_TARGETS VALUES (250,305);
INSERT INTO MISSIONS_TARGETS VALUES (250,78);
INSERT INTO MISSIONS_TARGETS VALUES (251,277);
INSERT INTO MISSIONS_TARGETS VALUES (251,185);
INSERT INTO MISSIONS_TARGETS VALUES (252,195);
INSERT INTO MISSIONS_TARGETS VALUES (252,55);
INSERT INTO MISSIONS_TARGETS VALUES (252,288);
INSERT INTO MISSIONS_TARGETS VALUES (253,135);
INSERT INTO MISSIONS_TARGETS VALUES (253,327);
INSERT INTO MISSIONS_TARGETS VALUES (254,74);
INSERT INTO MISSIONS_TARGETS VALUES (254,104);
INSERT INTO MISSIONS_TARGETS VALUES (254,222);
INSERT INTO MISSIONS_TARGETS VALUES (254,4);
INSERT INTO MISSIONS_TARGETS VALUES (255,199);
INSERT INTO MISSIONS_TARGETS VALUES (255,314);
INSERT INTO MISSIONS_TARGETS VALUES (255,7);
INSERT INTO MISSIONS_TARGETS VALUES (255,104);
INSERT INTO MISSIONS_TARGETS VALUES (256,173);
INSERT INTO MISSIONS_TARGETS VALUES (256,152);
INSERT INTO MISSIONS_TARGETS VALUES (256,45);
INSERT INTO MISSIONS_TARGETS VALUES (256,141);
INSERT INTO MISSIONS_TARGETS VALUES (256,9);
INSERT INTO MISSIONS_TARGETS VALUES (257,70);
INSERT INTO MISSIONS_TARGETS VALUES (258,188);
INSERT INTO MISSIONS_TARGETS VALUES (259,186);
INSERT INTO MISSIONS_TARGETS VALUES (260,301);
INSERT INTO MISSIONS_TARGETS VALUES (260,189);
INSERT INTO MISSIONS_TARGETS VALUES (261,217);
INSERT INTO MISSIONS_TARGETS VALUES (261,63);
INSERT INTO MISSIONS_TARGETS VALUES (262,173);
INSERT INTO MISSIONS_TARGETS VALUES (262,267);
INSERT INTO MISSIONS_TARGETS VALUES (262,175);
INSERT INTO MISSIONS_TARGETS VALUES (262,140);
INSERT INTO MISSIONS_TARGETS VALUES (262,174);
INSERT INTO MISSIONS_TARGETS VALUES (263,275);
INSERT INTO MISSIONS_TARGETS VALUES (263,38);
INSERT INTO MISSIONS_TARGETS VALUES (263,113);
INSERT INTO MISSIONS_TARGETS VALUES (264,254);
INSERT INTO MISSIONS_TARGETS VALUES (264,291);
INSERT INTO MISSIONS_TARGETS VALUES (265,172);
INSERT INTO MISSIONS_TARGETS VALUES (265,53);
INSERT INTO MISSIONS_TARGETS VALUES (265,221);
INSERT INTO MISSIONS_TARGETS VALUES (266,285);
INSERT INTO MISSIONS_TARGETS VALUES (266,43);
INSERT INTO MISSIONS_TARGETS VALUES (266,56);
INSERT INTO MISSIONS_TARGETS VALUES (266,129);
INSERT INTO MISSIONS_TARGETS VALUES (266,65);
INSERT INTO MISSIONS_TARGETS VALUES (267,211);
INSERT INTO MISSIONS_TARGETS VALUES (268,95);
INSERT INTO MISSIONS_TARGETS VALUES (268,51);
INSERT INTO MISSIONS_TARGETS VALUES (269,22);
INSERT INTO MISSIONS_TARGETS VALUES (269,99);
INSERT INTO MISSIONS_TARGETS VALUES (269,12);
INSERT INTO MISSIONS_TARGETS VALUES (270,250);
INSERT INTO MISSIONS_TARGETS VALUES (270,186);
INSERT INTO MISSIONS_TARGETS VALUES (270,43);
INSERT INTO MISSIONS_TARGETS VALUES (270,317);
INSERT INTO MISSIONS_TARGETS VALUES (271,313);
INSERT INTO MISSIONS_TARGETS VALUES (271,196);
INSERT INTO MISSIONS_TARGETS VALUES (272,47);
INSERT INTO MISSIONS_TARGETS VALUES (272,299);
INSERT INTO MISSIONS_TARGETS VALUES (273,158);
INSERT INTO MISSIONS_TARGETS VALUES (273,257);
INSERT INTO MISSIONS_TARGETS VALUES (274,76);
INSERT INTO MISSIONS_TARGETS VALUES (274,203);
INSERT INTO MISSIONS_TARGETS VALUES (275,76);
INSERT INTO MISSIONS_TARGETS VALUES (275,256);
INSERT INTO MISSIONS_TARGETS VALUES (275,263);
INSERT INTO MISSIONS_TARGETS VALUES (275,234);
INSERT INTO MISSIONS_TARGETS VALUES (276,235);
INSERT INTO MISSIONS_TARGETS VALUES (277,327);
INSERT INTO MISSIONS_TARGETS VALUES (278,79);
INSERT INTO MISSIONS_TARGETS VALUES (278,212);
INSERT INTO MISSIONS_TARGETS VALUES (278,63);
INSERT INTO MISSIONS_TARGETS VALUES (279,102);
INSERT INTO MISSIONS_TARGETS VALUES (279,229);
INSERT INTO MISSIONS_TARGETS VALUES (280,99);
INSERT INTO MISSIONS_TARGETS VALUES (280,130);
INSERT INTO MISSIONS_TARGETS VALUES (281,231);
INSERT INTO MISSIONS_TARGETS VALUES (281,235);
INSERT INTO MISSIONS_TARGETS VALUES (281,313);
INSERT INTO MISSIONS_TARGETS VALUES (282,210);
INSERT INTO MISSIONS_TARGETS VALUES (282,149);
INSERT INTO MISSIONS_TARGETS VALUES (283,116);
INSERT INTO MISSIONS_TARGETS VALUES (283,238);
INSERT INTO MISSIONS_TARGETS VALUES (284,131);
INSERT INTO MISSIONS_TARGETS VALUES (284,285);
INSERT INTO MISSIONS_TARGETS VALUES (284,40);
INSERT INTO MISSIONS_TARGETS VALUES (284,196);
INSERT INTO MISSIONS_TARGETS VALUES (284,298);
INSERT INTO MISSIONS_TARGETS VALUES (285,240);
INSERT INTO MISSIONS_TARGETS VALUES (285,86);
INSERT INTO MISSIONS_TARGETS VALUES (286,48);
INSERT INTO MISSIONS_TARGETS VALUES (286,161);
INSERT INTO MISSIONS_TARGETS VALUES (286,135);
INSERT INTO MISSIONS_TARGETS VALUES (287,299);
INSERT INTO MISSIONS_TARGETS VALUES (287,171);
INSERT INTO MISSIONS_TARGETS VALUES (287,48);
INSERT INTO MISSIONS_TARGETS VALUES (288,162);
INSERT INTO MISSIONS_TARGETS VALUES (289,271);
INSERT INTO MISSIONS_TARGETS VALUES (290,219);
INSERT INTO MISSIONS_TARGETS VALUES (290,53);
INSERT INTO MISSIONS_TARGETS VALUES (290,71);
INSERT INTO MISSIONS_TARGETS VALUES (291,210);
INSERT INTO MISSIONS_TARGETS VALUES (291,12);
INSERT INTO MISSIONS_TARGETS VALUES (292,45);
INSERT INTO MISSIONS_TARGETS VALUES (292,57);
INSERT INTO MISSIONS_TARGETS VALUES (293,135);
INSERT INTO MISSIONS_TARGETS VALUES (293,313);
INSERT INTO MISSIONS_TARGETS VALUES (294,322);
INSERT INTO MISSIONS_TARGETS VALUES (294,50);
INSERT INTO MISSIONS_TARGETS VALUES (294,102);
INSERT INTO MISSIONS_TARGETS VALUES (294,281);
INSERT INTO MISSIONS_TARGETS VALUES (295,190);
INSERT INTO MISSIONS_TARGETS VALUES (295,46);
INSERT INTO MISSIONS_TARGETS VALUES (296,325);
INSERT INTO MISSIONS_TARGETS VALUES (296,262);
INSERT INTO MISSIONS_TARGETS VALUES (296,311);
INSERT INTO MISSIONS_TARGETS VALUES (296,208);
INSERT INTO MISSIONS_TARGETS VALUES (296,287);
INSERT INTO MISSIONS_TARGETS VALUES (297,67);
INSERT INTO MISSIONS_TARGETS VALUES (297,77);
INSERT INTO MISSIONS_TARGETS VALUES (298,204);
INSERT INTO MISSIONS_TARGETS VALUES (299,76);
INSERT INTO MISSIONS_TARGETS VALUES (299,299);
INSERT INTO MISSIONS_TARGETS VALUES (299,149);
INSERT INTO MISSIONS_TARGETS VALUES (300,213);
INSERT INTO MISSIONS_TARGETS VALUES (301,324);
INSERT INTO MISSIONS_TARGETS VALUES (301,165);
INSERT INTO MISSIONS_TARGETS VALUES (301,35);
INSERT INTO MISSIONS_TARGETS VALUES (301,69);
INSERT INTO MISSIONS_TARGETS VALUES (301,124);
INSERT INTO MISSIONS_TARGETS VALUES (302,263);
INSERT INTO MISSIONS_TARGETS VALUES (302,286);
INSERT INTO MISSIONS_TARGETS VALUES (302,55);
INSERT INTO MISSIONS_TARGETS VALUES (302,109);
INSERT INTO MISSIONS_TARGETS VALUES (302,240);
INSERT INTO MISSIONS_TARGETS VALUES (303,160);
INSERT INTO MISSIONS_TARGETS VALUES (303,325);
INSERT INTO MISSIONS_TARGETS VALUES (303,27);
INSERT INTO MISSIONS_TARGETS VALUES (304,175);
INSERT INTO MISSIONS_TARGETS VALUES (304,258);
INSERT INTO MISSIONS_TARGETS VALUES (304,147);
INSERT INTO MISSIONS_TARGETS VALUES (304,144);
INSERT INTO MISSIONS_TARGETS VALUES (305,4);
INSERT INTO MISSIONS_TARGETS VALUES (305,36);
INSERT INTO MISSIONS_TARGETS VALUES (306,169);
INSERT INTO MISSIONS_TARGETS VALUES (306,219);
INSERT INTO MISSIONS_TARGETS VALUES (306,275);
INSERT INTO MISSIONS_TARGETS VALUES (306,16);
INSERT INTO MISSIONS_TARGETS VALUES (307,22);
INSERT INTO MISSIONS_TARGETS VALUES (308,30);
INSERT INTO MISSIONS_TARGETS VALUES (308,21);
INSERT INTO MISSIONS_TARGETS VALUES (308,229);
INSERT INTO MISSIONS_TARGETS VALUES (308,131);
INSERT INTO MISSIONS_TARGETS VALUES (309,264);
INSERT INTO MISSIONS_TARGETS VALUES (309,220);
INSERT INTO MISSIONS_TARGETS VALUES (309,141);
INSERT INTO MISSIONS_TARGETS VALUES (309,254);
INSERT INTO MISSIONS_TARGETS VALUES (310,2);
INSERT INTO MISSIONS_TARGETS VALUES (310,6);
INSERT INTO MISSIONS_TARGETS VALUES (310,152);
INSERT INTO MISSIONS_TARGETS VALUES (311,231);
INSERT INTO MISSIONS_TARGETS VALUES (311,220);
INSERT INTO MISSIONS_TARGETS VALUES (311,306);
INSERT INTO MISSIONS_TARGETS VALUES (311,198);
INSERT INTO MISSIONS_TARGETS VALUES (312,60);
INSERT INTO MISSIONS_TARGETS VALUES (312,63);
INSERT INTO MISSIONS_TARGETS VALUES (312,330);
INSERT INTO MISSIONS_TARGETS VALUES (313,145);
INSERT INTO MISSIONS_TARGETS VALUES (313,255);
INSERT INTO MISSIONS_TARGETS VALUES (313,294);
INSERT INTO MISSIONS_TARGETS VALUES (314,310);
INSERT INTO MISSIONS_TARGETS VALUES (315,148);
INSERT INTO MISSIONS_TARGETS VALUES (315,25);
INSERT INTO MISSIONS_TARGETS VALUES (315,308);
INSERT INTO MISSIONS_TARGETS VALUES (315,285);
INSERT INTO MISSIONS_TARGETS VALUES (316,52);
INSERT INTO MISSIONS_TARGETS VALUES (316,172);
INSERT INTO MISSIONS_TARGETS VALUES (317,191);
INSERT INTO MISSIONS_TARGETS VALUES (317,63);
INSERT INTO MISSIONS_TARGETS VALUES (317,198);
INSERT INTO MISSIONS_TARGETS VALUES (318,162);
INSERT INTO MISSIONS_TARGETS VALUES (318,61);
INSERT INTO MISSIONS_TARGETS VALUES (318,31);
INSERT INTO MISSIONS_TARGETS VALUES (318,262);
INSERT INTO MISSIONS_TARGETS VALUES (319,255);
INSERT INTO MISSIONS_TARGETS VALUES (319,235);
INSERT INTO MISSIONS_TARGETS VALUES (320,258);
INSERT INTO MISSIONS_TARGETS VALUES (320,158);
INSERT INTO MISSIONS_TARGETS VALUES (320,293);
INSERT INTO MISSIONS_TARGETS VALUES (321,24);
INSERT INTO MISSIONS_TARGETS VALUES (322,246);
INSERT INTO MISSIONS_TARGETS VALUES (322,277);
INSERT INTO MISSIONS_TARGETS VALUES (322,284);
INSERT INTO MISSIONS_TARGETS VALUES (322,217);
INSERT INTO MISSIONS_TARGETS VALUES (322,272);
INSERT INTO MISSIONS_TARGETS VALUES (323,111);
INSERT INTO MISSIONS_TARGETS VALUES (323,96);
INSERT INTO MISSIONS_TARGETS VALUES (324,256);
INSERT INTO MISSIONS_TARGETS VALUES (324,292);
INSERT INTO MISSIONS_TARGETS VALUES (324,17);
INSERT INTO MISSIONS_TARGETS VALUES (324,142);
INSERT INTO MISSIONS_TARGETS VALUES (325,270);
INSERT INTO MISSIONS_TARGETS VALUES (325,206);
INSERT INTO MISSIONS_TARGETS VALUES (326,198);
INSERT INTO MISSIONS_TARGETS VALUES (326,89);
INSERT INTO MISSIONS_TARGETS VALUES (326,61);
INSERT INTO MISSIONS_TARGETS VALUES (327,154);
INSERT INTO MISSIONS_TARGETS VALUES (328,187);
INSERT INTO MISSIONS_TARGETS VALUES (328,77);
INSERT INTO MISSIONS_TARGETS VALUES (329,243);
INSERT INTO MISSIONS_TARGETS VALUES (329,124);
INSERT INTO MISSIONS_TARGETS VALUES (329,48);
INSERT INTO MISSIONS_TARGETS VALUES (329,45);
INSERT INTO MISSIONS_TARGETS VALUES (330,209);
INSERT INTO MISSIONS_TARGETS VALUES (330,113);
INSERT INTO MISSIONS_TARGETS VALUES (330,248);
INSERT INTO MISSIONS_TARGETS VALUES (330,20);
INSERT INTO MISSIONS_TARGETS VALUES (330,181);
INSERT INTO MISSIONS_TARGETS VALUES (331,157);
INSERT INTO MISSIONS_TARGETS VALUES (331,61);
INSERT INTO MISSIONS_TARGETS VALUES (331,135);
INSERT INTO MISSIONS_TARGETS VALUES (332,239);
INSERT INTO MISSIONS_TARGETS VALUES (332,24);
INSERT INTO MISSIONS_TARGETS VALUES (332,204);
INSERT INTO MISSIONS_TARGETS VALUES (332,52);
INSERT INTO MISSIONS_TARGETS VALUES (332,257);
INSERT INTO MISSIONS_TARGETS VALUES (333,73);
INSERT INTO MISSIONS_TARGETS VALUES (333,276);
INSERT INTO MISSIONS_TARGETS VALUES (333,121);
INSERT INTO MISSIONS_TARGETS VALUES (333,298);
INSERT INTO MISSIONS_TARGETS VALUES (334,242);
INSERT INTO MISSIONS_TARGETS VALUES (334,14);
INSERT INTO MISSIONS_TARGETS VALUES (334,5);
INSERT INTO MISSIONS_TARGETS VALUES (335,326);
INSERT INTO MISSIONS_TARGETS VALUES (335,250);
INSERT INTO MISSIONS_TARGETS VALUES (335,158);
INSERT INTO MISSIONS_TARGETS VALUES (336,221);
INSERT INTO MISSIONS_TARGETS VALUES (336,266);
INSERT INTO MISSIONS_TARGETS VALUES (336,134);
INSERT INTO MISSIONS_TARGETS VALUES (336,190);
INSERT INTO MISSIONS_TARGETS VALUES (337,162);
INSERT INTO MISSIONS_TARGETS VALUES (337,214);
INSERT INTO MISSIONS_TARGETS VALUES (337,246);
INSERT INTO MISSIONS_TARGETS VALUES (338,71);
INSERT INTO MISSIONS_TARGETS VALUES (339,312);
INSERT INTO MISSIONS_TARGETS VALUES (339,76);
INSERT INTO MISSIONS_TARGETS VALUES (339,148);
INSERT INTO MISSIONS_TARGETS VALUES (340,301);
INSERT INTO MISSIONS_TARGETS VALUES (340,10);
INSERT INTO MISSIONS_TARGETS VALUES (340,93);
INSERT INTO MISSIONS_TARGETS VALUES (340,76);
INSERT INTO MISSIONS_TARGETS VALUES (341,6);
INSERT INTO MISSIONS_TARGETS VALUES (342,22);
INSERT INTO MISSIONS_TARGETS VALUES (342,300);
INSERT INTO MISSIONS_TARGETS VALUES (342,156);
INSERT INTO MISSIONS_TARGETS VALUES (342,322);
INSERT INTO MISSIONS_TARGETS VALUES (343,194);
INSERT INTO MISSIONS_TARGETS VALUES (343,223);
INSERT INTO MISSIONS_TARGETS VALUES (343,167);
INSERT INTO MISSIONS_TARGETS VALUES (344,245);
INSERT INTO MISSIONS_TARGETS VALUES (344,37);
INSERT INTO MISSIONS_TARGETS VALUES (345,34);
INSERT INTO MISSIONS_TARGETS VALUES (346,104);
INSERT INTO MISSIONS_TARGETS VALUES (346,173);
INSERT INTO MISSIONS_TARGETS VALUES (347,57);
INSERT INTO MISSIONS_TARGETS VALUES (347,209);
INSERT INTO MISSIONS_TARGETS VALUES (347,99);
INSERT INTO MISSIONS_TARGETS VALUES (347,245);
INSERT INTO MISSIONS_TARGETS VALUES (348,94);
INSERT INTO MISSIONS_TARGETS VALUES (348,18);
INSERT INTO MISSIONS_TARGETS VALUES (349,77);
INSERT INTO MISSIONS_TARGETS VALUES (350,160);
INSERT INTO MISSIONS_TARGETS VALUES (350,86);
INSERT INTO MISSIONS_TARGETS VALUES (350,195);
INSERT INTO MISSIONS_TARGETS VALUES (350,299);
INSERT INTO MISSIONS_TARGETS VALUES (350,220);
INSERT INTO MISSIONS_TARGETS VALUES (351,156);
INSERT INTO MISSIONS_TARGETS VALUES (352,282);
INSERT INTO MISSIONS_TARGETS VALUES (352,253);
INSERT INTO MISSIONS_TARGETS VALUES (352,17);
INSERT INTO MISSIONS_TARGETS VALUES (353,8);
INSERT INTO MISSIONS_TARGETS VALUES (353,7);
INSERT INTO MISSIONS_TARGETS VALUES (354,120);
INSERT INTO MISSIONS_TARGETS VALUES (354,215);
INSERT INTO MISSIONS_TARGETS VALUES (354,323);
INSERT INTO MISSIONS_TARGETS VALUES (354,326);
INSERT INTO MISSIONS_TARGETS VALUES (355,115);
INSERT INTO MISSIONS_TARGETS VALUES (356,212);
INSERT INTO MISSIONS_TARGETS VALUES (357,113);
INSERT INTO MISSIONS_TARGETS VALUES (357,233);
INSERT INTO MISSIONS_TARGETS VALUES (357,191);
INSERT INTO MISSIONS_TARGETS VALUES (358,118);
INSERT INTO MISSIONS_TARGETS VALUES (359,59);
INSERT INTO MISSIONS_TARGETS VALUES (359,82);
INSERT INTO MISSIONS_TARGETS VALUES (360,274);
INSERT INTO MISSIONS_TARGETS VALUES (360,327);
INSERT INTO MISSIONS_TARGETS VALUES (361,191);
INSERT INTO MISSIONS_TARGETS VALUES (362,28);
INSERT INTO MISSIONS_TARGETS VALUES (362,239);
INSERT INTO MISSIONS_TARGETS VALUES (362,222);
INSERT INTO MISSIONS_TARGETS VALUES (362,324);
INSERT INTO MISSIONS_TARGETS VALUES (363,319);
INSERT INTO MISSIONS_TARGETS VALUES (364,322);
INSERT INTO MISSIONS_TARGETS VALUES (364,31);
INSERT INTO MISSIONS_TARGETS VALUES (364,170);
INSERT INTO MISSIONS_TARGETS VALUES (365,286);
INSERT INTO MISSIONS_TARGETS VALUES (367,137);
INSERT INTO MISSIONS_TARGETS VALUES (367,171);
INSERT INTO MISSIONS_TARGETS VALUES (368,179);
INSERT INTO MISSIONS_TARGETS VALUES (368,172);
INSERT INTO MISSIONS_TARGETS VALUES (368,235);
INSERT INTO MISSIONS_TARGETS VALUES (368,206);
INSERT INTO MISSIONS_TARGETS VALUES (369,223);
INSERT INTO MISSIONS_TARGETS VALUES (369,275);
INSERT INTO MISSIONS_TARGETS VALUES (369,239);
INSERT INTO MISSIONS_TARGETS VALUES (370,95);
INSERT INTO MISSIONS_TARGETS VALUES (370,182);
INSERT INTO MISSIONS_TARGETS VALUES (370,97);
INSERT INTO MISSIONS_TARGETS VALUES (370,330);
INSERT INTO MISSIONS_TARGETS VALUES (371,230);
INSERT INTO MISSIONS_TARGETS VALUES (372,191);
INSERT INTO MISSIONS_TARGETS VALUES (372,18);
INSERT INTO MISSIONS_TARGETS VALUES (373,100);
INSERT INTO MISSIONS_TARGETS VALUES (374,151);
INSERT INTO MISSIONS_TARGETS VALUES (374,140);
INSERT INTO MISSIONS_TARGETS VALUES (375,40);
INSERT INTO MISSIONS_TARGETS VALUES (375,198);
INSERT INTO MISSIONS_TARGETS VALUES (376,196);
INSERT INTO MISSIONS_TARGETS VALUES (377,305);
INSERT INTO MISSIONS_TARGETS VALUES (378,299);
INSERT INTO MISSIONS_TARGETS VALUES (378,62);
INSERT INTO MISSIONS_TARGETS VALUES (378,306);
INSERT INTO MISSIONS_TARGETS VALUES (379,305);
INSERT INTO MISSIONS_TARGETS VALUES (380,47);
INSERT INTO MISSIONS_TARGETS VALUES (381,189);
INSERT INTO MISSIONS_TARGETS VALUES (382,223);
INSERT INTO MISSIONS_TARGETS VALUES (382,66);
INSERT INTO MISSIONS_TARGETS VALUES (383,265);
INSERT INTO MISSIONS_TARGETS VALUES (383,235);
INSERT INTO MISSIONS_TARGETS VALUES (383,79);
INSERT INTO MISSIONS_TARGETS VALUES (383,134);
INSERT INTO MISSIONS_TARGETS VALUES (383,243);
INSERT INTO MISSIONS_TARGETS VALUES (384,185);
INSERT INTO MISSIONS_TARGETS VALUES (384,183);
INSERT INTO MISSIONS_TARGETS VALUES (384,119);
INSERT INTO MISSIONS_TARGETS VALUES (385,33);
INSERT INTO MISSIONS_TARGETS VALUES (386,145);
INSERT INTO MISSIONS_TARGETS VALUES (386,280);
INSERT INTO MISSIONS_TARGETS VALUES (388,216);
INSERT INTO MISSIONS_TARGETS VALUES (388,84);
INSERT INTO MISSIONS_TARGETS VALUES (389,49);
INSERT INTO MISSIONS_TARGETS VALUES (389,252);
INSERT INTO MISSIONS_TARGETS VALUES (389,60);
INSERT INTO MISSIONS_TARGETS VALUES (389,154);
INSERT INTO MISSIONS_TARGETS VALUES (390,195);
INSERT INTO MISSIONS_TARGETS VALUES (390,148);
INSERT INTO MISSIONS_TARGETS VALUES (390,102);
INSERT INTO MISSIONS_TARGETS VALUES (391,322);
INSERT INTO MISSIONS_TARGETS VALUES (391,43);
INSERT INTO MISSIONS_TARGETS VALUES (391,28);
INSERT INTO MISSIONS_TARGETS VALUES (392,165);
INSERT INTO MISSIONS_TARGETS VALUES (392,72);
INSERT INTO MISSIONS_TARGETS VALUES (392,231);
INSERT INTO MISSIONS_TARGETS VALUES (392,132);
INSERT INTO MISSIONS_TARGETS VALUES (392,7);
INSERT INTO MISSIONS_TARGETS VALUES (393,162);
INSERT INTO MISSIONS_TARGETS VALUES (393,20);
INSERT INTO MISSIONS_TARGETS VALUES (393,25);
INSERT INTO MISSIONS_TARGETS VALUES (393,277);
INSERT INTO MISSIONS_TARGETS VALUES (393,311);
INSERT INTO MISSIONS_TARGETS VALUES (394,187);
INSERT INTO MISSIONS_TARGETS VALUES (394,65);
INSERT INTO MISSIONS_TARGETS VALUES (395,168);
INSERT INTO MISSIONS_TARGETS VALUES (396,254);
INSERT INTO MISSIONS_TARGETS VALUES (396,228);
INSERT INTO MISSIONS_TARGETS VALUES (396,65);
INSERT INTO MISSIONS_TARGETS VALUES (397,159);
INSERT INTO MISSIONS_TARGETS VALUES (398,66);
INSERT INTO MISSIONS_TARGETS VALUES (398,28);
INSERT INTO MISSIONS_TARGETS VALUES (398,206);
INSERT INTO MISSIONS_TARGETS VALUES (398,125);
INSERT INTO MISSIONS_TARGETS VALUES (398,93);
INSERT INTO MISSIONS_TARGETS VALUES (399,135);
INSERT INTO MISSIONS_TARGETS VALUES (399,65);
INSERT INTO MISSIONS_TARGETS VALUES (399,180);
INSERT INTO MISSIONS_TARGETS VALUES (400,144);
INSERT INTO MISSIONS_TARGETS VALUES (401,157);
INSERT INTO MISSIONS_TARGETS VALUES (401,138);
INSERT INTO MISSIONS_TARGETS VALUES (401,180);
INSERT INTO MISSIONS_TARGETS VALUES (401,108);
INSERT INTO MISSIONS_TARGETS VALUES (402,208);
INSERT INTO MISSIONS_TARGETS VALUES (403,3);
INSERT INTO MISSIONS_TARGETS VALUES (404,216);
INSERT INTO MISSIONS_TARGETS VALUES (404,221);
INSERT INTO MISSIONS_TARGETS VALUES (404,203);
INSERT INTO MISSIONS_TARGETS VALUES (404,21);
INSERT INTO MISSIONS_TARGETS VALUES (404,153);
INSERT INTO MISSIONS_TARGETS VALUES (405,178);
INSERT INTO MISSIONS_TARGETS VALUES (405,251);
INSERT INTO MISSIONS_TARGETS VALUES (405,68);
INSERT INTO MISSIONS_TARGETS VALUES (406,52);
INSERT INTO MISSIONS_TARGETS VALUES (407,177);
INSERT INTO MISSIONS_TARGETS VALUES (408,161);
INSERT INTO MISSIONS_TARGETS VALUES (408,60);
INSERT INTO MISSIONS_TARGETS VALUES (409,44);
INSERT INTO MISSIONS_TARGETS VALUES (409,327);
INSERT INTO MISSIONS_TARGETS VALUES (410,321);
INSERT INTO MISSIONS_TARGETS VALUES (410,219);
INSERT INTO MISSIONS_TARGETS VALUES (410,6);
INSERT INTO MISSIONS_TARGETS VALUES (410,180);
INSERT INTO MISSIONS_TARGETS VALUES (411,152);
INSERT INTO MISSIONS_TARGETS VALUES (412,249);
INSERT INTO MISSIONS_TARGETS VALUES (412,102);
INSERT INTO MISSIONS_TARGETS VALUES (412,164);
INSERT INTO MISSIONS_TARGETS VALUES (412,69);
INSERT INTO MISSIONS_TARGETS VALUES (413,11);
INSERT INTO MISSIONS_TARGETS VALUES (413,188);
INSERT INTO MISSIONS_TARGETS VALUES (413,37);
INSERT INTO MISSIONS_TARGETS VALUES (414,287);
INSERT INTO MISSIONS_TARGETS VALUES (414,318);
INSERT INTO MISSIONS_TARGETS VALUES (414,203);
INSERT INTO MISSIONS_TARGETS VALUES (414,223);
INSERT INTO MISSIONS_TARGETS VALUES (415,178);
INSERT INTO MISSIONS_TARGETS VALUES (415,110);
INSERT INTO MISSIONS_TARGETS VALUES (417,297);
INSERT INTO MISSIONS_TARGETS VALUES (417,315);
INSERT INTO MISSIONS_TARGETS VALUES (418,137);
INSERT INTO MISSIONS_TARGETS VALUES (419,131);
INSERT INTO MISSIONS_TARGETS VALUES (420,158);
INSERT INTO MISSIONS_TARGETS VALUES (420,41);
INSERT INTO MISSIONS_TARGETS VALUES (421,84);
INSERT INTO MISSIONS_TARGETS VALUES (422,145);
INSERT INTO MISSIONS_TARGETS VALUES (422,135);
INSERT INTO MISSIONS_TARGETS VALUES (422,8);
INSERT INTO MISSIONS_TARGETS VALUES (423,197);
INSERT INTO MISSIONS_TARGETS VALUES (423,8);
INSERT INTO MISSIONS_TARGETS VALUES (423,279);
INSERT INTO MISSIONS_TARGETS VALUES (424,238);
INSERT INTO MISSIONS_TARGETS VALUES (424,263);
INSERT INTO MISSIONS_TARGETS VALUES (425,11);
INSERT INTO MISSIONS_TARGETS VALUES (426,94);
INSERT INTO MISSIONS_TARGETS VALUES (427,211);
INSERT INTO MISSIONS_TARGETS VALUES (427,76);
INSERT INTO MISSIONS_TARGETS VALUES (428,224);
INSERT INTO MISSIONS_TARGETS VALUES (429,51);
INSERT INTO MISSIONS_TARGETS VALUES (429,186);
INSERT INTO MISSIONS_TARGETS VALUES (429,188);
INSERT INTO MISSIONS_TARGETS VALUES (429,25);
INSERT INTO MISSIONS_TARGETS VALUES (430,124);
INSERT INTO MISSIONS_TARGETS VALUES (430,155);
INSERT INTO MISSIONS_TARGETS VALUES (431,214);
INSERT INTO MISSIONS_TARGETS VALUES (432,197);
INSERT INTO MISSIONS_TARGETS VALUES (432,260);
INSERT INTO MISSIONS_TARGETS VALUES (433,192);
INSERT INTO MISSIONS_TARGETS VALUES (433,93);
INSERT INTO MISSIONS_TARGETS VALUES (433,138);
INSERT INTO MISSIONS_TARGETS VALUES (433,15);
INSERT INTO MISSIONS_TARGETS VALUES (433,157);
INSERT INTO MISSIONS_TARGETS VALUES (434,245);
INSERT INTO MISSIONS_TARGETS VALUES (434,239);
INSERT INTO MISSIONS_TARGETS VALUES (434,299);
INSERT INTO MISSIONS_TARGETS VALUES (434,251);
INSERT INTO MISSIONS_TARGETS VALUES (435,57);
INSERT INTO MISSIONS_TARGETS VALUES (435,306);
INSERT INTO MISSIONS_TARGETS VALUES (435,47);
INSERT INTO MISSIONS_TARGETS VALUES (435,110);
INSERT INTO MISSIONS_TARGETS VALUES (435,65);
INSERT INTO MISSIONS_TARGETS VALUES (436,176);
INSERT INTO MISSIONS_TARGETS VALUES (436,330);
INSERT INTO MISSIONS_TARGETS VALUES (436,223);
INSERT INTO MISSIONS_TARGETS VALUES (437,294);
INSERT INTO MISSIONS_TARGETS VALUES (438,92);
INSERT INTO MISSIONS_TARGETS VALUES (438,130);
INSERT INTO MISSIONS_TARGETS VALUES (439,94);
INSERT INTO MISSIONS_TARGETS VALUES (439,293);
INSERT INTO MISSIONS_TARGETS VALUES (439,219);
INSERT INTO MISSIONS_TARGETS VALUES (440,162);
INSERT INTO MISSIONS_TARGETS VALUES (441,190);
INSERT INTO MISSIONS_TARGETS VALUES (441,154);
INSERT INTO MISSIONS_TARGETS VALUES (442,310);
INSERT INTO MISSIONS_TARGETS VALUES (442,93);
INSERT INTO MISSIONS_TARGETS VALUES (442,288);
INSERT INTO MISSIONS_TARGETS VALUES (442,269);
INSERT INTO MISSIONS_TARGETS VALUES (443,186);
INSERT INTO MISSIONS_TARGETS VALUES (443,261);
INSERT INTO MISSIONS_TARGETS VALUES (443,80);
INSERT INTO MISSIONS_TARGETS VALUES (443,272);
INSERT INTO MISSIONS_TARGETS VALUES (444,312);
INSERT INTO MISSIONS_TARGETS VALUES (445,6);
INSERT INTO MISSIONS_TARGETS VALUES (445,65);
INSERT INTO MISSIONS_TARGETS VALUES (446,299);
INSERT INTO MISSIONS_TARGETS VALUES (446,186);
INSERT INTO MISSIONS_TARGETS VALUES (447,271);
INSERT INTO MISSIONS_TARGETS VALUES (447,102);
INSERT INTO MISSIONS_TARGETS VALUES (448,22);
INSERT INTO MISSIONS_TARGETS VALUES (449,304);
INSERT INTO MISSIONS_TARGETS VALUES (450,284);
INSERT INTO MISSIONS_TARGETS VALUES (451,62);
INSERT INTO MISSIONS_TARGETS VALUES (452,96);
INSERT INTO MISSIONS_TARGETS VALUES (452,284);
INSERT INTO MISSIONS_TARGETS VALUES (452,222);
INSERT INTO MISSIONS_TARGETS VALUES (452,72);
INSERT INTO MISSIONS_TARGETS VALUES (453,205);
INSERT INTO MISSIONS_TARGETS VALUES (453,173);
INSERT INTO MISSIONS_TARGETS VALUES (453,35);
INSERT INTO MISSIONS_TARGETS VALUES (453,270);
INSERT INTO MISSIONS_TARGETS VALUES (453,169);
INSERT INTO MISSIONS_TARGETS VALUES (454,211);
INSERT INTO MISSIONS_TARGETS VALUES (455,9);
INSERT INTO MISSIONS_TARGETS VALUES (456,39);
INSERT INTO MISSIONS_TARGETS VALUES (456,13);
INSERT INTO MISSIONS_TARGETS VALUES (456,236);
INSERT INTO MISSIONS_TARGETS VALUES (457,286);
INSERT INTO MISSIONS_TARGETS VALUES (458,185);
INSERT INTO MISSIONS_TARGETS VALUES (458,256);
INSERT INTO MISSIONS_TARGETS VALUES (459,245);
INSERT INTO MISSIONS_TARGETS VALUES (460,107);
INSERT INTO MISSIONS_TARGETS VALUES (460,21);
INSERT INTO MISSIONS_TARGETS VALUES (460,35);
INSERT INTO MISSIONS_TARGETS VALUES (461,81);
INSERT INTO MISSIONS_TARGETS VALUES (461,292);
INSERT INTO MISSIONS_TARGETS VALUES (463,232);
INSERT INTO MISSIONS_TARGETS VALUES (463,127);
INSERT INTO MISSIONS_TARGETS VALUES (464,240);
INSERT INTO MISSIONS_TARGETS VALUES (464,326);
INSERT INTO MISSIONS_TARGETS VALUES (465,21);
INSERT INTO MISSIONS_TARGETS VALUES (466,114);
INSERT INTO MISSIONS_TARGETS VALUES (467,275);
INSERT INTO MISSIONS_TARGETS VALUES (467,332);
INSERT INTO MISSIONS_TARGETS VALUES (467,112);
INSERT INTO MISSIONS_TARGETS VALUES (468,269);
INSERT INTO MISSIONS_TARGETS VALUES (468,211);
INSERT INTO MISSIONS_TARGETS VALUES (468,85);
INSERT INTO MISSIONS_TARGETS VALUES (468,232);
INSERT INTO MISSIONS_TARGETS VALUES (469,168);
INSERT INTO MISSIONS_TARGETS VALUES (469,320);
INSERT INTO MISSIONS_TARGETS VALUES (469,300);
INSERT INTO MISSIONS_TARGETS VALUES (469,309);
INSERT INTO MISSIONS_TARGETS VALUES (469,297);
INSERT INTO MISSIONS_TARGETS VALUES (470,199);
INSERT INTO MISSIONS_TARGETS VALUES (471,161);
INSERT INTO MISSIONS_TARGETS VALUES (471,277);
INSERT INTO MISSIONS_TARGETS VALUES (472,136);
INSERT INTO MISSIONS_TARGETS VALUES (473,16);
INSERT INTO MISSIONS_TARGETS VALUES (473,123);
INSERT INTO MISSIONS_TARGETS VALUES (474,55);
INSERT INTO MISSIONS_TARGETS VALUES (475,10);
INSERT INTO MISSIONS_TARGETS VALUES (475,323);
INSERT INTO MISSIONS_TARGETS VALUES (475,265);
INSERT INTO MISSIONS_TARGETS VALUES (476,296);
INSERT INTO MISSIONS_TARGETS VALUES (476,100);
INSERT INTO MISSIONS_TARGETS VALUES (476,126);
INSERT INTO MISSIONS_TARGETS VALUES (477,16);
INSERT INTO MISSIONS_TARGETS VALUES (477,288);
INSERT INTO MISSIONS_TARGETS VALUES (478,254);
INSERT INTO MISSIONS_TARGETS VALUES (478,273);
INSERT INTO MISSIONS_TARGETS VALUES (478,125);
INSERT INTO MISSIONS_TARGETS VALUES (479,230);
INSERT INTO MISSIONS_TARGETS VALUES (479,193);
INSERT INTO MISSIONS_TARGETS VALUES (479,225);
INSERT INTO MISSIONS_TARGETS VALUES (480,91);
INSERT INTO MISSIONS_TARGETS VALUES (480,117);
INSERT INTO MISSIONS_TARGETS VALUES (480,227);
INSERT INTO MISSIONS_TARGETS VALUES (480,273);
INSERT INTO MISSIONS_TARGETS VALUES (481,91);
INSERT INTO MISSIONS_TARGETS VALUES (482,235);
INSERT INTO MISSIONS_TARGETS VALUES (482,80);
INSERT INTO MISSIONS_TARGETS VALUES (483,175);
INSERT INTO MISSIONS_TARGETS VALUES (484,302);
INSERT INTO MISSIONS_TARGETS VALUES (484,197);
INSERT INTO MISSIONS_TARGETS VALUES (484,137);
INSERT INTO MISSIONS_TARGETS VALUES (484,131);
INSERT INTO MISSIONS_TARGETS VALUES (485,183);
INSERT INTO MISSIONS_TARGETS VALUES (486,206);
INSERT INTO MISSIONS_TARGETS VALUES (486,288);
INSERT INTO MISSIONS_TARGETS VALUES (486,246);
INSERT INTO MISSIONS_TARGETS VALUES (486,25);
INSERT INTO MISSIONS_TARGETS VALUES (486,211);
INSERT INTO MISSIONS_TARGETS VALUES (487,134);
INSERT INTO MISSIONS_TARGETS VALUES (487,275);
INSERT INTO MISSIONS_TARGETS VALUES (487,103);
INSERT INTO MISSIONS_TARGETS VALUES (488,211);
INSERT INTO MISSIONS_TARGETS VALUES (488,176);
INSERT INTO MISSIONS_TARGETS VALUES (488,107);
INSERT INTO MISSIONS_TARGETS VALUES (488,250);
INSERT INTO MISSIONS_TARGETS VALUES (489,61);
INSERT INTO MISSIONS_TARGETS VALUES (489,91);
INSERT INTO MISSIONS_TARGETS VALUES (490,242);
INSERT INTO MISSIONS_TARGETS VALUES (491,77);
INSERT INTO MISSIONS_TARGETS VALUES (493,262);
INSERT INTO MISSIONS_TARGETS VALUES (494,56);
INSERT INTO MISSIONS_TARGETS VALUES (494,124);
INSERT INTO MISSIONS_TARGETS VALUES (495,17);
INSERT INTO MISSIONS_TARGETS VALUES (495,70);
INSERT INTO MISSIONS_TARGETS VALUES (495,198);
INSERT INTO MISSIONS_TARGETS VALUES (495,285);
INSERT INTO MISSIONS_TARGETS VALUES (495,94);
INSERT INTO MISSIONS_TARGETS VALUES (496,105);
INSERT INTO MISSIONS_TARGETS VALUES (496,60);
INSERT INTO MISSIONS_TARGETS VALUES (496,291);
INSERT INTO MISSIONS_TARGETS VALUES (496,223);
INSERT INTO MISSIONS_TARGETS VALUES (497,288);
INSERT INTO MISSIONS_TARGETS VALUES (497,141);
INSERT INTO MISSIONS_TARGETS VALUES (497,193);
INSERT INTO MISSIONS_TARGETS VALUES (499,71);
INSERT INTO MISSIONS_TARGETS VALUES (499,250);
INSERT INTO MISSIONS_TARGETS VALUES (499,109);
INSERT INTO MISSIONS_TARGETS VALUES (499,129);
INSERT INTO MISSIONS_TARGETS VALUES (500,176);
INSERT INTO MISSIONS_TARGETS VALUES (500,95);
INSERT INTO MISSIONS_TARGETS VALUES (500,38);
INSERT INTO MISSIONS_TARGETS VALUES (501,47);
INSERT INTO MISSIONS_TARGETS VALUES (501,50);
INSERT INTO MISSIONS_TARGETS VALUES (501,237);
INSERT INTO MISSIONS_TARGETS VALUES (502,204);
INSERT INTO MISSIONS_TARGETS VALUES (502,109);
INSERT INTO MISSIONS_TARGETS VALUES (503,30);
INSERT INTO MISSIONS_TARGETS VALUES (503,145);
INSERT INTO MISSIONS_TARGETS VALUES (504,66);
INSERT INTO MISSIONS_TARGETS VALUES (505,141);
INSERT INTO MISSIONS_TARGETS VALUES (505,299);
INSERT INTO MISSIONS_TARGETS VALUES (506,182);
INSERT INTO MISSIONS_TARGETS VALUES (507,168);
INSERT INTO MISSIONS_TARGETS VALUES (507,297);
INSERT INTO MISSIONS_TARGETS VALUES (507,181);
INSERT INTO MISSIONS_TARGETS VALUES (508,127);
INSERT INTO MISSIONS_TARGETS VALUES (508,268);
INSERT INTO MISSIONS_TARGETS VALUES (509,140);
INSERT INTO MISSIONS_TARGETS VALUES (511,229);
INSERT INTO MISSIONS_TARGETS VALUES (512,313);
INSERT INTO MISSIONS_TARGETS VALUES (513,75);
INSERT INTO MISSIONS_TARGETS VALUES (513,194);
INSERT INTO MISSIONS_TARGETS VALUES (513,162);
INSERT INTO MISSIONS_TARGETS VALUES (513,53);
INSERT INTO MISSIONS_TARGETS VALUES (514,17);
INSERT INTO MISSIONS_TARGETS VALUES (515,284);
INSERT INTO MISSIONS_TARGETS VALUES (515,171);
INSERT INTO MISSIONS_TARGETS VALUES (515,295);
INSERT INTO MISSIONS_TARGETS VALUES (515,70);
INSERT INTO MISSIONS_TARGETS VALUES (516,294);
INSERT INTO MISSIONS_TARGETS VALUES (516,155);
INSERT INTO MISSIONS_TARGETS VALUES (516,68);
INSERT INTO MISSIONS_TARGETS VALUES (517,43);
INSERT INTO MISSIONS_TARGETS VALUES (517,112);
INSERT INTO MISSIONS_TARGETS VALUES (517,246);
INSERT INTO MISSIONS_TARGETS VALUES (518,155);
INSERT INTO MISSIONS_TARGETS VALUES (519,3);
INSERT INTO MISSIONS_TARGETS VALUES (520,183);
INSERT INTO MISSIONS_TARGETS VALUES (520,50);
INSERT INTO MISSIONS_TARGETS VALUES (520,216);
INSERT INTO MISSIONS_TARGETS VALUES (521,168);
INSERT INTO MISSIONS_TARGETS VALUES (522,75);
INSERT INTO MISSIONS_TARGETS VALUES (522,145);
INSERT INTO MISSIONS_TARGETS VALUES (522,141);
INSERT INTO MISSIONS_TARGETS VALUES (523,177);
INSERT INTO MISSIONS_TARGETS VALUES (523,237);
INSERT INTO MISSIONS_TARGETS VALUES (523,204);
INSERT INTO MISSIONS_TARGETS VALUES (523,75);
INSERT INTO MISSIONS_TARGETS VALUES (523,37);
INSERT INTO MISSIONS_TARGETS VALUES (524,104);
INSERT INTO MISSIONS_TARGETS VALUES (524,186);
INSERT INTO MISSIONS_TARGETS VALUES (524,67);
INSERT INTO MISSIONS_TARGETS VALUES (524,326);
INSERT INTO MISSIONS_TARGETS VALUES (526,284);
INSERT INTO MISSIONS_TARGETS VALUES (526,39);
INSERT INTO MISSIONS_TARGETS VALUES (526,196);
INSERT INTO MISSIONS_TARGETS VALUES (526,7);
INSERT INTO MISSIONS_TARGETS VALUES (526,245);
INSERT INTO MISSIONS_TARGETS VALUES (527,24);
INSERT INTO MISSIONS_TARGETS VALUES (527,224);
INSERT INTO MISSIONS_TARGETS VALUES (527,192);
INSERT INTO MISSIONS_TARGETS VALUES (528,297);
INSERT INTO MISSIONS_TARGETS VALUES (528,211);
INSERT INTO MISSIONS_TARGETS VALUES (528,80);
INSERT INTO MISSIONS_TARGETS VALUES (529,119);
INSERT INTO MISSIONS_TARGETS VALUES (531,33);
INSERT INTO MISSIONS_TARGETS VALUES (531,37);
INSERT INTO MISSIONS_TARGETS VALUES (531,87);
INSERT INTO MISSIONS_TARGETS VALUES (531,249);
INSERT INTO MISSIONS_TARGETS VALUES (531,319);
INSERT INTO MISSIONS_TARGETS VALUES (532,200);
INSERT INTO MISSIONS_TARGETS VALUES (532,232);
INSERT INTO MISSIONS_TARGETS VALUES (533,269);
INSERT INTO MISSIONS_TARGETS VALUES (533,212);
INSERT INTO MISSIONS_TARGETS VALUES (533,188);
INSERT INTO MISSIONS_TARGETS VALUES (534,148);
INSERT INTO MISSIONS_TARGETS VALUES (534,221);
INSERT INTO MISSIONS_TARGETS VALUES (534,107);
INSERT INTO MISSIONS_TARGETS VALUES (534,288);
INSERT INTO MISSIONS_TARGETS VALUES (535,262);
INSERT INTO MISSIONS_TARGETS VALUES (536,14);
INSERT INTO MISSIONS_TARGETS VALUES (536,287);
INSERT INTO MISSIONS_TARGETS VALUES (537,96);
INSERT INTO MISSIONS_TARGETS VALUES (537,319);
INSERT INTO MISSIONS_TARGETS VALUES (537,34);
INSERT INTO MISSIONS_TARGETS VALUES (537,156);
INSERT INTO MISSIONS_TARGETS VALUES (538,136);
INSERT INTO MISSIONS_TARGETS VALUES (538,162);
INSERT INTO MISSIONS_TARGETS VALUES (538,78);
INSERT INTO MISSIONS_TARGETS VALUES (539,58);
INSERT INTO MISSIONS_TARGETS VALUES (539,191);
INSERT INTO MISSIONS_TARGETS VALUES (539,279);
INSERT INTO MISSIONS_TARGETS VALUES (539,192);
INSERT INTO MISSIONS_TARGETS VALUES (540,233);
INSERT INTO MISSIONS_TARGETS VALUES (540,55);
INSERT INTO MISSIONS_TARGETS VALUES (540,70);
INSERT INTO MISSIONS_TARGETS VALUES (541,86);
INSERT INTO MISSIONS_TARGETS VALUES (541,246);
INSERT INTO MISSIONS_TARGETS VALUES (541,249);
INSERT INTO MISSIONS_TARGETS VALUES (542,232);
INSERT INTO MISSIONS_TARGETS VALUES (542,99);
INSERT INTO MISSIONS_TARGETS VALUES (542,50);
INSERT INTO MISSIONS_TARGETS VALUES (543,303);
INSERT INTO MISSIONS_TARGETS VALUES (543,111);
INSERT INTO MISSIONS_TARGETS VALUES (543,218);
INSERT INTO MISSIONS_TARGETS VALUES (543,254);
INSERT INTO MISSIONS_TARGETS VALUES (544,202);
INSERT INTO MISSIONS_TARGETS VALUES (544,29);
INSERT INTO MISSIONS_TARGETS VALUES (544,244);
INSERT INTO MISSIONS_TARGETS VALUES (544,41);
INSERT INTO MISSIONS_TARGETS VALUES (545,184);
INSERT INTO MISSIONS_TARGETS VALUES (546,143);
INSERT INTO MISSIONS_TARGETS VALUES (547,21);
INSERT INTO MISSIONS_TARGETS VALUES (548,108);
INSERT INTO MISSIONS_TARGETS VALUES (548,114);
INSERT INTO MISSIONS_TARGETS VALUES (548,186);
INSERT INTO MISSIONS_TARGETS VALUES (548,160);
INSERT INTO MISSIONS_TARGETS VALUES (549,76);
INSERT INTO MISSIONS_TARGETS VALUES (549,51);
INSERT INTO MISSIONS_TARGETS VALUES (549,128);
INSERT INTO MISSIONS_TARGETS VALUES (551,251);
INSERT INTO MISSIONS_TARGETS VALUES (551,156);
INSERT INTO MISSIONS_TARGETS VALUES (551,32);
INSERT INTO MISSIONS_TARGETS VALUES (551,217);
INSERT INTO MISSIONS_TARGETS VALUES (552,102);
INSERT INTO MISSIONS_TARGETS VALUES (552,27);
INSERT INTO MISSIONS_TARGETS VALUES (552,300);
INSERT INTO MISSIONS_TARGETS VALUES (553,182);
INSERT INTO MISSIONS_TARGETS VALUES (554,318);
INSERT INTO MISSIONS_TARGETS VALUES (554,120);
INSERT INTO MISSIONS_TARGETS VALUES (554,242);
INSERT INTO MISSIONS_TARGETS VALUES (554,179);
INSERT INTO MISSIONS_TARGETS VALUES (555,294);
INSERT INTO MISSIONS_TARGETS VALUES (557,227);
INSERT INTO MISSIONS_TARGETS VALUES (557,228);
INSERT INTO MISSIONS_TARGETS VALUES (557,63);
INSERT INTO MISSIONS_TARGETS VALUES (558,247);
INSERT INTO MISSIONS_TARGETS VALUES (559,103);
INSERT INTO MISSIONS_TARGETS VALUES (559,20);
INSERT INTO MISSIONS_TARGETS VALUES (560,84);
INSERT INTO MISSIONS_TARGETS VALUES (561,242);
INSERT INTO MISSIONS_TARGETS VALUES (561,194);
INSERT INTO MISSIONS_TARGETS VALUES (561,240);
INSERT INTO MISSIONS_TARGETS VALUES (562,311);
INSERT INTO MISSIONS_TARGETS VALUES (563,87);
INSERT INTO MISSIONS_TARGETS VALUES (564,274);
INSERT INTO MISSIONS_TARGETS VALUES (564,130);
INSERT INTO MISSIONS_TARGETS VALUES (564,128);
INSERT INTO MISSIONS_TARGETS VALUES (564,187);
INSERT INTO MISSIONS_TARGETS VALUES (564,185);
INSERT INTO MISSIONS_TARGETS VALUES (565,319);
INSERT INTO MISSIONS_TARGETS VALUES (565,83);
INSERT INTO MISSIONS_TARGETS VALUES (566,187);
INSERT INTO MISSIONS_TARGETS VALUES (566,248);
INSERT INTO MISSIONS_TARGETS VALUES (566,72);
INSERT INTO MISSIONS_TARGETS VALUES (567,54);
INSERT INTO MISSIONS_TARGETS VALUES (568,191);
INSERT INTO MISSIONS_TARGETS VALUES (569,222);
INSERT INTO MISSIONS_TARGETS VALUES (570,327);
INSERT INTO MISSIONS_TARGETS VALUES (570,211);
INSERT INTO MISSIONS_TARGETS VALUES (570,150);
INSERT INTO MISSIONS_TARGETS VALUES (570,213);
INSERT INTO MISSIONS_TARGETS VALUES (571,212);
INSERT INTO MISSIONS_TARGETS VALUES (572,220);
INSERT INTO MISSIONS_TARGETS VALUES (572,62);
INSERT INTO MISSIONS_TARGETS VALUES (572,177);
INSERT INTO MISSIONS_TARGETS VALUES (572,153);
INSERT INTO MISSIONS_TARGETS VALUES (573,69);
INSERT INTO MISSIONS_TARGETS VALUES (573,184);
INSERT INTO MISSIONS_TARGETS VALUES (573,225);
INSERT INTO MISSIONS_TARGETS VALUES (573,35);
INSERT INTO MISSIONS_TARGETS VALUES (574,67);
INSERT INTO MISSIONS_TARGETS VALUES (574,79);
INSERT INTO MISSIONS_TARGETS VALUES (574,97);
INSERT INTO MISSIONS_TARGETS VALUES (574,327);
INSERT INTO MISSIONS_TARGETS VALUES (575,143);
INSERT INTO MISSIONS_TARGETS VALUES (575,259);
INSERT INTO MISSIONS_TARGETS VALUES (576,173);
INSERT INTO MISSIONS_TARGETS VALUES (576,131);
INSERT INTO MISSIONS_TARGETS VALUES (577,247);
INSERT INTO MISSIONS_TARGETS VALUES (577,201);
INSERT INTO MISSIONS_TARGETS VALUES (577,172);
INSERT INTO MISSIONS_TARGETS VALUES (578,243);
INSERT INTO MISSIONS_TARGETS VALUES (578,145);
INSERT INTO MISSIONS_TARGETS VALUES (578,216);
INSERT INTO MISSIONS_TARGETS VALUES (578,192);
INSERT INTO MISSIONS_TARGETS VALUES (578,7);
INSERT INTO MISSIONS_TARGETS VALUES (579,56);
INSERT INTO MISSIONS_TARGETS VALUES (579,288);
INSERT INTO MISSIONS_TARGETS VALUES (579,283);
INSERT INTO MISSIONS_TARGETS VALUES (580,331);
INSERT INTO MISSIONS_TARGETS VALUES (581,142);
INSERT INTO MISSIONS_TARGETS VALUES (581,34);
INSERT INTO MISSIONS_TARGETS VALUES (581,23);
INSERT INTO MISSIONS_TARGETS VALUES (581,60);
INSERT INTO MISSIONS_TARGETS VALUES (581,148);
INSERT INTO MISSIONS_TARGETS VALUES (582,146);
INSERT INTO MISSIONS_TARGETS VALUES (582,72);
INSERT INTO MISSIONS_TARGETS VALUES (584,152);
INSERT INTO MISSIONS_TARGETS VALUES (584,193);
INSERT INTO MISSIONS_TARGETS VALUES (584,273);
INSERT INTO MISSIONS_TARGETS VALUES (584,149);
INSERT INTO MISSIONS_TARGETS VALUES (585,258);
INSERT INTO MISSIONS_TARGETS VALUES (585,34);
INSERT INTO MISSIONS_TARGETS VALUES (586,328);
INSERT INTO MISSIONS_TARGETS VALUES (586,286);
INSERT INTO MISSIONS_TARGETS VALUES (586,283);
INSERT INTO MISSIONS_TARGETS VALUES (587,330);
INSERT INTO MISSIONS_TARGETS VALUES (587,136);
INSERT INTO MISSIONS_TARGETS VALUES (588,26);
INSERT INTO MISSIONS_TARGETS VALUES (588,16);
INSERT INTO MISSIONS_TARGETS VALUES (588,183);
INSERT INTO MISSIONS_TARGETS VALUES (588,63);
INSERT INTO MISSIONS_TARGETS VALUES (589,202);
INSERT INTO MISSIONS_TARGETS VALUES (589,68);
INSERT INTO MISSIONS_TARGETS VALUES (589,70);
INSERT INTO MISSIONS_TARGETS VALUES (589,287);
INSERT INTO MISSIONS_TARGETS VALUES (590,305);
INSERT INTO MISSIONS_TARGETS VALUES (590,209);
INSERT INTO MISSIONS_TARGETS VALUES (591,309);
INSERT INTO MISSIONS_TARGETS VALUES (592,67);
INSERT INTO MISSIONS_TARGETS VALUES (592,151);
INSERT INTO MISSIONS_TARGETS VALUES (592,325);
INSERT INTO MISSIONS_TARGETS VALUES (592,302);
INSERT INTO MISSIONS_TARGETS VALUES (592,191);
INSERT INTO MISSIONS_TARGETS VALUES (593,190);
INSERT INTO MISSIONS_TARGETS VALUES (594,162);
INSERT INTO MISSIONS_TARGETS VALUES (594,69);
INSERT INTO MISSIONS_TARGETS VALUES (594,301);
INSERT INTO MISSIONS_TARGETS VALUES (594,85);
INSERT INTO MISSIONS_TARGETS VALUES (595,82);
INSERT INTO MISSIONS_TARGETS VALUES (595,251);
INSERT INTO MISSIONS_TARGETS VALUES (596,61);
INSERT INTO MISSIONS_TARGETS VALUES (596,60);
INSERT INTO MISSIONS_TARGETS VALUES (596,192);
INSERT INTO MISSIONS_TARGETS VALUES (597,232);
INSERT INTO MISSIONS_TARGETS VALUES (598,40);
INSERT INTO MISSIONS_TARGETS VALUES (599,255);
INSERT INTO MISSIONS_TARGETS VALUES (599,44);
INSERT INTO MISSIONS_TARGETS VALUES (599,178);
INSERT INTO MISSIONS_TARGETS VALUES (599,63);
INSERT INTO MISSIONS_TARGETS VALUES (600,111);
INSERT INTO MISSIONS_TARGETS VALUES (600,223);
INSERT INTO MISSIONS_TARGETS VALUES (600,162);
INSERT INTO MISSIONS_TARGETS VALUES (600,103);
INSERT INTO MISSIONS_TARGETS VALUES (601,281);
INSERT INTO MISSIONS_TARGETS VALUES (602,98);
INSERT INTO MISSIONS_TARGETS VALUES (602,108);
INSERT INTO MISSIONS_TARGETS VALUES (602,290);
INSERT INTO MISSIONS_TARGETS VALUES (603,6);
INSERT INTO MISSIONS_TARGETS VALUES (603,72);
INSERT INTO MISSIONS_TARGETS VALUES (603,49);
INSERT INTO MISSIONS_TARGETS VALUES (603,159);
INSERT INTO MISSIONS_TARGETS VALUES (603,69);
INSERT INTO MISSIONS_TARGETS VALUES (604,92);
INSERT INTO MISSIONS_TARGETS VALUES (604,38);
INSERT INTO MISSIONS_TARGETS VALUES (604,81);
INSERT INTO MISSIONS_TARGETS VALUES (605,255);
INSERT INTO MISSIONS_TARGETS VALUES (605,176);
INSERT INTO MISSIONS_TARGETS VALUES (605,124);
INSERT INTO MISSIONS_TARGETS VALUES (606,107);
INSERT INTO MISSIONS_TARGETS VALUES (606,7);
INSERT INTO MISSIONS_TARGETS VALUES (606,317);
INSERT INTO MISSIONS_TARGETS VALUES (607,29);
INSERT INTO MISSIONS_TARGETS VALUES (607,46);
INSERT INTO MISSIONS_TARGETS VALUES (607,30);
INSERT INTO MISSIONS_TARGETS VALUES (607,265);
INSERT INTO MISSIONS_TARGETS VALUES (608,254);
INSERT INTO MISSIONS_TARGETS VALUES (608,123);
INSERT INTO MISSIONS_TARGETS VALUES (608,16);
INSERT INTO MISSIONS_TARGETS VALUES (608,45);
INSERT INTO MISSIONS_TARGETS VALUES (608,23);
INSERT INTO MISSIONS_TARGETS VALUES (609,228);
INSERT INTO MISSIONS_TARGETS VALUES (609,279);
INSERT INTO MISSIONS_TARGETS VALUES (609,201);
INSERT INTO MISSIONS_TARGETS VALUES (609,26);
INSERT INTO MISSIONS_TARGETS VALUES (609,105);
INSERT INTO MISSIONS_TARGETS VALUES (610,231);
INSERT INTO MISSIONS_TARGETS VALUES (610,154);
INSERT INTO MISSIONS_TARGETS VALUES (611,197);
INSERT INTO MISSIONS_TARGETS VALUES (611,46);
INSERT INTO MISSIONS_TARGETS VALUES (612,123);
INSERT INTO MISSIONS_TARGETS VALUES (612,183);
INSERT INTO MISSIONS_TARGETS VALUES (614,328);
INSERT INTO MISSIONS_TARGETS VALUES (614,49);
INSERT INTO MISSIONS_TARGETS VALUES (615,63);
INSERT INTO MISSIONS_TARGETS VALUES (615,189);
INSERT INTO MISSIONS_TARGETS VALUES (615,74);
INSERT INTO MISSIONS_TARGETS VALUES (616,213);
INSERT INTO MISSIONS_TARGETS VALUES (616,236);
INSERT INTO MISSIONS_TARGETS VALUES (616,299);
INSERT INTO MISSIONS_TARGETS VALUES (617,41);
INSERT INTO MISSIONS_TARGETS VALUES (618,278);
INSERT INTO MISSIONS_TARGETS VALUES (618,54);
INSERT INTO MISSIONS_TARGETS VALUES (618,285);
INSERT INTO MISSIONS_TARGETS VALUES (618,108);
INSERT INTO MISSIONS_TARGETS VALUES (619,318);
INSERT INTO MISSIONS_TARGETS VALUES (619,170);
INSERT INTO MISSIONS_TARGETS VALUES (620,64);
INSERT INTO MISSIONS_TARGETS VALUES (621,230);
INSERT INTO MISSIONS_TARGETS VALUES (621,132);
INSERT INTO MISSIONS_TARGETS VALUES (621,216);
INSERT INTO MISSIONS_TARGETS VALUES (622,234);
INSERT INTO MISSIONS_TARGETS VALUES (622,52);
INSERT INTO MISSIONS_TARGETS VALUES (622,89);
INSERT INTO MISSIONS_TARGETS VALUES (623,117);
INSERT INTO MISSIONS_TARGETS VALUES (624,156);
INSERT INTO MISSIONS_TARGETS VALUES (624,57);
INSERT INTO MISSIONS_TARGETS VALUES (625,24);
INSERT INTO MISSIONS_TARGETS VALUES (625,307);
INSERT INTO MISSIONS_TARGETS VALUES (625,207);
INSERT INTO MISSIONS_TARGETS VALUES (626,218);
INSERT INTO MISSIONS_TARGETS VALUES (627,189);
INSERT INTO MISSIONS_TARGETS VALUES (627,315);
INSERT INTO MISSIONS_TARGETS VALUES (628,316);
INSERT INTO MISSIONS_TARGETS VALUES (629,78);
INSERT INTO MISSIONS_TARGETS VALUES (629,127);
INSERT INTO MISSIONS_TARGETS VALUES (630,137);
INSERT INTO MISSIONS_TARGETS VALUES (631,105);
INSERT INTO MISSIONS_TARGETS VALUES (631,94);
INSERT INTO MISSIONS_TARGETS VALUES (631,88);
INSERT INTO MISSIONS_TARGETS VALUES (631,50);
INSERT INTO MISSIONS_TARGETS VALUES (632,173);
INSERT INTO MISSIONS_TARGETS VALUES (634,150);
INSERT INTO MISSIONS_TARGETS VALUES (635,2);
INSERT INTO MISSIONS_TARGETS VALUES (635,332);
INSERT INTO MISSIONS_TARGETS VALUES (636,46);
INSERT INTO MISSIONS_TARGETS VALUES (637,20);
INSERT INTO MISSIONS_TARGETS VALUES (637,214);
INSERT INTO MISSIONS_TARGETS VALUES (639,141);
INSERT INTO MISSIONS_TARGETS VALUES (639,128);
INSERT INTO MISSIONS_TARGETS VALUES (639,325);
INSERT INTO MISSIONS_TARGETS VALUES (639,83);
INSERT INTO MISSIONS_TARGETS VALUES (640,90);
INSERT INTO MISSIONS_TARGETS VALUES (641,54);
INSERT INTO MISSIONS_TARGETS VALUES (641,301);
INSERT INTO MISSIONS_TARGETS VALUES (642,105);
INSERT INTO MISSIONS_TARGETS VALUES (643,39);
INSERT INTO MISSIONS_TARGETS VALUES (644,80);
INSERT INTO MISSIONS_TARGETS VALUES (644,243);
INSERT INTO MISSIONS_TARGETS VALUES (645,129);
INSERT INTO MISSIONS_TARGETS VALUES (645,107);
INSERT INTO MISSIONS_TARGETS VALUES (645,1);
INSERT INTO MISSIONS_TARGETS VALUES (646,71);
INSERT INTO MISSIONS_TARGETS VALUES (646,192);
INSERT INTO MISSIONS_TARGETS VALUES (646,230);
INSERT INTO MISSIONS_TARGETS VALUES (646,267);
INSERT INTO MISSIONS_TARGETS VALUES (648,145);
INSERT INTO MISSIONS_TARGETS VALUES (649,128);
INSERT INTO MISSIONS_TARGETS VALUES (649,68);
INSERT INTO MISSIONS_TARGETS VALUES (650,275);
INSERT INTO MISSIONS_TARGETS VALUES (650,205);
INSERT INTO MISSIONS_TARGETS VALUES (650,145);
INSERT INTO MISSIONS_TARGETS VALUES (650,215);
INSERT INTO MISSIONS_TARGETS VALUES (651,85);
INSERT INTO MISSIONS_TARGETS VALUES (651,218);
INSERT INTO MISSIONS_TARGETS VALUES (653,85);
INSERT INTO MISSIONS_TARGETS VALUES (654,26);
INSERT INTO MISSIONS_TARGETS VALUES (654,117);
INSERT INTO MISSIONS_TARGETS VALUES (655,85);
INSERT INTO MISSIONS_TARGETS VALUES (655,4);
INSERT INTO MISSIONS_TARGETS VALUES (655,123);
INSERT INTO MISSIONS_TARGETS VALUES (657,29);
INSERT INTO MISSIONS_TARGETS VALUES (657,326);
INSERT INTO MISSIONS_TARGETS VALUES (657,298);
INSERT INTO MISSIONS_TARGETS VALUES (658,323);
INSERT INTO MISSIONS_TARGETS VALUES (658,143);
INSERT INTO MISSIONS_TARGETS VALUES (658,163);
INSERT INTO MISSIONS_TARGETS VALUES (659,151);
INSERT INTO MISSIONS_TARGETS VALUES (659,272);
INSERT INTO MISSIONS_TARGETS VALUES (659,77);
INSERT INTO MISSIONS_TARGETS VALUES (660,46);
INSERT INTO MISSIONS_TARGETS VALUES (661,166);
INSERT INTO MISSIONS_TARGETS VALUES (661,290);
INSERT INTO MISSIONS_TARGETS VALUES (662,253);
INSERT INTO MISSIONS_TARGETS VALUES (662,309);
INSERT INTO MISSIONS_TARGETS VALUES (662,180);
INSERT INTO MISSIONS_TARGETS VALUES (663,153);
INSERT INTO MISSIONS_TARGETS VALUES (663,208);
INSERT INTO MISSIONS_TARGETS VALUES (663,200);
INSERT INTO MISSIONS_TARGETS VALUES (664,283);
INSERT INTO MISSIONS_TARGETS VALUES (664,97);
INSERT INTO MISSIONS_TARGETS VALUES (664,273);
INSERT INTO MISSIONS_TARGETS VALUES (664,1);
INSERT INTO MISSIONS_TARGETS VALUES (665,90);
INSERT INTO MISSIONS_TARGETS VALUES (665,321);
INSERT INTO MISSIONS_TARGETS VALUES (665,301);
INSERT INTO MISSIONS_TARGETS VALUES (667,209);
INSERT INTO MISSIONS_TARGETS VALUES (667,75);
INSERT INTO MISSIONS_TARGETS VALUES (1,256);
INSERT INTO MISSIONS_TARGETS VALUES (1,35);
INSERT INTO MISSIONS_TARGETS VALUES (1,134);
INSERT INTO MISSIONS_TARGETS VALUES (2,267);
INSERT INTO MISSIONS_TARGETS VALUES (2,283);
INSERT INTO MISSIONS_TARGETS VALUES (2,235);
INSERT INTO MISSIONS_TARGETS VALUES (2,280);
INSERT INTO MISSIONS_TARGETS VALUES (2,157);
INSERT INTO MISSIONS_TARGETS VALUES (3,121);
INSERT INTO MISSIONS_TARGETS VALUES (3,312);
INSERT INTO MISSIONS_TARGETS VALUES (3,282);
INSERT INTO MISSIONS_TARGETS VALUES (3,293);
INSERT INTO MISSIONS_TARGETS VALUES (3,81);
INSERT INTO MISSIONS_TARGETS VALUES (4,173);
INSERT INTO MISSIONS_TARGETS VALUES (4,65);
INSERT INTO MISSIONS_TARGETS VALUES (5,223);
INSERT INTO MISSIONS_TARGETS VALUES (6,242);
INSERT INTO MISSIONS_TARGETS VALUES (6,212);
INSERT INTO MISSIONS_TARGETS VALUES (6,51);
INSERT INTO MISSIONS_TARGETS VALUES (7,156);
INSERT INTO MISSIONS_TARGETS VALUES (8,296);
INSERT INTO MISSIONS_TARGETS VALUES (9,72);
INSERT INTO MISSIONS_TARGETS VALUES (9,227);
INSERT INTO MISSIONS_TARGETS VALUES (9,34);
INSERT INTO MISSIONS_TARGETS VALUES (9,127);
INSERT INTO MISSIONS_TARGETS VALUES (9,327);
INSERT INTO MISSIONS_TARGETS VALUES (10,272);
INSERT INTO MISSIONS_TARGETS VALUES (10,241);
INSERT INTO MISSIONS_TARGETS VALUES (10,315);
INSERT INTO MISSIONS_TARGETS VALUES (11,260);
INSERT INTO MISSIONS_TARGETS VALUES (11,205);
INSERT INTO MISSIONS_TARGETS VALUES (11,326);
INSERT INTO MISSIONS_TARGETS VALUES (11,166);
INSERT INTO MISSIONS_TARGETS VALUES (12,304);
INSERT INTO MISSIONS_TARGETS VALUES (12,187);
INSERT INTO MISSIONS_TARGETS VALUES (13,211);
INSERT INTO MISSIONS_TARGETS VALUES (13,258);
INSERT INTO MISSIONS_TARGETS VALUES (14,244);
INSERT INTO MISSIONS_TARGETS VALUES (14,273);
INSERT INTO MISSIONS_TARGETS VALUES (14,274);
INSERT INTO MISSIONS_TARGETS VALUES (14,276);
INSERT INTO MISSIONS_TARGETS VALUES (15,287);
INSERT INTO MISSIONS_TARGETS VALUES (15,191);
INSERT INTO MISSIONS_TARGETS VALUES (15,264);
INSERT INTO MISSIONS_TARGETS VALUES (16,30);
INSERT INTO MISSIONS_TARGETS VALUES (17,12);
INSERT INTO MISSIONS_TARGETS VALUES (18,296);
INSERT INTO MISSIONS_TARGETS VALUES (18,190);
INSERT INTO MISSIONS_TARGETS VALUES (18,309);
INSERT INTO MISSIONS_TARGETS VALUES (18,236);
INSERT INTO MISSIONS_TARGETS VALUES (19,12);
INSERT INTO MISSIONS_TARGETS VALUES (19,243);
INSERT INTO MISSIONS_TARGETS VALUES (19,164);
INSERT INTO MISSIONS_TARGETS VALUES (20,97);
INSERT INTO MISSIONS_TARGETS VALUES (20,88);
INSERT INTO MISSIONS_TARGETS VALUES (20,37);
INSERT INTO MISSIONS_TARGETS VALUES (20,207);
INSERT INTO MISSIONS_TARGETS VALUES (20,274);
INSERT INTO MISSIONS_TARGETS VALUES (21,262);
INSERT INTO MISSIONS_TARGETS VALUES (22,100);
INSERT INTO MISSIONS_TARGETS VALUES (22,201);
INSERT INTO MISSIONS_TARGETS VALUES (23,165);
INSERT INTO MISSIONS_TARGETS VALUES (23,65);
INSERT INTO MISSIONS_TARGETS VALUES (23,102);
INSERT INTO MISSIONS_TARGETS VALUES (24,261);
INSERT INTO MISSIONS_TARGETS VALUES (24,269);
INSERT INTO MISSIONS_TARGETS VALUES (25,217);
INSERT INTO MISSIONS_TARGETS VALUES (26,6);
INSERT INTO MISSIONS_TARGETS VALUES (26,61);
INSERT INTO MISSIONS_TARGETS VALUES (26,229);
INSERT INTO MISSIONS_TARGETS VALUES (27,68);
INSERT INTO MISSIONS_TARGETS VALUES (27,160);
INSERT INTO MISSIONS_TARGETS VALUES (27,102);
INSERT INTO MISSIONS_TARGETS VALUES (28,303);
INSERT INTO MISSIONS_TARGETS VALUES (28,220);
INSERT INTO MISSIONS_TARGETS VALUES (28,85);
INSERT INTO MISSIONS_TARGETS VALUES (28,275);
INSERT INTO MISSIONS_TARGETS VALUES (29,127);
INSERT INTO MISSIONS_TARGETS VALUES (29,279);
INSERT INTO MISSIONS_TARGETS VALUES (30,103);
INSERT INTO MISSIONS_TARGETS VALUES (30,109);
INSERT INTO MISSIONS_TARGETS VALUES (30,322);
INSERT INTO MISSIONS_TARGETS VALUES (30,148);
INSERT INTO MISSIONS_TARGETS VALUES (30,198);
INSERT INTO MISSIONS_TARGETS VALUES (31,255);
INSERT INTO MISSIONS_TARGETS VALUES (31,196);
INSERT INTO MISSIONS_TARGETS VALUES (32,11);
INSERT INTO MISSIONS_TARGETS VALUES (33,255);
INSERT INTO MISSIONS_TARGETS VALUES (33,299);
INSERT INTO MISSIONS_TARGETS VALUES (34,78);
INSERT INTO MISSIONS_TARGETS VALUES (34,96);
INSERT INTO MISSIONS_TARGETS VALUES (34,287);
INSERT INTO MISSIONS_TARGETS VALUES (34,219);
INSERT INTO MISSIONS_TARGETS VALUES (35,92);
INSERT INTO MISSIONS_TARGETS VALUES (35,242);
INSERT INTO MISSIONS_TARGETS VALUES (36,87);
INSERT INTO MISSIONS_TARGETS VALUES (36,195);
INSERT INTO MISSIONS_TARGETS VALUES (36,247);
INSERT INTO MISSIONS_TARGETS VALUES (36,323);
INSERT INTO MISSIONS_TARGETS VALUES (36,246);
INSERT INTO MISSIONS_TARGETS VALUES (37,313);
INSERT INTO MISSIONS_TARGETS VALUES (37,130);
INSERT INTO MISSIONS_TARGETS VALUES (37,19);
INSERT INTO MISSIONS_TARGETS VALUES (38,18);
INSERT INTO MISSIONS_TARGETS VALUES (38,36);
INSERT INTO MISSIONS_TARGETS VALUES (38,271);
INSERT INTO MISSIONS_TARGETS VALUES (38,267);
INSERT INTO MISSIONS_TARGETS VALUES (39,121);
INSERT INTO MISSIONS_TARGETS VALUES (39,85);
INSERT INTO MISSIONS_TARGETS VALUES (39,316);
INSERT INTO MISSIONS_TARGETS VALUES (39,190);
INSERT INTO MISSIONS_TARGETS VALUES (40,101);
INSERT INTO MISSIONS_TARGETS VALUES (40,25);
INSERT INTO MISSIONS_TARGETS VALUES (40,245);
INSERT INTO MISSIONS_TARGETS VALUES (40,179);
INSERT INTO MISSIONS_TARGETS VALUES (41,41);
INSERT INTO MISSIONS_TARGETS VALUES (41,263);
INSERT INTO MISSIONS_TARGETS VALUES (41,198);
INSERT INTO MISSIONS_TARGETS VALUES (42,279);
INSERT INTO MISSIONS_TARGETS VALUES (42,2);
INSERT INTO MISSIONS_TARGETS VALUES (43,53);
INSERT INTO MISSIONS_TARGETS VALUES (43,225);
INSERT INTO MISSIONS_TARGETS VALUES (43,127);
INSERT INTO MISSIONS_TARGETS VALUES (43,219);
INSERT INTO MISSIONS_TARGETS VALUES (43,16);
INSERT INTO MISSIONS_TARGETS VALUES (44,81);
INSERT INTO MISSIONS_TARGETS VALUES (44,38);
INSERT INTO MISSIONS_TARGETS VALUES (44,172);
INSERT INTO MISSIONS_TARGETS VALUES (44,291);
INSERT INTO MISSIONS_TARGETS VALUES (45,273);
INSERT INTO MISSIONS_TARGETS VALUES (45,222);
INSERT INTO MISSIONS_TARGETS VALUES (45,172);
INSERT INTO MISSIONS_TARGETS VALUES (46,74);
INSERT INTO MISSIONS_TARGETS VALUES (46,135);
INSERT INTO MISSIONS_TARGETS VALUES (46,289);
INSERT INTO MISSIONS_TARGETS VALUES (47,128);
INSERT INTO MISSIONS_TARGETS VALUES (47,323);
INSERT INTO MISSIONS_TARGETS VALUES (47,117);
INSERT INTO MISSIONS_TARGETS VALUES (47,30);
INSERT INTO MISSIONS_TARGETS VALUES (48,179);
INSERT INTO MISSIONS_TARGETS VALUES (48,244);
INSERT INTO MISSIONS_TARGETS VALUES (48,213);
INSERT INTO MISSIONS_TARGETS VALUES (48,242);
INSERT INTO MISSIONS_TARGETS VALUES (49,104);
INSERT INTO MISSIONS_TARGETS VALUES (49,66);
INSERT INTO MISSIONS_TARGETS VALUES (49,144);
INSERT INTO MISSIONS_TARGETS VALUES (50,113);
INSERT INTO MISSIONS_TARGETS VALUES (50,182);
INSERT INTO MISSIONS_TARGETS VALUES (50,164);
INSERT INTO MISSIONS_TARGETS VALUES (50,227);
INSERT INTO MISSIONS_TARGETS VALUES (50,81);
INSERT INTO MISSIONS_TARGETS VALUES (51,109);
INSERT INTO MISSIONS_TARGETS VALUES (51,45);
INSERT INTO MISSIONS_TARGETS VALUES (51,263);
INSERT INTO MISSIONS_TARGETS VALUES (51,278);
INSERT INTO MISSIONS_TARGETS VALUES (52,59);
INSERT INTO MISSIONS_TARGETS VALUES (53,39);
INSERT INTO MISSIONS_TARGETS VALUES (53,294);
INSERT INTO MISSIONS_TARGETS VALUES (53,295);
INSERT INTO MISSIONS_TARGETS VALUES (53,58);
INSERT INTO MISSIONS_TARGETS VALUES (54,326);
INSERT INTO MISSIONS_TARGETS VALUES (54,90);
INSERT INTO MISSIONS_TARGETS VALUES (54,302);
INSERT INTO MISSIONS_TARGETS VALUES (55,206);
INSERT INTO MISSIONS_TARGETS VALUES (56,145);
INSERT INTO MISSIONS_TARGETS VALUES (56,309);
INSERT INTO MISSIONS_TARGETS VALUES (56,286);
INSERT INTO MISSIONS_TARGETS VALUES (57,14);
INSERT INTO MISSIONS_TARGETS VALUES (57,24);
INSERT INTO MISSIONS_TARGETS VALUES (58,122);
INSERT INTO MISSIONS_TARGETS VALUES (58,248);
INSERT INTO MISSIONS_TARGETS VALUES (58,109);
INSERT INTO MISSIONS_TARGETS VALUES (58,299);
INSERT INTO MISSIONS_TARGETS VALUES (58,301);
INSERT INTO MISSIONS_TARGETS VALUES (59,123);
INSERT INTO MISSIONS_TARGETS VALUES (60,167);
INSERT INTO MISSIONS_TARGETS VALUES (60,90);
INSERT INTO MISSIONS_TARGETS VALUES (60,161);
INSERT INTO MISSIONS_TARGETS VALUES (60,91);
INSERT INTO MISSIONS_TARGETS VALUES (60,20);
INSERT INTO MISSIONS_TARGETS VALUES (61,268);
INSERT INTO MISSIONS_TARGETS VALUES (61,301);
INSERT INTO MISSIONS_TARGETS VALUES (61,81);
INSERT INTO MISSIONS_TARGETS VALUES (61,312);
INSERT INTO MISSIONS_TARGETS VALUES (61,326);
INSERT INTO MISSIONS_TARGETS VALUES (62,312);
INSERT INTO MISSIONS_TARGETS VALUES (62,252);
INSERT INTO MISSIONS_TARGETS VALUES (62,256);
INSERT INTO MISSIONS_TARGETS VALUES (63,241);
INSERT INTO MISSIONS_TARGETS VALUES (64,60);
INSERT INTO MISSIONS_TARGETS VALUES (65,315);
INSERT INTO MISSIONS_TARGETS VALUES (65,95);
INSERT INTO MISSIONS_TARGETS VALUES (65,300);
INSERT INTO MISSIONS_TARGETS VALUES (65,328);
INSERT INTO MISSIONS_TARGETS VALUES (66,150);
INSERT INTO MISSIONS_TARGETS VALUES (67,209);
INSERT INTO MISSIONS_TARGETS VALUES (67,5);
INSERT INTO MISSIONS_TARGETS VALUES (68,162);
INSERT INTO MISSIONS_TARGETS VALUES (68,98);
INSERT INTO MISSIONS_TARGETS VALUES (69,57);
INSERT INTO MISSIONS_TARGETS VALUES (69,277);
INSERT INTO MISSIONS_TARGETS VALUES (69,316);
INSERT INTO MISSIONS_TARGETS VALUES (69,191);
INSERT INTO MISSIONS_TARGETS VALUES (70,19);
INSERT INTO MISSIONS_TARGETS VALUES (70,56);
INSERT INTO MISSIONS_TARGETS VALUES (70,84);
INSERT INTO MISSIONS_TARGETS VALUES (71,157);
INSERT INTO MISSIONS_TARGETS VALUES (71,298);
INSERT INTO MISSIONS_TARGETS VALUES (72,27);
INSERT INTO MISSIONS_TARGETS VALUES (73,158);
INSERT INTO MISSIONS_TARGETS VALUES (73,315);
INSERT INTO MISSIONS_TARGETS VALUES (73,60);
INSERT INTO MISSIONS_TARGETS VALUES (74,302);
INSERT INTO MISSIONS_TARGETS VALUES (74,296);
INSERT INTO MISSIONS_TARGETS VALUES (74,194);
INSERT INTO MISSIONS_TARGETS VALUES (74,169);
INSERT INTO MISSIONS_TARGETS VALUES (74,306);
INSERT INTO MISSIONS_TARGETS VALUES (75,34);
INSERT INTO MISSIONS_TARGETS VALUES (75,171);
INSERT INTO MISSIONS_TARGETS VALUES (75,47);
INSERT INTO MISSIONS_TARGETS VALUES (76,271);
INSERT INTO MISSIONS_TARGETS VALUES (77,308);
INSERT INTO MISSIONS_TARGETS VALUES (78,150);
INSERT INTO MISSIONS_TARGETS VALUES (78,188);
INSERT INTO MISSIONS_TARGETS VALUES (78,234);
INSERT INTO MISSIONS_TARGETS VALUES (79,6);
INSERT INTO MISSIONS_TARGETS VALUES (79,242);
INSERT INTO MISSIONS_TARGETS VALUES (80,273);
INSERT INTO MISSIONS_TARGETS VALUES (80,221);
INSERT INTO MISSIONS_TARGETS VALUES (80,187);
INSERT INTO MISSIONS_TARGETS VALUES (80,178);
INSERT INTO MISSIONS_TARGETS VALUES (80,223);
INSERT INTO MISSIONS_TARGETS VALUES (81,205);
INSERT INTO MISSIONS_TARGETS VALUES (81,233);
INSERT INTO MISSIONS_TARGETS VALUES (82,195);
INSERT INTO MISSIONS_TARGETS VALUES (82,268);
INSERT INTO MISSIONS_TARGETS VALUES (82,230);
INSERT INTO MISSIONS_TARGETS VALUES (82,251);
INSERT INTO MISSIONS_TARGETS VALUES (82,83);
INSERT INTO MISSIONS_TARGETS VALUES (83,3);
INSERT INTO MISSIONS_TARGETS VALUES (83,237);
INSERT INTO MISSIONS_TARGETS VALUES (83,254);
INSERT INTO MISSIONS_TARGETS VALUES (83,32);
INSERT INTO MISSIONS_TARGETS VALUES (83,240);
INSERT INTO MISSIONS_TARGETS VALUES (84,215);
INSERT INTO MISSIONS_TARGETS VALUES (84,108);
INSERT INTO MISSIONS_TARGETS VALUES (84,40);
INSERT INTO MISSIONS_TARGETS VALUES (85,316);
INSERT INTO MISSIONS_TARGETS VALUES (85,155);
INSERT INTO MISSIONS_TARGETS VALUES (85,53);
INSERT INTO MISSIONS_TARGETS VALUES (86,331);
INSERT INTO MISSIONS_TARGETS VALUES (86,41);
INSERT INTO MISSIONS_TARGETS VALUES (86,140);
INSERT INTO MISSIONS_TARGETS VALUES (87,297);
INSERT INTO MISSIONS_TARGETS VALUES (87,32);
INSERT INTO MISSIONS_TARGETS VALUES (87,246);
INSERT INTO MISSIONS_TARGETS VALUES (87,272);
INSERT INTO MISSIONS_TARGETS VALUES (88,71);
INSERT INTO MISSIONS_TARGETS VALUES (89,5);
INSERT INTO MISSIONS_TARGETS VALUES (89,134);
INSERT INTO MISSIONS_TARGETS VALUES (89,263);
INSERT INTO MISSIONS_TARGETS VALUES (90,152);
INSERT INTO MISSIONS_TARGETS VALUES (91,85);
INSERT INTO MISSIONS_TARGETS VALUES (91,259);
INSERT INTO MISSIONS_TARGETS VALUES (91,182);
INSERT INTO MISSIONS_TARGETS VALUES (92,230);
INSERT INTO MISSIONS_TARGETS VALUES (92,203);
INSERT INTO MISSIONS_TARGETS VALUES (93,139);
INSERT INTO MISSIONS_TARGETS VALUES (93,119);
INSERT INTO MISSIONS_TARGETS VALUES (93,88);
INSERT INTO MISSIONS_TARGETS VALUES (93,261);
INSERT INTO MISSIONS_TARGETS VALUES (93,252);
INSERT INTO MISSIONS_TARGETS VALUES (94,28);
INSERT INTO MISSIONS_TARGETS VALUES (94,276);
INSERT INTO MISSIONS_TARGETS VALUES (94,209);
INSERT INTO MISSIONS_TARGETS VALUES (95,305);
INSERT INTO MISSIONS_TARGETS VALUES (95,132);
INSERT INTO MISSIONS_TARGETS VALUES (95,202);
INSERT INTO MISSIONS_TARGETS VALUES (95,101);
INSERT INTO MISSIONS_TARGETS VALUES (96,80);
INSERT INTO MISSIONS_TARGETS VALUES (96,213);
INSERT INTO MISSIONS_TARGETS VALUES (96,314);
INSERT INTO MISSIONS_TARGETS VALUES (96,228);
INSERT INTO MISSIONS_TARGETS VALUES (97,259);
INSERT INTO MISSIONS_TARGETS VALUES (97,92);
INSERT INTO MISSIONS_TARGETS VALUES (97,188);
INSERT INTO MISSIONS_TARGETS VALUES (97,245);
INSERT INTO MISSIONS_TARGETS VALUES (99,271);
INSERT INTO MISSIONS_TARGETS VALUES (100,230);
INSERT INTO MISSIONS_TARGETS VALUES (101,189);
INSERT INTO MISSIONS_TARGETS VALUES (102,291);
INSERT INTO MISSIONS_TARGETS VALUES (102,69);
INSERT INTO MISSIONS_TARGETS VALUES (102,6);
INSERT INTO MISSIONS_TARGETS VALUES (102,101);
INSERT INTO MISSIONS_TARGETS VALUES (103,184);
INSERT INTO MISSIONS_TARGETS VALUES (103,166);
INSERT INTO MISSIONS_TARGETS VALUES (103,5);
INSERT INTO MISSIONS_TARGETS VALUES (104,197);
INSERT INTO MISSIONS_TARGETS VALUES (104,55);
INSERT INTO MISSIONS_TARGETS VALUES (105,146);
INSERT INTO MISSIONS_TARGETS VALUES (105,25);
INSERT INTO MISSIONS_TARGETS VALUES (106,288);
INSERT INTO MISSIONS_TARGETS VALUES (106,310);
INSERT INTO MISSIONS_TARGETS VALUES (106,42);
INSERT INTO MISSIONS_TARGETS VALUES (106,193);
INSERT INTO MISSIONS_TARGETS VALUES (107,311);
INSERT INTO MISSIONS_TARGETS VALUES (107,277);
INSERT INTO MISSIONS_TARGETS VALUES (108,206);
INSERT INTO MISSIONS_TARGETS VALUES (108,9);
INSERT INTO MISSIONS_TARGETS VALUES (108,26);
INSERT INTO MISSIONS_TARGETS VALUES (109,61);
INSERT INTO MISSIONS_TARGETS VALUES (109,163);
INSERT INTO MISSIONS_TARGETS VALUES (110,144);
INSERT INTO MISSIONS_TARGETS VALUES (110,12);
INSERT INTO MISSIONS_TARGETS VALUES (110,245);
INSERT INTO MISSIONS_TARGETS VALUES (110,223);
INSERT INTO MISSIONS_TARGETS VALUES (110,41);
INSERT INTO MISSIONS_TARGETS VALUES (111,106);
INSERT INTO MISSIONS_TARGETS VALUES (111,174);
INSERT INTO MISSIONS_TARGETS VALUES (112,278);
INSERT INTO MISSIONS_TARGETS VALUES (112,261);
INSERT INTO MISSIONS_TARGETS VALUES (113,174);
INSERT INTO MISSIONS_TARGETS VALUES (113,121);
INSERT INTO MISSIONS_TARGETS VALUES (114,17);
INSERT INTO MISSIONS_TARGETS VALUES (114,56);
INSERT INTO MISSIONS_TARGETS VALUES (114,249);
INSERT INTO MISSIONS_TARGETS VALUES (115,74);
INSERT INTO MISSIONS_TARGETS VALUES (115,29);
INSERT INTO MISSIONS_TARGETS VALUES (115,28);
INSERT INTO MISSIONS_TARGETS VALUES (115,169);
INSERT INTO MISSIONS_TARGETS VALUES (116,51);
INSERT INTO MISSIONS_TARGETS VALUES (116,133);
INSERT INTO MISSIONS_TARGETS VALUES (116,95);
INSERT INTO MISSIONS_TARGETS VALUES (116,160);
INSERT INTO MISSIONS_TARGETS VALUES (117,216);
INSERT INTO MISSIONS_TARGETS VALUES (117,73);
INSERT INTO MISSIONS_TARGETS VALUES (117,18);
INSERT INTO MISSIONS_TARGETS VALUES (117,100);
INSERT INTO MISSIONS_TARGETS VALUES (118,49);
INSERT INTO MISSIONS_TARGETS VALUES (118,198);
INSERT INTO MISSIONS_TARGETS VALUES (118,310);
INSERT INTO MISSIONS_TARGETS VALUES (119,264);
INSERT INTO MISSIONS_TARGETS VALUES (120,90);
INSERT INTO MISSIONS_TARGETS VALUES (120,318);
INSERT INTO MISSIONS_TARGETS VALUES (120,216);
INSERT INTO MISSIONS_TARGETS VALUES (121,60);
INSERT INTO MISSIONS_TARGETS VALUES (121,288);
INSERT INTO MISSIONS_TARGETS VALUES (121,252);
INSERT INTO MISSIONS_TARGETS VALUES (121,210);
INSERT INTO MISSIONS_TARGETS VALUES (122,289);
INSERT INTO MISSIONS_TARGETS VALUES (122,220);
INSERT INTO MISSIONS_TARGETS VALUES (122,265);
INSERT INTO MISSIONS_TARGETS VALUES (123,147);
INSERT INTO MISSIONS_TARGETS VALUES (123,118);
INSERT INTO MISSIONS_TARGETS VALUES (124,316);
INSERT INTO MISSIONS_TARGETS VALUES (124,302);
INSERT INTO MISSIONS_TARGETS VALUES (124,251);
INSERT INTO MISSIONS_TARGETS VALUES (125,296);
INSERT INTO MISSIONS_TARGETS VALUES (126,326);
INSERT INTO MISSIONS_TARGETS VALUES (127,150);
INSERT INTO MISSIONS_TARGETS VALUES (128,332);
INSERT INTO MISSIONS_TARGETS VALUES (129,318);
INSERT INTO MISSIONS_TARGETS VALUES (130,214);
INSERT INTO MISSIONS_TARGETS VALUES (131,20);
INSERT INTO MISSIONS_TARGETS VALUES (131,26);
INSERT INTO MISSIONS_TARGETS VALUES (131,65);
INSERT INTO MISSIONS_TARGETS VALUES (131,59);
INSERT INTO MISSIONS_TARGETS VALUES (131,191);
INSERT INTO MISSIONS_TARGETS VALUES (132,134);
INSERT INTO MISSIONS_TARGETS VALUES (132,74);
INSERT INTO MISSIONS_TARGETS VALUES (132,218);
INSERT INTO MISSIONS_TARGETS VALUES (132,160);
INSERT INTO MISSIONS_TARGETS VALUES (133,170);
INSERT INTO MISSIONS_TARGETS VALUES (134,317);
INSERT INTO MISSIONS_TARGETS VALUES (134,251);
INSERT INTO MISSIONS_TARGETS VALUES (134,34);
INSERT INTO MISSIONS_TARGETS VALUES (135,305);
INSERT INTO MISSIONS_TARGETS VALUES (135,142);
INSERT INTO MISSIONS_TARGETS VALUES (135,23);
INSERT INTO MISSIONS_TARGETS VALUES (135,234);
INSERT INTO MISSIONS_TARGETS VALUES (136,155);
INSERT INTO MISSIONS_TARGETS VALUES (136,264);
INSERT INTO MISSIONS_TARGETS VALUES (136,117);
INSERT INTO MISSIONS_TARGETS VALUES (136,54);
INSERT INTO MISSIONS_TARGETS VALUES (136,260);
INSERT INTO MISSIONS_TARGETS VALUES (137,194);
INSERT INTO MISSIONS_TARGETS VALUES (137,177);
INSERT INTO MISSIONS_TARGETS VALUES (137,173);
INSERT INTO MISSIONS_TARGETS VALUES (137,306);
INSERT INTO MISSIONS_TARGETS VALUES (138,296);
INSERT INTO MISSIONS_TARGETS VALUES (139,262);
INSERT INTO MISSIONS_TARGETS VALUES (140,244);
INSERT INTO MISSIONS_TARGETS VALUES (140,266);
INSERT INTO MISSIONS_TARGETS VALUES (140,303);
INSERT INTO MISSIONS_TARGETS VALUES (141,72);
INSERT INTO MISSIONS_TARGETS VALUES (142,127);
INSERT INTO MISSIONS_TARGETS VALUES (142,26);
INSERT INTO MISSIONS_TARGETS VALUES (142,12);
INSERT INTO MISSIONS_TARGETS VALUES (143,227);
INSERT INTO MISSIONS_TARGETS VALUES (143,197);
INSERT INTO MISSIONS_TARGETS VALUES (143,290);
INSERT INTO MISSIONS_TARGETS VALUES (143,285);
INSERT INTO MISSIONS_TARGETS VALUES (143,316);
INSERT INTO MISSIONS_TARGETS VALUES (144,253);
INSERT INTO MISSIONS_TARGETS VALUES (144,128);
INSERT INTO MISSIONS_TARGETS VALUES (145,55);
INSERT INTO MISSIONS_TARGETS VALUES (145,228);
INSERT INTO MISSIONS_TARGETS VALUES (145,321);
INSERT INTO MISSIONS_TARGETS VALUES (145,112);
INSERT INTO MISSIONS_TARGETS VALUES (146,319);
INSERT INTO MISSIONS_TARGETS VALUES (146,271);
INSERT INTO MISSIONS_TARGETS VALUES (146,136);
INSERT INTO MISSIONS_TARGETS VALUES (147,149);
INSERT INTO MISSIONS_TARGETS VALUES (147,297);
INSERT INTO MISSIONS_TARGETS VALUES (147,326);
INSERT INTO MISSIONS_TARGETS VALUES (147,306);
INSERT INTO MISSIONS_TARGETS VALUES (147,68);
INSERT INTO MISSIONS_TARGETS VALUES (148,84);
INSERT INTO MISSIONS_TARGETS VALUES (148,124);
INSERT INTO MISSIONS_TARGETS VALUES (149,121);
INSERT INTO MISSIONS_TARGETS VALUES (150,131);
INSERT INTO MISSIONS_TARGETS VALUES (150,36);
INSERT INTO MISSIONS_TARGETS VALUES (150,221);
INSERT INTO MISSIONS_TARGETS VALUES (150,280);
INSERT INTO MISSIONS_TARGETS VALUES (151,263);
INSERT INTO MISSIONS_TARGETS VALUES (151,12);
INSERT INTO MISSIONS_TARGETS VALUES (151,282);
INSERT INTO MISSIONS_TARGETS VALUES (151,269);
INSERT INTO MISSIONS_TARGETS VALUES (151,224);
INSERT INTO MISSIONS_TARGETS VALUES (152,78);
INSERT INTO MISSIONS_TARGETS VALUES (152,160);
INSERT INTO MISSIONS_TARGETS VALUES (153,219);
INSERT INTO MISSIONS_TARGETS VALUES (154,263);
INSERT INTO MISSIONS_TARGETS VALUES (154,32);
INSERT INTO MISSIONS_TARGETS VALUES (154,19);
INSERT INTO MISSIONS_TARGETS VALUES (155,260);
INSERT INTO MISSIONS_TARGETS VALUES (155,114);
INSERT INTO MISSIONS_TARGETS VALUES (156,99);
INSERT INTO MISSIONS_TARGETS VALUES (156,238);
INSERT INTO MISSIONS_TARGETS VALUES (156,188);
INSERT INTO MISSIONS_TARGETS VALUES (157,149);
INSERT INTO MISSIONS_TARGETS VALUES (157,179);
INSERT INTO MISSIONS_TARGETS VALUES (157,301);
INSERT INTO MISSIONS_TARGETS VALUES (158,28);
INSERT INTO MISSIONS_TARGETS VALUES (158,169);
INSERT INTO MISSIONS_TARGETS VALUES (158,48);
INSERT INTO MISSIONS_TARGETS VALUES (159,67);
INSERT INTO MISSIONS_TARGETS VALUES (159,314);
INSERT INTO MISSIONS_TARGETS VALUES (159,59);
INSERT INTO MISSIONS_TARGETS VALUES (159,162);
INSERT INTO MISSIONS_TARGETS VALUES (159,23);
INSERT INTO MISSIONS_TARGETS VALUES (160,253);
INSERT INTO MISSIONS_TARGETS VALUES (160,262);
INSERT INTO MISSIONS_TARGETS VALUES (161,266);
INSERT INTO MISSIONS_TARGETS VALUES (161,100);
INSERT INTO MISSIONS_TARGETS VALUES (161,249);
INSERT INTO MISSIONS_TARGETS VALUES (161,123);
INSERT INTO MISSIONS_TARGETS VALUES (162,84);
INSERT INTO MISSIONS_TARGETS VALUES (162,305);
INSERT INTO MISSIONS_TARGETS VALUES (162,86);
INSERT INTO MISSIONS_TARGETS VALUES (162,158);
INSERT INTO MISSIONS_TARGETS VALUES (163,118);
INSERT INTO MISSIONS_TARGETS VALUES (163,157);
INSERT INTO MISSIONS_TARGETS VALUES (164,191);
INSERT INTO MISSIONS_TARGETS VALUES (164,61);
INSERT INTO MISSIONS_TARGETS VALUES (164,195);
INSERT INTO MISSIONS_TARGETS VALUES (164,2);
INSERT INTO MISSIONS_TARGETS VALUES (165,30);
INSERT INTO MISSIONS_TARGETS VALUES (165,278);
INSERT INTO MISSIONS_TARGETS VALUES (165,105);
INSERT INTO MISSIONS_TARGETS VALUES (166,168);
INSERT INTO MISSIONS_TARGETS VALUES (166,8);
INSERT INTO MISSIONS_TARGETS VALUES (167,182);
INSERT INTO MISSIONS_TARGETS VALUES (167,147);
INSERT INTO MISSIONS_TARGETS VALUES (167,250);
INSERT INTO MISSIONS_TARGETS VALUES (167,221);
INSERT INTO MISSIONS_TARGETS VALUES (167,119);
INSERT INTO MISSIONS_TARGETS VALUES (168,192);
INSERT INTO MISSIONS_TARGETS VALUES (168,139);
INSERT INTO MISSIONS_TARGETS VALUES (168,135);
INSERT INTO MISSIONS_TARGETS VALUES (168,183);
INSERT INTO MISSIONS_TARGETS VALUES (168,198);
INSERT INTO MISSIONS_TARGETS VALUES (169,17);
INSERT INTO MISSIONS_TARGETS VALUES (169,26);
INSERT INTO MISSIONS_TARGETS VALUES (169,297);
INSERT INTO MISSIONS_TARGETS VALUES (169,324);
INSERT INTO MISSIONS_TARGETS VALUES (169,129);
INSERT INTO MISSIONS_TARGETS VALUES (170,139);
INSERT INTO MISSIONS_TARGETS VALUES (170,164);
INSERT INTO MISSIONS_TARGETS VALUES (170,329);
INSERT INTO MISSIONS_TARGETS VALUES (170,269);
INSERT INTO MISSIONS_TARGETS VALUES (171,130);
INSERT INTO MISSIONS_TARGETS VALUES (171,48);
INSERT INTO MISSIONS_TARGETS VALUES (171,207);
INSERT INTO MISSIONS_TARGETS VALUES (172,189);
INSERT INTO MISSIONS_TARGETS VALUES (173,153);
INSERT INTO MISSIONS_TARGETS VALUES (174,159);
INSERT INTO MISSIONS_TARGETS VALUES (174,97);
INSERT INTO MISSIONS_TARGETS VALUES (174,27);
INSERT INTO MISSIONS_TARGETS VALUES (175,36);
INSERT INTO MISSIONS_TARGETS VALUES (175,41);
INSERT INTO MISSIONS_TARGETS VALUES (176,92);
INSERT INTO MISSIONS_TARGETS VALUES (176,159);
INSERT INTO MISSIONS_TARGETS VALUES (176,15);
INSERT INTO MISSIONS_TARGETS VALUES (176,47);
INSERT INTO MISSIONS_TARGETS VALUES (176,95);
INSERT INTO MISSIONS_TARGETS VALUES (177,320);
INSERT INTO MISSIONS_TARGETS VALUES (177,287);
INSERT INTO MISSIONS_TARGETS VALUES (178,73);
INSERT INTO MISSIONS_TARGETS VALUES (178,47);
INSERT INTO MISSIONS_TARGETS VALUES (178,292);
INSERT INTO MISSIONS_TARGETS VALUES (178,307);
INSERT INTO MISSIONS_TARGETS VALUES (178,29);
INSERT INTO MISSIONS_TARGETS VALUES (179,109);
INSERT INTO MISSIONS_TARGETS VALUES (179,239);
INSERT INTO MISSIONS_TARGETS VALUES (179,241);
INSERT INTO MISSIONS_TARGETS VALUES (179,59);
INSERT INTO MISSIONS_TARGETS VALUES (180,233);
INSERT INTO MISSIONS_TARGETS VALUES (180,95);
INSERT INTO MISSIONS_TARGETS VALUES (180,3);
INSERT INTO MISSIONS_TARGETS VALUES (180,244);
INSERT INTO MISSIONS_TARGETS VALUES (181,248);
INSERT INTO MISSIONS_TARGETS VALUES (181,332);
INSERT INTO MISSIONS_TARGETS VALUES (181,35);
INSERT INTO MISSIONS_TARGETS VALUES (182,274);
INSERT INTO MISSIONS_TARGETS VALUES (182,82);
INSERT INTO MISSIONS_TARGETS VALUES (182,89);
INSERT INTO MISSIONS_TARGETS VALUES (182,268);
INSERT INTO MISSIONS_TARGETS VALUES (182,112);
INSERT INTO MISSIONS_TARGETS VALUES (183,25);
INSERT INTO MISSIONS_TARGETS VALUES (183,268);
INSERT INTO MISSIONS_TARGETS VALUES (183,236);
INSERT INTO MISSIONS_TARGETS VALUES (183,165);
INSERT INTO MISSIONS_TARGETS VALUES (184,247);
INSERT INTO MISSIONS_TARGETS VALUES (185,298);
INSERT INTO MISSIONS_TARGETS VALUES (185,88);
INSERT INTO MISSIONS_TARGETS VALUES (185,126);
INSERT INTO MISSIONS_TARGETS VALUES (185,266);
INSERT INTO MISSIONS_TARGETS VALUES (185,139);
INSERT INTO MISSIONS_TARGETS VALUES (186,243);
INSERT INTO MISSIONS_TARGETS VALUES (187,223);
INSERT INTO MISSIONS_TARGETS VALUES (187,56);
INSERT INTO MISSIONS_TARGETS VALUES (187,24);
INSERT INTO MISSIONS_TARGETS VALUES (188,216);
INSERT INTO MISSIONS_TARGETS VALUES (190,187);
INSERT INTO MISSIONS_TARGETS VALUES (190,174);
INSERT INTO MISSIONS_TARGETS VALUES (190,308);
INSERT INTO MISSIONS_TARGETS VALUES (190,25);
INSERT INTO MISSIONS_TARGETS VALUES (191,106);
INSERT INTO MISSIONS_TARGETS VALUES (191,58);
INSERT INTO MISSIONS_TARGETS VALUES (191,172);
INSERT INTO MISSIONS_TARGETS VALUES (191,145);
INSERT INTO MISSIONS_TARGETS VALUES (192,219);
INSERT INTO MISSIONS_TARGETS VALUES (192,33);
INSERT INTO MISSIONS_TARGETS VALUES (193,199);
INSERT INTO MISSIONS_TARGETS VALUES (193,249);
INSERT INTO MISSIONS_TARGETS VALUES (193,85);
INSERT INTO MISSIONS_TARGETS VALUES (194,311);
INSERT INTO MISSIONS_TARGETS VALUES (194,187);
INSERT INTO MISSIONS_TARGETS VALUES (194,147);
INSERT INTO MISSIONS_TARGETS VALUES (195,76);
INSERT INTO MISSIONS_TARGETS VALUES (195,265);
INSERT INTO MISSIONS_TARGETS VALUES (195,290);
INSERT INTO MISSIONS_TARGETS VALUES (195,271);
INSERT INTO MISSIONS_TARGETS VALUES (196,252);
INSERT INTO MISSIONS_TARGETS VALUES (196,237);
INSERT INTO MISSIONS_TARGETS VALUES (197,63);
INSERT INTO MISSIONS_TARGETS VALUES (197,256);
INSERT INTO MISSIONS_TARGETS VALUES (198,161);
INSERT INTO MISSIONS_TARGETS VALUES (198,216);
INSERT INTO MISSIONS_TARGETS VALUES (198,97);
INSERT INTO MISSIONS_TARGETS VALUES (199,75);
INSERT INTO MISSIONS_TARGETS VALUES (199,118);
INSERT INTO MISSIONS_TARGETS VALUES (199,247);
INSERT INTO MISSIONS_TARGETS VALUES (200,20);
INSERT INTO MISSIONS_TARGETS VALUES (200,266);
INSERT INTO MISSIONS_TARGETS VALUES (200,108);
INSERT INTO MISSIONS_TARGETS VALUES (201,254);
INSERT INTO MISSIONS_TARGETS VALUES (202,281);
INSERT INTO MISSIONS_TARGETS VALUES (203,325);
INSERT INTO MISSIONS_TARGETS VALUES (203,315);
INSERT INTO MISSIONS_TARGETS VALUES (204,217);
INSERT INTO MISSIONS_TARGETS VALUES (204,103);
INSERT INTO MISSIONS_TARGETS VALUES (204,31);
INSERT INTO MISSIONS_TARGETS VALUES (205,305);
INSERT INTO MISSIONS_TARGETS VALUES (205,183);
INSERT INTO MISSIONS_TARGETS VALUES (205,115);
INSERT INTO MISSIONS_TARGETS VALUES (205,171);
INSERT INTO MISSIONS_TARGETS VALUES (206,195);
INSERT INTO MISSIONS_TARGETS VALUES (206,173);
INSERT INTO MISSIONS_TARGETS VALUES (207,7);
INSERT INTO MISSIONS_TARGETS VALUES (207,284);
INSERT INTO MISSIONS_TARGETS VALUES (208,64);
INSERT INTO MISSIONS_TARGETS VALUES (208,259);

INSERT INTO information VALUES (1,SYSDATE - 3318,6,' Morton Virgo is deeply religous',139,122);
INSERT INTO information VALUES (2,SYSDATE - 4657,5,' Lawson Farrar was seen in Bath with Kelsey Stalker',71,213);
INSERT INTO information VALUES (3,SYSDATE - 2587,5,' pieces of information associated with Southampton are to be trusted until 1-0-1997',162,218);
INSERT INTO information VALUES (4,SYSDATE - 4064,1,' there has been no contact with Trey Astor since 23-5-1973',114,30);
INSERT INTO information VALUES (5,SYSDATE - 3052,5,' Ivy Dearden has sworn to murder Sterling Sebastian',7,81);
INSERT INTO information VALUES (6,SYSDATE - 4495,4,' a mysterious package was found in the home of Easter Orr in Liverpool',123,316);
INSERT INTO information VALUES (7,SYSDATE - 5847,2,' Marland Burnham was seen in Hull',NULL,NULL);
INSERT INTO information VALUES (8,SYSDATE - 483,1,' a meeting was bugged involving Wiley Alan, Miller Amherst and Thurlow Cogswell',135,124);
INSERT INTO information VALUES (9,SYSDATE - 4038,5,' a message from Norwell Smith was passed to Beval Loughlin on 6-6-1977',89,195);
INSERT INTO information VALUES (10,SYSDATE - 9234,6,' Hayden Nott knows Trudy Kiel',NULL,NULL);
INSERT INTO information VALUES (11,SYSDATE - 4567,3,' Macon Dauche was seen in Derby with Cobden Segur',6,124);
INSERT INTO information VALUES (12,SYSDATE - 502,3,' an assassination occured in Lincoln on 29-2-1981',72,69);
INSERT INTO information VALUES (13,SYSDATE - 1271,4,' Fenton Rosamund was seen in Peterborough',93,153);
INSERT INTO information VALUES (14,SYSDATE - 5013,3,' if Ravinger Colvin is dangerous, then Gresham Hodgekins is dangerous',124,292);
INSERT INTO information VALUES (15,SYSDATE - 16031,6,' a message from Ronson Dimock was passed to Darnell Gear on 16-2-1980',NULL,NULL);
INSERT INTO information VALUES (16,SYSDATE - 599,5,' when Dixon Lonsdale was travelling from Leeds to Stoke on 27-0-1978, Swain Geffrey was killed',107,61);
INSERT INTO information VALUES (17,SYSDATE - 6754,4,' an assassination occured in Doncaster on 22-1-1982',40,160);
INSERT INTO information VALUES (18,SYSDATE - 1073,4,' on 24-6-1989, agents were being watched in Luton',78,275);
INSERT INTO information VALUES (19,SYSDATE - 2499,4,' a mysterious package was found in the home of Edward Kelso in Brighton',76,290);
INSERT INTO information VALUES (20,SYSDATE - 2669,2,' information gleaned from Millard Newbury are to be trusted before 5-4-1952',43,131);
INSERT INTO information VALUES (21,SYSDATE - 4891,3,' Colby Bixby knows Sawyer Moers',83,60);
INSERT INTO information VALUES (22,SYSDATE - 4200,5,' Aldridge Phelps knows an agent personally',56,300);
INSERT INTO information VALUES (23,SYSDATE - 4960,1,' missions involving Stanton Belvidere are critical for solving issues to do with Roden Evans',101,242);
INSERT INTO information VALUES (24,SYSDATE - 8701,6,' on 21-5-1962, agents were being watched in Guildford',35,26);
INSERT INTO information VALUES (25,SYSDATE - 11558,6,' Beval Loughlin is a sworn enemy of Marsh Gifford',NULL,NULL);
INSERT INTO information VALUES (26,SYSDATE - 350,0,' Ogden Gillett knows Haywood Aldridge',126,319);
INSERT INTO information VALUES (27,SYSDATE - 12506,0,' either Cameron Huntley or Aldridge Phelps are reliable, but not both',120,242);
INSERT INTO information VALUES (28,SYSDATE - 5025,5,' a meeting was bugged involving Wheaton Bonar, Weldon Borrail and Rowley Hanson',114,323);
INSERT INTO information VALUES (29,SYSDATE - 12143,4,' either Pepper Dennis or Wilona Affleck and Stratford Seaton have lied to the agency',44,322);
INSERT INTO information VALUES (30,SYSDATE - 244,6,' Unwin Braine knows Dane Aiton',155,180);
INSERT INTO information VALUES (31,SYSDATE - 636,3,' Cameron Huntley has sworn to murder Carlee Aston',140,62);
INSERT INTO information VALUES (32,SYSDATE - 890,3,' Lark Gliston is an informer',22,171);
INSERT INTO information VALUES (33,SYSDATE - 15714,5,' pieces of information associated with Winchester are to be trusted until 29-4-1972',24,91);
INSERT INTO information VALUES (34,SYSDATE - 5335,5,' either Reynold Neville or Nixon Horatio are reliable, but not both',102,162);
INSERT INTO information VALUES (35,SYSDATE - 1295,0,' on 8-5-1980, Dory Bleeker was seen with Eland Kerr in Scarborough',168,326);
INSERT INTO information VALUES (36,SYSDATE - 1580,6,' on 1-4-1957, agents were being watched in Ipswich',69,186);
INSERT INTO information VALUES (37,SYSDATE - 2475,1,' Tina Cox is unreliable',124,191);
INSERT INTO information VALUES (38,SYSDATE - 2337,5,' Waylen Dinsmor is unreliable',166,53);
INSERT INTO information VALUES (39,SYSDATE - 6399,0,' a meeting was bugged involving Beval Loughlin, Beverly Wetherby and Bethshaya Barclay',162,218);
INSERT INTO information VALUES (40,SYSDATE - 9718,0,' information gleaned from Litton Bachelor are to be trusted before 4-7-1971',10,236);
INSERT INTO information VALUES (41,SYSDATE - 16706,3,' on 26-6-1991, agents were being watched in Scarborough',NULL,NULL);
INSERT INTO information VALUES (42,SYSDATE - 5031,0,' either Unity Goldsmith or Ronson Dimock are reliable, but not both',27,242);
INSERT INTO information VALUES (43,SYSDATE - 650,3,' Donald Arthur is a sworn enemy of Ackerley Paxton',93,153);
INSERT INTO information VALUES (44,SYSDATE - 5405,2,' Macon Dauche and Ridgeway Barney are friends',100,65);
INSERT INTO information VALUES (45,SYSDATE - 3545,5,' a message from Harman Colbern was passed to Wilbur Pendleton on 19-11-1994',75,264);
INSERT INTO information VALUES (46,SYSDATE - 3564,3,' a meeting was bugged involving Ransley Campbell, Fenton Rosamund and Tripp Antoinette',27,242);
INSERT INTO information VALUES (47,SYSDATE - 22,3,' either Waverly Cann or Marvin Crosswell and Arley Larkins have lied to the agency',14,332);
INSERT INTO information VALUES (48,SYSDATE - 1047,0,' on 3-5-1972, agents were being watched in Poole',105,69);
INSERT INTO information VALUES (49,SYSDATE - 4767,4,' Hudson Flaherty was seen in Brighton with Hall Duff',54,194);
INSERT INTO information VALUES (50,SYSDATE - 6497,6,' Morton Virgo knows an agent personally',19,239);
INSERT INTO information VALUES (51,SYSDATE - 2633,3,' a message from Bryson Lilienthal was passed to Milburn Agrippa on 15-1-1986',152,285);
INSERT INTO information VALUES (52,SYSDATE - 8261,0,' only if Stoke is suspicious should Gresham Hodgekins be trusted',NULL,NULL);
INSERT INTO information VALUES (53,SYSDATE - 4363,4,' there has been no contact with Everet Pringle since 13-5-1975',154,65);
INSERT INTO information VALUES (54,SYSDATE - 272,0,' the area of Bournemouth should be deemed suspicious',104,285);
INSERT INTO information VALUES (55,SYSDATE - 2108,2,' only if Scarborough is suspicious should Marvin Crosswell be trusted',38,72);
INSERT INTO information VALUES (56,SYSDATE - 2984,5,' information gleaned from Richman Bannister are to be trusted before 19-5-2002',45,156);
INSERT INTO information VALUES (57,SYSDATE - 5266,1,' a mysterious package was found in the home of Somerset Gillespie in Reading',75,183);
INSERT INTO information VALUES (58,SYSDATE - 1601,1,' information gleaned from Gladstone Cobern are to be trusted before 20-3-1970',154,47);
INSERT INTO information VALUES (59,SYSDATE - 3356,2,' Bond Ouseley was seen in Hertford',90,323);
INSERT INTO information VALUES (60,SYSDATE - 6336,1,' pieces of information associated with Lincoln are to be trusted until 17-3-1997',88,6);
INSERT INTO information VALUES (61,SYSDATE - 90,4,' Aubree Harcourt knows Lanny Morice',126,156);
INSERT INTO information VALUES (62,SYSDATE - 3799,6,' Norville Duppa and Rudd Costar are friends',102,97);
INSERT INTO information VALUES (63,SYSDATE - 6300,6,' Marigold Nairne is unreliable',123,184);
INSERT INTO information VALUES (64,SYSDATE - 4120,4,' an assassination occured in Chichester on 8-8-2007',133,163);
INSERT INTO information VALUES (65,SYSDATE - 1266,6,' Ronson Dimock knows an agent personally',114,30);
INSERT INTO information VALUES (66,SYSDATE - 6555,1,' if Reading Wheaton is trustworth, then Stiles Bushwell is a reliable source',163,183);
INSERT INTO information VALUES (67,SYSDATE - 2930,5,' Kelsey Stalker was seen in Plymouth with Risley Shannon',2,320);
INSERT INTO information VALUES (68,SYSDATE - 2139,2,' on 25-1-1984, agents were being watched in Hertford',38,190);
INSERT INTO information VALUES (69,SYSDATE - 3219,4,' Rodman Cary is deeply religous',78,275);
INSERT INTO information VALUES (70,SYSDATE - 17433,2,' Tucker Mar is a sworn enemy of Sandon Rue',NULL,NULL);
INSERT INTO information VALUES (71,SYSDATE - 5413,1,' Velvet Shrewsbury denied that Blaxland Leonard killed Warren Oliver',104,246);
INSERT INTO information VALUES (72,SYSDATE - 1106,0,' Shepherd Sellenger is a sworn enemy of Marvin Crosswell',108,6);
INSERT INTO information VALUES (73,SYSDATE - 2226,2,' Trey Astor has sworn to murder Layton Ricketts',4,109);
INSERT INTO information VALUES (74,SYSDATE - 1624,0,' a meeting was bugged involving Macon Dauche, Forbes Bannerman and Radnor Wells',108,6);
INSERT INTO information VALUES (75,SYSDATE - 7428,5,' Macon Dauche is unreliable',87,190);
INSERT INTO information VALUES (76,SYSDATE - 1307,3,' on 23-9-1983, Aldridge Phelps was seen with Annice Dumfries in Peterborough',46,12);
INSERT INTO information VALUES (77,SYSDATE - 92,1,' on 4-0-1977, Channing Polk was seen with Berkeley Bristol in Dover',93,153);
INSERT INTO information VALUES (78,SYSDATE - 184,1,' if Medwin Turnbull is trustworth, then Blossom Ollendorff is a reliable source',107,135);
INSERT INTO information VALUES (79,SYSDATE - 4275,6,' an assassination occured in Scarborough on 8-4-1973',67,137);
INSERT INTO information VALUES (80,SYSDATE - 826,1,' an assassination occured in York on 24-1-1978',107,135);
INSERT INTO information VALUES (81,SYSDATE - 1193,4,' a meeting was bugged involving Wilkie Emma, Shepherd Sellenger and Leland Buckminster',46,12);
INSERT INTO information VALUES (82,SYSDATE - 9989,6,' pieces of information associated with Luton are to be trusted until 28-11-1988',120,328);
INSERT INTO information VALUES (83,SYSDATE - 3275,6,' Marigold Nairne is an informer',89,129);
INSERT INTO information VALUES (84,SYSDATE - 7314,2,' when Jonesy Kent was travelling from Hertford to Coventry on 25-7-1962, Halford Summer was killed',98,66);
INSERT INTO information VALUES (85,SYSDATE - 1544,6,' information gleaned from Ravinger Colvin are to be trusted before 16-8-1996',20,189);
INSERT INTO information VALUES (86,SYSDATE - 228,6,' information gleaned from Beacher Hatch are to be trusted before 19-10-2001',107,61);
INSERT INTO information VALUES (87,SYSDATE - 5105,4,' Dennison Milne is unreliable',75,313);
INSERT INTO information VALUES (88,SYSDATE - 5986,5,' Emma Dorr and Beverly Wetherby are friends',168,277);
INSERT INTO information VALUES (89,SYSDATE - 6441,4,' Darnell Gear was seen in Scarborough',NULL,NULL);
INSERT INTO information VALUES (90,SYSDATE - 2457,6,' if Richman Bannister is trustworth, then Merry Parnell is a reliable source',168,302);
INSERT INTO information VALUES (91,SYSDATE - 2068,5,' either Harman Colbern or Aspen Dauby are reliable, but not both',NULL,NULL);
INSERT INTO information VALUES (92,SYSDATE - 4476,4,' Maxey Eytinge denied that Blake Dutton killed Milbourn Bodine',41,62);
INSERT INTO information VALUES (93,SYSDATE - 850,5,' on 23-1-1994, agents were being watched in Oxford',139,253);
INSERT INTO information VALUES (94,SYSDATE - 6245,6,' only if Bath is suspicious should Wilkie Emma be trusted',39,81);
INSERT INTO information VALUES (95,SYSDATE - 2689,3,' Orton Scroggs is a sworn enemy of Granger Neal',NULL,NULL);
INSERT INTO information VALUES (96,SYSDATE - 205,1,' on 30-11-2005, agents were being watched in Cambridge',40,86);
INSERT INTO information VALUES (97,SYSDATE - 8336,4,' Wilton Erskine denied that Kenrick Guelph killed Whitcombe Brooks',75,183);
INSERT INTO information VALUES (98,SYSDATE - 1457,5,' either Ambler Fothergill or Shelton Burbeck are reliable, but not both',104,307);
INSERT INTO information VALUES (99,SYSDATE - 1624,3,' Litton Bachelor is deeply religous',46,12);
INSERT INTO information VALUES (100,SYSDATE - 3217,0,' when Ridgeway Barney was travelling from Reading to Avebury on 4-5-2002, Devon Medcaf was killed',147,195);
INSERT INTO information VALUES (101,SYSDATE - 4626,0,' Whitley Cass is an informer',158,200);
INSERT INTO information VALUES (102,SYSDATE - 38,4,' there has been no contact with Ransford Sanxay since 1-8-1991',40,238);
INSERT INTO information VALUES (103,SYSDATE - 2121,4,' a mysterious package was found in the home of Bliss Ripley in Winchester',117,142);
INSERT INTO information VALUES (104,SYSDATE - 5059,6,' Lindon Swane denied that Annice Dumfries killed Warley Kemyss',60,171);
INSERT INTO information VALUES (105,SYSDATE - 1860,3,' Ivy Dearden was seen in Liverpool with Morrison Godfrey',36,150);
INSERT INTO information VALUES (106,SYSDATE - 6633,6,' missions involving Haslett Steele are critical for solving issues to do with Colby Bixby',142,240);
INSERT INTO information VALUES (107,SYSDATE - 2894,1,' Bishop Abbot was seen in Dover with Forrester Huckstep',123,302);
INSERT INTO information VALUES (108,SYSDATE - 385,6,' Rawson Stanhope denied that Merrill Glanville killed Hayley Felton',110,3);
INSERT INTO information VALUES (109,SYSDATE - 4777,0,' the area of Winchester should be deemed suspicious',43,36);
INSERT INTO information VALUES (110,SYSDATE - 635,1,' Hudson Flaherty was seen in Derby',73,87);
INSERT INTO information VALUES (111,SYSDATE - 7725,0,' if Hayley Felton is dangerous, then Haralda Raleigh is dangerous',98,92);
INSERT INTO information VALUES (112,SYSDATE - 3593,6,' Randie Pierpont and Fenton Rosamund are friends',91,38);
INSERT INTO information VALUES (113,SYSDATE - 4517,1,' either Edbert Abernethy or Chal Osterhoudt and Sandy Stocking have lied to the agency',NULL,NULL);
INSERT INTO information VALUES (114,SYSDATE - 4898,6,' a message from Kismet Buckley was passed to Swain Geffrey on 28-7-1968',101,318);
INSERT INTO information VALUES (115,SYSDATE - 15750,5,' on 20-3-1965, Ackerley Paxton was seen with Medwin Turnbull in Avebury',117,245);
INSERT INTO information VALUES (116,SYSDATE - 9003,5,' Chadwick Quigly is unreliable',NULL,NULL);
INSERT INTO information VALUES (117,SYSDATE - 3686,1,' Trey Astor is an informer',14,332);
INSERT INTO information VALUES (118,SYSDATE - 4424,0,' pieces of information associated with Southampton are to be trusted until 7-10-1998',51,177);
INSERT INTO information VALUES (119,SYSDATE - 2625,4,' on 9-4-1992, agents were being watched in Plymouth',131,161);
INSERT INTO information VALUES (120,SYSDATE - 8424,5,' there has been no contact with Atworth Wickliff since 31-7-1962',NULL,NULL);
INSERT INTO information VALUES (121,SYSDATE - 3623,1,' missions involving Parker Dillingham are critical for solving issues to do with Ogden Gillett',54,194);
INSERT INTO information VALUES (122,SYSDATE - 7475,1,' if Erskine William is trustworth, then Dalbert Bridgman is a reliable source',102,288);
INSERT INTO information VALUES (123,SYSDATE - 7051,6,' if Wakeman Ascall is dangerous, then Sanders Woodward is dangerous',48,332);
INSERT INTO information VALUES (124,SYSDATE - 4356,6,' on 29-7-1973, agents were being watched in Durham',48,112);
INSERT INTO information VALUES (125,SYSDATE - 855,4,' Hartley Jones was seen in Rotherham',40,318);
INSERT INTO information VALUES (126,SYSDATE - 6208,4,' there has been no contact with Bishop Abbot since 15-9-2007',142,242);
INSERT INTO information VALUES (127,SYSDATE - 11273,6,' on 3-3-1986, Miller Amherst was seen with Marland Burnham in Brinsdale',122,100);
INSERT INTO information VALUES (128,SYSDATE - 3386,4,' only if Hertford is suspicious should Keyon Elton be trusted',33,235);
INSERT INTO information VALUES (129,SYSDATE - 1191,4,' information gleaned from Reading Wheaton are to be trusted before 2-5-1977',162,218);
INSERT INTO information VALUES (130,SYSDATE - 3808,1,' an assassination occured in Stoke on 4-8-1954',51,268);
INSERT INTO information VALUES (131,SYSDATE - 10900,6,' Jamison Houghtailing knows an agent personally',22,312);
INSERT INTO information VALUES (132,SYSDATE - 1003,5,' missions involving Unwin Braine are critical for solving issues to do with Ardley Driver',88,191);
INSERT INTO information VALUES (133,SYSDATE - 9980,5,' Breton Broome knows Somerset Gillespie',35,254);
INSERT INTO information VALUES (134,SYSDATE - 2581,0,' if Lowell Call is trustworth, then Seward Jenkins is a reliable source',14,332);
INSERT INTO information VALUES (135,SYSDATE - 3291,5,' Emma Dorr is unreliable',4,109);
INSERT INTO information VALUES (136,SYSDATE - 1922,3,' Wilona Affleck is deeply religous',7,304);
INSERT INTO information VALUES (137,SYSDATE - 5753,2,' if Stanton Belvidere is trustworth, then Forrester Huckstep is a reliable source',131,50);
INSERT INTO information VALUES (138,SYSDATE - 3605,6,' information gleaned from Beverly Wetherby are to be trusted before 11-2-1981',163,247);
INSERT INTO information VALUES (139,SYSDATE - 4017,5,' Lowell Call denied that Cobden Segur killed Kenneth Dunlop',92,159);
INSERT INTO information VALUES (140,SYSDATE - 9352,6,' missions involving Vail Dobson are critical for solving issues to do with Upshaw Friskin',10,182);
INSERT INTO information VALUES (141,SYSDATE - 1937,4,' the area of Lincoln should be deemed suspicious',4,109);
INSERT INTO information VALUES (142,SYSDATE - 5415,5,' only if Burnham is suspicious should Kenneth Dunlop be trusted',132,267);
INSERT INTO information VALUES (143,SYSDATE - 3257,3,' a mysterious package was found in the home of Sinnett Godolphin in Derby',72,193);
INSERT INTO information VALUES (144,SYSDATE - 1166,2,' missions involving Ransley Campbell are critical for solving issues to do with Ludella Ackart',21,301);
INSERT INTO information VALUES (145,SYSDATE - 11266,0,' on 11-1-1972, agents were being watched in Avebury',120,179);
INSERT INTO information VALUES (146,SYSDATE - 1793,5,' the area of Windsor should be deemed suspicious',147,230);
INSERT INTO information VALUES (147,SYSDATE - 4105,6,' a message from Aubree Harcourt was passed to Ransford Sanxay on 12-9-1952',39,172);
INSERT INTO information VALUES (148,SYSDATE - 9546,0,' Merrick Ursula is a sworn enemy of Easter Orr',88,180);
INSERT INTO information VALUES (149,SYSDATE - 8743,0,' either Radnor Wells or Bethshaya Barclay and Frith Cuyler have lied to the agency',92,327);
INSERT INTO information VALUES (150,SYSDATE - 2906,1,' on 5-8-1973, agents were being watched in Bournemouth',105,208);
INSERT INTO information VALUES (151,SYSDATE - 11432,5,' Hyatt Auchmuty knows an agent personally',NULL,NULL);
INSERT INTO information VALUES (152,SYSDATE - 1388,2,' Corin Tudor was seen in York',114,128);
INSERT INTO information VALUES (153,SYSDATE - 1043,6,' either Dane Aiton or Haywood Aldridge are reliable, but not both',47,95);
INSERT INTO information VALUES (154,SYSDATE - 3905,0,' information gleaned from Jamison Houghtailing are to be trusted before 20-9-2001',35,26);
INSERT INTO information VALUES (155,SYSDATE - 633,3,' the area of Coventry should be deemed suspicious',48,251);
INSERT INTO information VALUES (156,SYSDATE - 7373,4,' Marvin Crosswell has sworn to murder Thatcher True',120,46);
INSERT INTO information VALUES (157,SYSDATE - 20704,4,' on 15-3-2008, Jamison Houghtailing was seen with Sinnett Godolphin in Durham',NULL,NULL);
INSERT INTO information VALUES (158,SYSDATE - 1978,4,' either Dane Aiton or Gage Poulton and Ormond Breese have lied to the agency',5,201);
INSERT INTO information VALUES (159,SYSDATE - 3674,4,' only if Leicester is suspicious should Rad Schermerhorn be trusted',158,200);
INSERT INTO information VALUES (160,SYSDATE - 738,4,' Harold Ferris was seen in Reading',64,30);
INSERT INTO information VALUES (161,SYSDATE - 2267,2,' either Winton Frame or Ludella Ackart and Miller Amherst have lied to the agency',69,202);
INSERT INTO information VALUES (162,SYSDATE - 4114,5,' either Layton Ricketts or Whitcombe Brooks are reliable, but not both',31,262);
INSERT INTO information VALUES (163,SYSDATE - 14977,5,' Wilfred Armstrong is unreliable',19,117);
INSERT INTO information VALUES (164,SYSDATE - 6172,0,' only if Bournemouth is suspicious should Scarlet Lobdale be trusted',23,17);
INSERT INTO information VALUES (165,SYSDATE - 10670,1,' the area of Oxford should be deemed suspicious',136,17);
INSERT INTO information VALUES (166,SYSDATE - 10359,2,' Stanton Belvidere is an informer',NULL,NULL);
INSERT INTO information VALUES (167,SYSDATE - 4614,5,' the area of Guildford should be deemed suspicious',139,72);
INSERT INTO information VALUES (168,SYSDATE - 19121,3,' missions involving Cameron Huntley are critical for solving issues to do with Ogden Gillett',NULL,NULL);
INSERT INTO information VALUES (169,SYSDATE - 6099,6,' only if Birmingham is suspicious should Parr Bath be trusted',75,264);
INSERT INTO information VALUES (170,SYSDATE - 5066,4,' Halse Rowle is a sworn enemy of Dryden Ide',27,264);
INSERT INTO information VALUES (171,SYSDATE - 4834,0,' a mysterious package was found in the home of Milbourn Bodine in Plymouth',3,239);
INSERT INTO information VALUES (172,SYSDATE - 5133,3,' on 25-10-1978, Trey Astor was seen with Marigold Nairne in Doncaster',163,7);
INSERT INTO information VALUES (173,SYSDATE - 3821,0,' on 15-8-1995, Forbes Bannerman was seen with Frith Cuyler in Bath',90,247);
INSERT INTO information VALUES (174,SYSDATE - 4730,0,' Cleveland McKinnon has sworn to murder Wells Georgina',71,105);
INSERT INTO information VALUES (175,SYSDATE - 609,4,' only if Avebury is suspicious should Forrester Huckstep be trusted',47,47);
INSERT INTO information VALUES (176,SYSDATE - 4264,2,' when Maitland Theobald was travelling from Durham to Brighton on 23-8-1967, Morley Clute was killed',56,301);
INSERT INTO information VALUES (177,SYSDATE - 2187,1,' if Hylton Brodt is trustworth, then Richman Bannister is a reliable source',52,232);
INSERT INTO information VALUES (178,SYSDATE - 1584,6,' Lanny Morice is unreliable',93,153);
INSERT INTO information VALUES (179,SYSDATE - 414,1,' only if Chichester is suspicious should Oglesby Dryden be trusted',64,30);
INSERT INTO information VALUES (180,SYSDATE - 6816,2,' Dennison Milne has sworn to murder Parker Dillingham',119,262);
INSERT INTO information VALUES (181,SYSDATE - 10327,1,' only if Stafford is suspicious should Baxter Can be trusted',51,119);
INSERT INTO information VALUES (182,SYSDATE - 4869,0,' Ehner Moxley knows Shelton Burbeck',44,118);
INSERT INTO information VALUES (183,SYSDATE - 261,0,' if Elmira Bain is trustworth, then Langley Knapp is a reliable source',20,136);
INSERT INTO information VALUES (184,SYSDATE - 1904,0,' either Philberta Pell or Abigail Burden are reliable, but not both',140,62);
INSERT INTO information VALUES (185,SYSDATE - 7960,5,' Stiles Bushwell is a sworn enemy of Yedda Sylvester',71,179);
INSERT INTO information VALUES (186,SYSDATE - 1013,0,' a message from Chal Osterhoudt was passed to Radcliffe McKirnan on 22-0-1981',135,124);
INSERT INTO information VALUES (187,SYSDATE - 12496,4,' Aldridge Phelps was seen in Portsmouth',NULL,NULL);
INSERT INTO information VALUES (188,SYSDATE - 8130,0,' Maxey Eytinge has sworn to murder Donald Arthur',NULL,NULL);
INSERT INTO information VALUES (189,SYSDATE - 17762,5,' a mysterious package was found in the home of Ransford Sanxay in Coventry',133,97);
INSERT INTO information VALUES (190,SYSDATE - 755,6,' only if Liverpool is suspicious should Miller Amherst be trusted',98,92);
INSERT INTO information VALUES (191,SYSDATE - 5234,5,' a meeting was bugged involving Bing Cadwell, Rosie Massenger and Bliss Ripley',NULL,NULL);
INSERT INTO information VALUES (192,SYSDATE - 229,6,' a meeting was bugged involving Anscom Thomas, Ardley Driver and Halstead Rochester',116,205);
INSERT INTO information VALUES (193,SYSDATE - 843,2,' Halse Rowle and Rawson Stanhope are friends',27,51);
INSERT INTO information VALUES (194,SYSDATE - 9173,6,' if Kingston Weld is dangerous, then Ormond Breese is dangerous',45,135);
INSERT INTO information VALUES (195,SYSDATE - 9095,6,' Lawley Egan was seen in Colchester',40,238);
INSERT INTO information VALUES (196,SYSDATE - 7934,3,' on 8-8-1968, agents were being watched in Brighton',48,112);
INSERT INTO information VALUES (197,SYSDATE - 611,1,' an assassination occured in Oxford on 23-10-2006',64,30);
INSERT INTO information VALUES (198,SYSDATE - 10242,1,' Gladstone Cobern is deeply religous',95,274);
INSERT INTO information VALUES (199,SYSDATE - 1526,6,' Melburn Skene is an informer',124,81);
INSERT INTO information VALUES (200,SYSDATE - 1791,1,' an assassination occured in Derby on 10-1-1969',166,155);
INSERT INTO information VALUES (201,SYSDATE - 1159,4,' a message from Roden Evans was passed to Abigail Burden on 18-9-2000',143,97);
INSERT INTO information VALUES (202,SYSDATE - 2529,4,' an assassination occured in Peterborough on 18-2-1980',136,255);
INSERT INTO information VALUES (203,SYSDATE - 864,6,' Bryson Lilienthal is an informer',82,97);
INSERT INTO information VALUES (204,SYSDATE - 2280,0,' if Smedley Holden is trustworth, then Granger Neal is a reliable source',104,297);
INSERT INTO information VALUES (205,SYSDATE - 6104,2,' Twyla Bateman is unreliable',19,127);
INSERT INTO information VALUES (206,SYSDATE - 9493,6,' on 20-3-1959, agents were being watched in Chichester',127,271);
INSERT INTO information VALUES (207,SYSDATE - 3007,1,' Sutton Hough is unreliable',155,59);
INSERT INTO information VALUES (208,SYSDATE - 5556,5,' a message from Erwin Filley was passed to Harman Colbern on 9-8-1972',52,271);
INSERT INTO information VALUES (209,SYSDATE - 9737,4,' either Sheldon Norton or Baxter Can and Oglesby Dryden have lied to the agency',NULL,NULL);
INSERT INTO information VALUES (210,SYSDATE - 1038,2,' Garrick Colwell is a sworn enemy of Vian Mochrie',140,306);
INSERT INTO information VALUES (211,SYSDATE - 13340,2,' if Harper Mead is dangerous, then Forrester Huckstep is dangerous',3,252);
INSERT INTO information VALUES (212,SYSDATE - 4379,3,' if Emmet Burgos is trustworth, then Stratford Seaton is a reliable source',168,302);
INSERT INTO information VALUES (213,SYSDATE - 9577,3,' on 21-1-1954, Ogden Gillett was seen with Reading Wheaton in Gloucester',19,150);
INSERT INTO information VALUES (214,SYSDATE - 3763,4,' Ogden Gillett is a sworn enemy of Stiles Bushwell',56,27);
INSERT INTO information VALUES (215,SYSDATE - 293,2,' Harcourt Brandreth has sworn to murder Dryden Ide',123,251);
INSERT INTO information VALUES (216,SYSDATE - 729,5,' Melrose Fane was seen in Scarborough',149,283);
INSERT INTO information VALUES (217,SYSDATE - 8527,6,' a message from Unity Goldsmith was passed to Amberjill Adolph on 8-10-1974',117,36);
INSERT INTO information VALUES (218,SYSDATE - 2127,0,' Sanders Woodward is a sworn enemy of Merry Parnell',164,189);
INSERT INTO information VALUES (219,SYSDATE - 594,6,' the area of Bournemouth should be deemed suspicious',154,65);
INSERT INTO information VALUES (220,SYSDATE - 9871,1,' Sabrina Rice and Hudson Flaherty are friends',NULL,NULL);
INSERT INTO information VALUES (221,SYSDATE - 9584,4,' if Kenneth Dunlop is dangerous, then Lanny Morice is dangerous',120,283);
INSERT INTO information VALUES (222,SYSDATE - 5953,2,' Welcome Champlin is an informer',33,231);
INSERT INTO information VALUES (223,SYSDATE - 408,3,' on 28-4-1956, agents were being watched in Durham',115,263);
INSERT INTO information VALUES (224,SYSDATE - 7268,6,' on 6-11-1953, Hamlet Shute was seen with Vail Dobson in Brinsdale',120,46);
INSERT INTO information VALUES (225,SYSDATE - 11861,4,' if Stratford Seaton is dangerous, then Manfield Dirk is dangerous',NULL,NULL);
INSERT INTO information VALUES (226,SYSDATE - 713,3,' a message from Manfield Dirk was passed to Archer Bing on 16-11-1970',91,278);
INSERT INTO information VALUES (227,SYSDATE - 19575,6,' on 13-9-1971, Hearst Chatsey was seen with Nickson Gordon in Hull',133,272);
INSERT INTO information VALUES (228,SYSDATE - 2338,1,' Hylton Brodt was seen in Stoke with Bosworth Eugenia',41,316);
INSERT INTO information VALUES (229,SYSDATE - 623,5,' if Brinley Sherwood is dangerous, then Hall Duff is dangerous',82,274);
INSERT INTO information VALUES (230,SYSDATE - 8993,1,' missions involving Langley Knapp are critical for solving issues to do with Waverley Durden',NULL,NULL);
INSERT INTO information VALUES (231,SYSDATE - 5731,1,' Huxley Shelley was seen in Reading',168,302);
INSERT INTO information VALUES (232,SYSDATE - 956,5,' Knox Collins was seen in Windsor with Wilbur Pendleton',4,109);
INSERT INTO information VALUES (233,SYSDATE - 5197,5,' Edward Kelso is an informer',71,69);
INSERT INTO information VALUES (234,SYSDATE - 6396,5,' on 2-4-1994, Courtland Felch was seen with Mander Wiltshire in Hertford',168,311);
INSERT INTO information VALUES (235,SYSDATE - 820,0,' Bryson Lilienthal is deeply religous',108,6);
INSERT INTO information VALUES (236,SYSDATE - 9607,0,' Marigold Nairne knows an agent personally',102,154);
INSERT INTO information VALUES (237,SYSDATE - 6068,6,' Jamison Houghtailing was seen in Doncaster',168,277);
INSERT INTO information VALUES (238,SYSDATE - 5581,1,' Atworth Wickliff denied that Weldon Borrail killed Terrel McLaughlin',152,219);
INSERT INTO information VALUES (239,SYSDATE - 6207,0,' pieces of information associated with Southampton are to be trusted until 20-11-1985',48,232);
INSERT INTO information VALUES (240,SYSDATE - 644,0,' a meeting was bugged involving Edith Flint, Swain Geffrey and Morley Clute',153,28);
INSERT INTO information VALUES (241,SYSDATE - 5099,6,' a meeting was bugged involving Rylie Dale, Kimberley Roof and Steele Carteret',38,245);
INSERT INTO information VALUES (242,SYSDATE - 1457,1,' a message from Thurlow Cogswell was passed to Ogden Gillett on 6-2-1977',133,207);
INSERT INTO information VALUES (243,SYSDATE - 10813,2,' missions involving Chetwin Hoogaboom are critical for solving issues to do with Radcliffe McKirnan',24,197);
INSERT INTO information VALUES (244,SYSDATE - 1261,5,' pieces of information associated with Stoke are to be trusted until 8-4-1970',119,253);
INSERT INTO information VALUES (245,SYSDATE - 1580,0,' Stiles Bushwell is deeply religous',80,170);
INSERT INTO information VALUES (246,SYSDATE - 3032,5,' a message from Palmer Payne was passed to Marigold Nairne on 29-10-1984',93,153);
INSERT INTO information VALUES (247,SYSDATE - 4918,2,' Harcourt Brandreth is deeply religous',36,138);
INSERT INTO information VALUES (248,SYSDATE - 3683,0,' pieces of information associated with Plymouth are to be trusted until 11-1-1965',14,332);
INSERT INTO information VALUES (249,SYSDATE - 3244,6,' Farrah Playfair and Radcliff Tillinghast are friends',156,297);
INSERT INTO information VALUES (250,SYSDATE - 1032,6,' if Tina Cox is trustworth, then Warren Oliver is a reliable source',29,23);
INSERT INTO information VALUES (251,SYSDATE - 6602,4,' Wainwright Clum is an informer',48,143);
INSERT INTO information VALUES (252,SYSDATE - 4565,1,' on 27-5-2005, agents were being watched in Battle',67,321);
INSERT INTO information VALUES (253,SYSDATE - 4463,3,' either Kenrick Guelph or Hiatt Allan are reliable, but not both',114,323);
INSERT INTO information VALUES (254,SYSDATE - 8846,6,' if Tab Romanno is dangerous, then Marland Burnham is dangerous',40,318);
INSERT INTO information VALUES (255,SYSDATE - 6854,2,' if Winslow Cromwell is trustworth, then Dane Aiton is a reliable source',35,254);
INSERT INTO information VALUES (256,SYSDATE - 6216,6,' Cromwell Wishart has sworn to murder Wells Georgina',152,284);
INSERT INTO information VALUES (257,SYSDATE - 630,2,' Upshaw Friskin was seen in Southampton with Aldridge Phelps',60,171);
INSERT INTO information VALUES (258,SYSDATE - 8481,0,' Wiley Alan was seen in Preston',92,59);
INSERT INTO information VALUES (259,SYSDATE - 12673,0,' Christopher Abendroth and Norville Duppa are friends',122,34);
INSERT INTO information VALUES (260,SYSDATE - 4935,0,' Haralda Raleigh was seen in Poole with Kismet Buckley',98,92);
INSERT INTO information VALUES (261,SYSDATE - 3792,0,' Faith Chichester denied that Beverly Wetherby killed Marland Burnham',119,5);
INSERT INTO information VALUES (262,SYSDATE - 108,0,' either Osborn Gilroy or Lawley Egan and Morrison Godfrey have lied to the agency',168,326);
INSERT INTO information VALUES (263,SYSDATE - 10062,1,' missions involving Whitcombe Brooks are critical for solving issues to do with Brett Wiswall',NULL,NULL);
INSERT INTO information VALUES (264,SYSDATE - 12560,0,' a mysterious package was found in the home of Marsh Gifford in Ipswich',136,237);
INSERT INTO information VALUES (265,SYSDATE - 56,1,' Dennison Milne and Nickson Gordon are friends',32,313);
INSERT INTO information VALUES (266,SYSDATE - 9,2,' Sterling Sebastian was seen in Guildford',47,95);
INSERT INTO information VALUES (267,SYSDATE - 939,4,' a message from Shelton Burbeck was passed to Faith Chichester on 23-0-2002',47,92);
INSERT INTO information VALUES (268,SYSDATE - 11113,3,' either Merry Parnell or Nixon Horatio are reliable, but not both',162,218);
INSERT INTO information VALUES (269,SYSDATE - 6,3,' on 13-6-1953, agents were being watched in Derby',NULL,NULL);
INSERT INTO information VALUES (270,SYSDATE - 2411,3,' missions involving Vail Dobson are critical for solving issues to do with Reynold Neville',27,212);
INSERT INTO information VALUES (271,SYSDATE - 6571,2,' Irwin Meyeul knows Reynold Neville',60,47);
INSERT INTO information VALUES (272,SYSDATE - 689,0,' on 22-6-1957, agents were being watched in Doncaster',82,88);
INSERT INTO information VALUES (273,SYSDATE - 653,5,' on 5-1-2003, agents were being watched in Coventry',105,124);
INSERT INTO information VALUES (274,SYSDATE - 475,4,' Bethshaya Barclay and Elsdon Maddock are friends',107,157);
INSERT INTO information VALUES (275,SYSDATE - 431,1,' a meeting was bugged involving Garwood Crayford, Marsh Gifford and Kenneth Dunlop',47,92);
INSERT INTO information VALUES (276,SYSDATE - 178,5,' Randell Driscol was seen in Southampton with Heathcote Burg',166,53);
INSERT INTO information VALUES (277,SYSDATE - 1991,0,' the area of Stafford should be deemed suspicious',156,186);
INSERT INTO information VALUES (278,SYSDATE - 77,5,' Tina Cox is unreliable',122,299);
INSERT INTO information VALUES (279,SYSDATE - 1340,3,' an assassination occured in Guildford on 25-8-2004',166,316);
INSERT INTO information VALUES (280,SYSDATE - 6880,2,' a meeting was bugged involving Lanny Morice, Haywood Aldridge and Abigail Burden',NULL,NULL);
INSERT INTO information VALUES (281,SYSDATE - 10383,3,' if Sutton Hough is trustworth, then Radcliff Tillinghast is a reliable source',NULL,NULL);
INSERT INTO information VALUES (282,SYSDATE - 567,5,' if Radcliff Tillinghast is dangerous, then Perris McCarthy is dangerous',111,316);
INSERT INTO information VALUES (283,SYSDATE - 739,4,' either Donald Arthur or Ransford Sanxay are reliable, but not both',114,214);
INSERT INTO information VALUES (284,SYSDATE - 599,1,' Lander Falkland and Harman Colbern are friends',135,45);
INSERT INTO information VALUES (285,SYSDATE - 6292,0,' Kenley Ormsby is deeply religous',39,291);
INSERT INTO information VALUES (286,SYSDATE - 4055,5,' Osborn Gilroy was seen in Avebury with Emerson Alfred',7,287);
INSERT INTO information VALUES (287,SYSDATE - 2465,5,' either Harman Colbern or Dane Aiton and Gibson Danvers have lied to the agency',168,311);
INSERT INTO information VALUES (288,SYSDATE - 3340,6,' pieces of information associated with Leeds are to be trusted until 5-4-1990',29,189);
INSERT INTO information VALUES (289,SYSDATE - 1714,0,' on 15-2-1983, Houghton Beaumont was seen with Wakeman Ascall in Plymouth',40,179);
INSERT INTO information VALUES (290,SYSDATE - 323,2,' Thane Artois is an informer',122,93);
INSERT INTO information VALUES (291,SYSDATE - 9255,4,' on 14-4-1969, agents were being watched in Doncaster',NULL,NULL);
INSERT INTO information VALUES (292,SYSDATE - 708,6,' the area of Brighton should be deemed suspicious',46,12);
INSERT INTO information VALUES (293,SYSDATE - 3395,6,' pieces of information associated with Poole are to be trusted until 26-10-1983',114,162);
INSERT INTO information VALUES (294,SYSDATE - 2553,5,' only if Manchester is suspicious should Keyon Elton be trusted',4,109);
INSERT INTO information VALUES (295,SYSDATE - 10699,4,' Hiatt Allan knows Winton Frame',117,2);
INSERT INTO information VALUES (296,SYSDATE - 12869,5,' Sterling Sebastian knows Chetwin Hoogaboom',22,7);
INSERT INTO information VALUES (297,SYSDATE - 2787,3,' Frith Cuyler was seen in Hull with Harman Colbern',168,277);
INSERT INTO information VALUES (298,SYSDATE - 6979,3,' an assassination occured in Poole on 3-5-1970',98,37);
INSERT INTO information VALUES (299,SYSDATE - 8678,2,' Ashleigh Brimmer is deeply religous',87,326);
INSERT INTO information VALUES (300,SYSDATE - 4045,0,' there has been no contact with Tawnie Gilmour since 10-5-1992',151,326);
INSERT INTO information VALUES (301,SYSDATE - 101,3,' if Rayburn Kilburne is trustworth, then Farrah Playfair is a reliable source',5,201);
INSERT INTO information VALUES (302,SYSDATE - 3535,2,' there has been no contact with Courtland Felch since 25-3-1965',33,231);
INSERT INTO information VALUES (303,SYSDATE - 8674,0,' Archer Bing was seen in Winchester with Christopher Abendroth',NULL,NULL);
INSERT INTO information VALUES (304,SYSDATE - 16489,4,' a mysterious package was found in the home of Blake Dutton in Lincoln',NULL,NULL);
INSERT INTO information VALUES (305,SYSDATE - 3684,2,' Manfield Dirk is deeply religous',32,313);
INSERT INTO information VALUES (306,SYSDATE - 1554,1,' if Jamison Houghtailing is dangerous, then Harper Mead is dangerous',46,12);
INSERT INTO information VALUES (307,SYSDATE - 2275,3,' Holt Geddes denied that Edbert Abernethy killed Fenton Rosamund',83,315);
INSERT INTO information VALUES (308,SYSDATE - 2209,4,' a meeting was bugged involving Chad Sunderland, Yedda Sylvester and Waverley Durden',153,48);
INSERT INTO information VALUES (309,SYSDATE - 5713,0,' either Unwin Braine or Clifford Herbert and Quenna Burr have lied to the agency',119,184);
INSERT INTO information VALUES (310,SYSDATE - 507,0,' on 10-10-1962, agents were being watched in Poole',115,41);
INSERT INTO information VALUES (311,SYSDATE - 1205,2,' either Welcome Champlin or Aldridge Phelps are reliable, but not both',152,285);
INSERT INTO information VALUES (312,SYSDATE - 6542,6,' Ansley Goodrich has sworn to murder Brown McGinnis',39,172);
INSERT INTO information VALUES (313,SYSDATE - 8161,3,' when Clinton Athill was travelling from Preston to Brinsdale on 21-7-1999, Atworth Wickliff was killed',75,264);
INSERT INTO information VALUES (314,SYSDATE - 7905,5,' if Randie Pierpont is trustworth, then Marland Burnham is a reliable source',98,135);
INSERT INTO information VALUES (315,SYSDATE - 2575,6,' a mysterious package was found in the home of Hiatt Allan in Colchester',83,273);
INSERT INTO information VALUES (316,SYSDATE - 309,6,' a meeting was bugged involving Houghton Beaumont, Amberjill Adolph and Sheldon Norton',155,191);
INSERT INTO information VALUES (317,SYSDATE - 2316,0,' pieces of information associated with Burnham are to be trusted until 13-5-1969',74,212);
INSERT INTO information VALUES (318,SYSDATE - 3205,4,' a message from Farrah Playfair was passed to Elmira Bain on 9-6-1959',1,310);
INSERT INTO information VALUES (319,SYSDATE - 266,1,' a meeting was bugged involving Whitley Cass, Dugan Durgy and Halstead Rochester',166,155);
INSERT INTO information VALUES (320,SYSDATE - 3215,3,' Sinnett Godolphin has sworn to murder Irvette Bowers',2,27);
INSERT INTO information VALUES (321,SYSDATE - 4432,6,' the area of Ipswich should be deemed suspicious',152,65);
INSERT INTO information VALUES (322,SYSDATE - 6425,4,' when Dory Bleeker was travelling from Leeds to Brinsdale on 29-0-1971, Holt Geddes was killed',142,263);
INSERT INTO information VALUES (323,SYSDATE - 954,4,' Marland Burnham denied that Ashleigh Brimmer killed Marley Bigler',82,207);
INSERT INTO information VALUES (324,SYSDATE - 180,0,' a meeting was bugged involving Wilfred Armstrong, Faith Chichester and Dixon Lonsdale',64,30);
INSERT INTO information VALUES (325,SYSDATE - 5094,2,' Maxey Eytinge was seen in Coventry',3,328);
INSERT INTO information VALUES (326,SYSDATE - 9118,2,' either Rad Schermerhorn or Blaxland Leonard are reliable, but not both',NULL,NULL);
INSERT INTO information VALUES (327,SYSDATE - 9,2,' an assassination occured in Doncaster on 17-0-1970',82,207);
INSERT INTO information VALUES (328,SYSDATE - 2018,3,' either Esmond Clinton or Reading Wheaton are reliable, but not both',3,305);
INSERT INTO information VALUES (329,SYSDATE - 9540,6,' Sandon Rue is an informer',43,85);
INSERT INTO information VALUES (330,SYSDATE - 6120,3,' either Essex Fleming or Vian Mochrie are reliable, but not both',52,152);
INSERT INTO information VALUES (331,SYSDATE - 1,0,' a mysterious package was found in the home of Stiles Bushwell in Norwich',166,316);
INSERT INTO information VALUES (332,SYSDATE - 1431,5,' an assassination occured in Southampton on 7-4-1994',110,31);
INSERT INTO information VALUES (333,SYSDATE - 6633,4,' Carlee Aston is unreliable',124,81);
INSERT INTO information VALUES (334,SYSDATE - 1318,5,' either Morley Clute or Kenley Ormsby and Aspen Dauby have lied to the agency',110,31);
INSERT INTO information VALUES (335,SYSDATE - 2142,0,' Kenrich Ashford was seen in Bath with Abigail Burden',5,100);
INSERT INTO information VALUES (336,SYSDATE - 477,0,' either Millard Newbury or Reynold Neville are reliable, but not both',126,156);
INSERT INTO information VALUES (337,SYSDATE - 9359,0,' a mysterious package was found in the home of Hayley Felton in Coventry',11,316);
INSERT INTO information VALUES (338,SYSDATE - 1902,2,' Thane Artois is an informer',101,164);
INSERT INTO information VALUES (339,SYSDATE - 12197,4,' if Sabrina Rice is trustworth, then Osborn Gilroy is a reliable source',44,281);
INSERT INTO information VALUES (340,SYSDATE - 14595,2,' Upshaw Friskin is a sworn enemy of Marsden Cory',22,76);
INSERT INTO information VALUES (341,SYSDATE - 17350,0,' missions involving Philberta Pell are critical for solving issues to do with Yedda Sylvester',117,130);
INSERT INTO information VALUES (342,SYSDATE - 6875,1,' missions involving Shelton Burbeck are critical for solving issues to do with Manfield Dirk',51,155);
INSERT INTO information VALUES (343,SYSDATE - 6925,2,' Ena Judd is an informer',132,235);
INSERT INTO information VALUES (344,SYSDATE - 10805,4,' missions involving Garwood Crayford are critical for solving issues to do with Aspen Dauby',26,162);
INSERT INTO information VALUES (345,SYSDATE - 8734,1,' Huxley Shelley was seen in Colchester',NULL,NULL);
INSERT INTO information VALUES (346,SYSDATE - 1996,3,' when Amsden Rian was travelling from Leeds to Colchester on 31-2-1970, Mander Wiltshire was killed',74,76);
INSERT INTO information VALUES (347,SYSDATE - 818,5,' on 16-5-1955, agents were being watched in Winchester',104,285);
INSERT INTO information VALUES (348,SYSDATE - 8731,3,' Risley Shannon is a sworn enemy of Sutton Hough',76,158);
INSERT INTO information VALUES (349,SYSDATE - 5277,3,' either Perris McCarthy or Sharman Poindexter are reliable, but not both',103,51);
INSERT INTO information VALUES (350,SYSDATE - 5884,5,' a mysterious package was found in the home of Risley Shannon in Dover',24,323);
INSERT INTO information VALUES (351,SYSDATE - 2680,0,' Lark Gliston is unreliable',NULL,NULL);
INSERT INTO information VALUES (352,SYSDATE - 13642,2,' pieces of information associated with Manchester are to be trusted until 5-8-1997',24,273);
INSERT INTO information VALUES (353,SYSDATE - 868,2,' Burley Doran and Somerset Gillespie are friends',6,124);
INSERT INTO information VALUES (354,SYSDATE - 9620,3,' on 15-6-1986, Beval Loughlin was seen with Eddie Bennett in Norwich',7,291);
INSERT INTO information VALUES (355,SYSDATE - 13809,5,' Morton Virgo was seen in Birmingham with Aldred Brentwood',NULL,NULL);
INSERT INTO information VALUES (356,SYSDATE - 2501,2,' a message from Marsh Gifford was passed to Ehner Moxley on 23-7-1958',120,286);
INSERT INTO information VALUES (357,SYSDATE - 1206,3,' information gleaned from Perris McCarthy are to be trusted before 7-4-1986',92,236);
INSERT INTO information VALUES (358,SYSDATE - 7298,6,' Ena Judd is unreliable',53,178);
INSERT INTO information VALUES (359,SYSDATE - 7030,0,' when Winslow Cromwell was travelling from Peterborough to Derby on 5-9-1988, Archer Bing was killed',87,173);
INSERT INTO information VALUES (360,SYSDATE - 3227,0,' the area of Cambridge should be deemed suspicious',143,216);
INSERT INTO information VALUES (361,SYSDATE - 369,2,' Ludella Ackart is deeply religous',64,30);
INSERT INTO information VALUES (362,SYSDATE - 2960,1,' Reeve Radcliff was seen in Luton with Garwood Crayford',132,283);
INSERT INTO information VALUES (363,SYSDATE - 2990,1,' Roden Evans denied that Bailey Andrew killed Channing Polk',7,202);
INSERT INTO information VALUES (364,SYSDATE - 10025,4,' the area of Winchester should be deemed suspicious',21,275);
INSERT INTO information VALUES (365,SYSDATE - 10378,5,' the area of Rotherham should be deemed suspicious',67,221);
INSERT INTO information VALUES (366,SYSDATE - 16830,6,' Somerset Gillespie was seen in Poole',22,143);
INSERT INTO information VALUES (367,SYSDATE - 3494,2,' when Wilkie Emma was travelling from Durham to Birmingham on 13-3-1953, Winslow Cromwell was killed',54,228);
INSERT INTO information VALUES (368,SYSDATE - 186,4,' the area of Dover should be deemed suspicious',44,312);
INSERT INTO information VALUES (369,SYSDATE - 3088,0,' Ashleigh Brimmer has sworn to murder Hudson Flaherty',39,291);
INSERT INTO information VALUES (370,SYSDATE - 1165,2,' a mysterious package was found in the home of Lanny Morice in Norwich',41,6);
INSERT INTO information VALUES (371,SYSDATE - 1647,0,' the area of Coventry should be deemed suspicious',43,240);
INSERT INTO information VALUES (372,SYSDATE - 1445,3,' either Bryson Lilienthal or Nixon Horatio are reliable, but not both',110,162);
INSERT INTO information VALUES (373,SYSDATE - 2736,0,' Stiles Bushwell was seen in Derby with Gibson Danvers',45,156);
INSERT INTO information VALUES (374,SYSDATE - 3968,6,' on 26-5-1982, Claiborne Teddington was seen with Randell Driscol in Bournemouth',91,261);
INSERT INTO information VALUES (375,SYSDATE - 11302,1,' Hylton Brodt knows Fenton Rosamund',NULL,NULL);
INSERT INTO information VALUES (376,SYSDATE - 4453,6,' information gleaned from Litton Bachelor are to be trusted before 3-6-1963',3,192);
INSERT INTO information VALUES (377,SYSDATE - 1370,4,' pieces of information associated with Bath are to be trusted until 28-6-1972',45,322);
INSERT INTO information VALUES (378,SYSDATE - 7868,1,' Gage Poulton has sworn to murder Ambler Fothergill',26,322);
INSERT INTO information VALUES (379,SYSDATE - 14627,3,' the area of Plymouth should be deemed suspicious',19,27);
INSERT INTO information VALUES (380,SYSDATE - 10299,3,' Dane Aiton knows Godwin Rousseau',22,55);
INSERT INTO information VALUES (381,SYSDATE - 1232,1,' the area of Manchester should be deemed suspicious',15,173);
INSERT INTO information VALUES (382,SYSDATE - 728,5,' on 31-7-1969, agents were being watched in Plymouth',32,313);
INSERT INTO information VALUES (383,SYSDATE - 6560,6,' Yedda Sylvester has sworn to murder Atwater Fulke',142,242);
INSERT INTO information VALUES (384,SYSDATE - 11300,6,' either Somerset Gillespie or Dalbert Bridgman and Ansley Goodrich have lied to the agency',162,218);
INSERT INTO information VALUES (385,SYSDATE - 11,0,' on 5-8-2007, Leland Buckminster was seen with Amsden Rian in Luton',135,243);
INSERT INTO information VALUES (386,SYSDATE - 413,5,' Yedda Sylvester is deeply religous',4,204);
INSERT INTO information VALUES (387,SYSDATE - 1249,3,' Sterling Sebastian is deeply religous',52,232);
INSERT INTO information VALUES (388,SYSDATE - 3177,5,' only if Guildford is suspicious should Bethshaya Barclay be trusted',123,166);
INSERT INTO information VALUES (389,SYSDATE - 7218,6,' on 22-7-1964, agents were being watched in Brighton',163,165);
INSERT INTO information VALUES (390,SYSDATE - 5873,4,' on 31-4-1989, agents were being watched in Dover',168,311);
INSERT INTO information VALUES (391,SYSDATE - 1037,6,' a mysterious package was found in the home of Jane Isham in Southampton',126,319);
INSERT INTO information VALUES (392,SYSDATE - 5195,3,' either Burke Noyes or Thurlow Cogswell and Tina Cox have lied to the agency',104,32);
INSERT INTO information VALUES (393,SYSDATE - 3982,2,' either Nickson Gordon or Brinley Sherwood and Clinton Athill have lied to the agency',15,173);
INSERT INTO information VALUES (394,SYSDATE - 11664,6,' only if Leicester is suspicious should Mala Crittenden be trusted',24,117);
INSERT INTO information VALUES (395,SYSDATE - 9071,6,' Rad Schermerhorn was seen in Guildford with Wells Georgina',NULL,NULL);
INSERT INTO information VALUES (396,SYSDATE - 15633,2,' information gleaned from Randell Driscol are to be trusted before 27-6-1980',NULL,NULL);
INSERT INTO information VALUES (397,SYSDATE - 10514,6,' either Donald Arthur or Oglesby Dryden are reliable, but not both',1,74);
INSERT INTO information VALUES (398,SYSDATE - 20548,1,' on 20-1-1982, agents were being watched in Luton',NULL,NULL);
INSERT INTO information VALUES (399,SYSDATE - 1083,2,' a mysterious package was found in the home of Unity Goldsmith in Stafford',147,230);
INSERT INTO information VALUES (400,SYSDATE - 1987,2,' if Bromley Colver is dangerous, then Hearst Chatsey is dangerous',156,211);
INSERT INTO information VALUES (401,SYSDATE - 14061,2,' Aspen Dauby denied that Rayburn Kilburne killed Stanhope Willis',19,106);
INSERT INTO information VALUES (402,SYSDATE - 11822,3,' Rad Schermerhorn knows an agent personally',68,322);
INSERT INTO information VALUES (403,SYSDATE - 696,6,' there has been no contact with Lawley Egan since 27-10-2000',164,189);
INSERT INTO information VALUES (404,SYSDATE - 1963,3,' either Granger Neal or Edith Flint are reliable, but not both',89,189);
INSERT INTO information VALUES (405,SYSDATE - 5838,2,' a meeting was bugged involving Nickson Gordon, Houghton Beaumont and Huxley Shelley',124,168);
INSERT INTO information VALUES (406,SYSDATE - 7795,2,' pieces of information associated with Burnham are to be trusted until 25-5-1964',102,38);
INSERT INTO information VALUES (407,SYSDATE - 19176,4,' either Kenneth Dunlop or Maxey Eytinge and Alston Roby have lied to the agency',NULL,NULL);
INSERT INTO information VALUES (408,SYSDATE - 765,1,' Ewart Bevan is deeply religous',98,8);
INSERT INTO information VALUES (409,SYSDATE - 4315,4,' a message from Keyon Elton was passed to Jane Isham on 6-8-1974',38,101);
INSERT INTO information VALUES (410,SYSDATE - 3317,3,' Berkeley Bristol knows Darnell Gear',4,204);
INSERT INTO information VALUES (411,SYSDATE - 10532,3,' a message from Wilbur Pendleton was passed to Sutton Hough on 22-11-1985',21,321);
INSERT INTO information VALUES (412,SYSDATE - 3541,4,' the area of Bournemouth should be deemed suspicious',71,95);
INSERT INTO information VALUES (413,SYSDATE - 2881,5,' Manfield Dirk and Ormond Breese are friends',119,166);
INSERT INTO information VALUES (414,SYSDATE - 1883,0,' the area of Rotherham should be deemed suspicious',14,332);
INSERT INTO information VALUES (415,SYSDATE - 595,3,' pieces of information associated with Peterborough are to be trusted until 19-3-1993',149,283);
INSERT INTO information VALUES (416,SYSDATE - 3243,1,' either Esmond Clinton or Atworth Wickliff are reliable, but not both',80,253);
INSERT INTO information VALUES (985,SYSDATE - 13743,2,' Nixon Horatio is deeply religous',1,260);
INSERT INTO information VALUES (986,SYSDATE - 324,2,' Wynston Coggeshall is unreliable',123,316);
INSERT INTO information VALUES (987,SYSDATE - 8854,6,' on 25-9-1977, agents were being watched in Brighton',87,42);
INSERT INTO information VALUES (988,SYSDATE - 81,4,' on 4-10-1980, Parr Bath was seen with Shepherd Sellenger in Leeds',47,159);
INSERT INTO information VALUES (989,SYSDATE - 300,3,' the area of Guildford should be deemed suspicious',164,189);
INSERT INTO information VALUES (990,SYSDATE - 6089,6,' Colby Bixby was seen in York',67,286);
INSERT INTO information VALUES (991,SYSDATE - 13272,4,' either Cobden Segur or Kenley Ormsby and Unwin Braine have lied to the agency',NULL,NULL);
INSERT INTO information VALUES (992,SYSDATE - 15069,1,' Hayden Nott is unreliable',51,223);
INSERT INTO information VALUES (993,SYSDATE - 718,1,' information gleaned from Parkin Spencer are to be trusted before 10-6-1968',115,263);
INSERT INTO information VALUES (994,SYSDATE - 182,6,' on 8-3-1968, agents were being watched in Hertford',111,6);
INSERT INTO information VALUES (995,SYSDATE - 2425,6,' Radcliff Tillinghast knows Wilona Affleck',108,6);
INSERT INTO information VALUES (996,SYSDATE - 9012,1,' there has been no contact with Rudd Costar since 12-6-2002',100,96);
INSERT INTO information VALUES (417,SYSDATE - 2882,1,' if Parkin Spencer is trustworth, then Shepherd Sellenger is a reliable source',88,191);
INSERT INTO information VALUES (418,SYSDATE - 165,4,' Harden Gardener knows an agent personally',82,88);
INSERT INTO information VALUES (419,SYSDATE - 2052,3,' if Milbourn Bodine is dangerous, then Hyatt Auchmuty is dangerous',NULL,NULL);
INSERT INTO information VALUES (420,SYSDATE - 15706,4,' Ransford Sanxay is deeply religous',158,200);
INSERT INTO information VALUES (421,SYSDATE - 8458,1,' there has been no contact with Vail Dobson since 2-8-1993',7,291);
INSERT INTO information VALUES (422,SYSDATE - 8681,6,' Swinford Loudoun denied that Gage Poulton killed Radnor Wells',76,123);
INSERT INTO information VALUES (423,SYSDATE - 3989,0,' either Shepherd Sellenger or Godwin Rousseau are reliable, but not both',111,251);
INSERT INTO information VALUES (424,SYSDATE - 1013,3,' if Sharman Poindexter is dangerous, then Waverley Durden is dangerous',18,4);
INSERT INTO information VALUES (425,SYSDATE - 5039,2,' Reid Tyson knows an agent personally',75,183);
INSERT INTO information VALUES (426,SYSDATE - 1061,0,' missions involving Courtland Felch are critical for solving issues to do with Morley Clute',82,97);
INSERT INTO information VALUES (427,SYSDATE - 15197,3,' when Berkeley Bristol was travelling from Ipswich to Bournemouth on 13-8-1958, Hylton Brodt was killed',NULL,NULL);
INSERT INTO information VALUES (428,SYSDATE - 3582,4,' Wainwright Clum knows Bosworth Eugenia',154,57);
INSERT INTO information VALUES (429,SYSDATE - 5995,0,' Ackerley Paxton is deeply religous',69,95);
INSERT INTO information VALUES (430,SYSDATE - 8980,1,' Edith Flint was seen in Windsor with Fenton Rosamund',102,51);
INSERT INTO information VALUES (431,SYSDATE - 1836,2,' missions involving Calder Norman are critical for solving issues to do with Wilfred Armstrong',80,170);
INSERT INTO information VALUES (432,SYSDATE - 3817,3,' Cleveland McKinnon has sworn to murder Tab Romanno',163,87);
INSERT INTO information VALUES (433,SYSDATE - 7665,6,' a message from Brown McGinnis was passed to Calder Norman on 2-8-2003',162,218);
INSERT INTO information VALUES (434,SYSDATE - 2290,2,' Waylen Dinsmor knows an agent personally',93,153);
INSERT INTO information VALUES (435,SYSDATE - 879,5,' Stiles Bushwell and Chetwin Hoogaboom are friends',115,263);
INSERT INTO information VALUES (436,SYSDATE - 291,0,' on 30-7-1994, Melrose Fane was seen with Clifford Herbert in Coventry',114,214);
INSERT INTO information VALUES (437,SYSDATE - 2518,0,' on 5-1-2000, agents were being watched in Stafford',132,267);
INSERT INTO information VALUES (438,SYSDATE - 4288,3,' there has been no contact with Dalbert Bridgman since 11-6-1983',31,262);
INSERT INTO information VALUES (439,SYSDATE - 7624,5,' Brown McGinnis is unreliable',45,276);
INSERT INTO information VALUES (440,SYSDATE - 3689,0,' Erskine William is deeply religous',78,140);
INSERT INTO information VALUES (441,SYSDATE - 903,0,' Sanders Woodward and Granger Neal are friends',114,162);
INSERT INTO information VALUES (442,SYSDATE - 11081,0,' Sterling Sebastian is an informer',133,190);
INSERT INTO information VALUES (443,SYSDATE - 5517,4,' pieces of information associated with Coventry are to be trusted until 27-4-1990',7,152);
INSERT INTO information VALUES (444,SYSDATE - 3452,2,' Rad Schermerhorn knows an agent personally',54,130);
INSERT INTO information VALUES (445,SYSDATE - 41,4,' either Bromley Colver or Kenrick Guelph are reliable, but not both',18,4);
INSERT INTO information VALUES (446,SYSDATE - 1465,5,' information gleaned from Alston Roby are to be trusted before 28-1-1975',156,35);
INSERT INTO information VALUES (447,SYSDATE - 2033,3,' Maxey Eytinge was seen in Guildford with Velvet Shrewsbury',123,166);
INSERT INTO information VALUES (448,SYSDATE - 7696,1,' only if Lincoln is suspicious should Wynston Coggeshall be trusted',100,239);
INSERT INTO information VALUES (449,SYSDATE - 4272,1,' there has been no contact with Granger Neal since 30-4-2007',162,218);
INSERT INTO information VALUES (450,SYSDATE - 5014,4,' missions involving Aldred Brentwood are critical for solving issues to do with Dalbert Bridgman',60,213);
INSERT INTO information VALUES (451,SYSDATE - 24,1,' Orton Scroggs is deeply religous',101,284);
INSERT INTO information VALUES (452,SYSDATE - 1339,3,' a message from Pearl Broughton was passed to Marigold Nairne on 11-7-1988',132,197);
INSERT INTO information VALUES (453,SYSDATE - 4423,0,' Denham Ackerman was seen in Cambridge',155,70);
INSERT INTO information VALUES (454,SYSDATE - 461,6,' there has been no contact with Reeve Radcliff since 7-4-1984',110,162);
INSERT INTO information VALUES (455,SYSDATE - 210,5,' Litton Bachelor knows Ronson Dimock',164,189);
INSERT INTO information VALUES (456,SYSDATE - 140,3,' Radcliffe McKirnan was seen in Battle',147,251);
INSERT INTO information VALUES (457,SYSDATE - 1986,6,' if Abigail Burden is trustworth, then Lanny Morice is a reliable source',164,189);
INSERT INTO information VALUES (458,SYSDATE - 1254,0,' either Haywood Aldridge or Baxter Can are reliable, but not both',54,203);
INSERT INTO information VALUES (459,SYSDATE - 7346,2,' the area of Battle should be deemed suspicious',142,242);
INSERT INTO information VALUES (460,SYSDATE - 2698,2,' missions involving Pepper Dennis are critical for solving issues to do with Frith Cuyler',29,314);
INSERT INTO information VALUES (461,SYSDATE - 1972,4,' on 19-4-2007, agents were being watched in Leeds',33,231);
INSERT INTO information VALUES (462,SYSDATE - 8023,3,' information gleaned from Knox Collins are to be trusted before 14-3-1981',3,227);
INSERT INTO information VALUES (463,SYSDATE - 4492,0,' Breton Broome is unreliable',39,81);
INSERT INTO information VALUES (464,SYSDATE - 4138,3,' Pitt Dalton and Yedda Sylvester are friends',156,297);
INSERT INTO information VALUES (465,SYSDATE - 89,2,' there has been no contact with Godwin Rousseau since 29-10-2006',80,170);
INSERT INTO information VALUES (466,SYSDATE - 410,1,' when Whittaker Hotham was travelling from Leeds to Guildford on 19-11-1983, Beccalynn Hayward was killed',18,123);
INSERT INTO information VALUES (467,SYSDATE - 3239,5,' Welcome Champlin and Randie Pierpont are friends',20,211);
INSERT INTO information VALUES (468,SYSDATE - 1398,2,' if Leland Buckminster is trustworth, then Fenn Gaston is a reliable source',110,61);
INSERT INTO information VALUES (469,SYSDATE - 4080,4,' a message from Morley Clute was passed to Sterling Sebastian on 5-6-1957',91,239);
INSERT INTO information VALUES (470,SYSDATE - 11509,0,' Breton Broome was seen in Colchester',87,18);
INSERT INTO information VALUES (471,SYSDATE - 12959,6,' if Breton Broome is trustworth, then Hearst Chatsey is a reliable source',NULL,NULL);
INSERT INTO information VALUES (472,SYSDATE - 13949,0,' Esmond Clinton knows Cameron Huntley',NULL,NULL);
INSERT INTO information VALUES (473,SYSDATE - 7286,4,' information gleaned from Courtland Felch are to be trusted before 23-11-1992',156,317);
INSERT INTO information VALUES (474,SYSDATE - 3449,2,' Hamlet Shute was seen in Birmingham',54,296);
INSERT INTO information VALUES (475,SYSDATE - 1626,6,' a message from Blossom Ollendorff was passed to Winton Frame on 13-8-1982',121,89);
INSERT INTO information VALUES (476,SYSDATE - 1111,1,' Ivy Dearden knows Brinley Sherwood',91,261);
INSERT INTO information VALUES (477,SYSDATE - 3119,6,' Swinford Loudoun and Geary Aberdene are friends',121,268);
INSERT INTO information VALUES (478,SYSDATE - 16745,1,' if Merrill Glanville is trustworth, then Tucker Mar is a reliable source',117,309);
INSERT INTO information VALUES (479,SYSDATE - 635,1,' either Wynston Coggeshall or Emerson Alfred are reliable, but not both',115,41);
INSERT INTO information VALUES (480,SYSDATE - 2996,6,' when Archer Bing was travelling from Brighton to Windsor on 13-10-2000, Hall Duff was killed',NULL,NULL);
INSERT INTO information VALUES (481,SYSDATE - 548,0,' a message from Garrick Colwell was passed to Ransley Campbell on 10-11-1962',67,79);
INSERT INTO information VALUES (482,SYSDATE - 2154,2,' Forrester Huckstep knows Emmet Burgos',131,160);
INSERT INTO information VALUES (483,SYSDATE - 1617,6,' the area of Hertford should be deemed suspicious',140,299);
INSERT INTO information VALUES (484,SYSDATE - 917,4,' Sandy Stocking is deeply religous',10,259);
INSERT INTO information VALUES (485,SYSDATE - 13680,5,' Emma Dorr knows Philberta Pell',NULL,NULL);
INSERT INTO information VALUES (486,SYSDATE - 5255,1,' Warren Oliver is an informer',83,135);
INSERT INTO information VALUES (487,SYSDATE - 12434,5,' Sabrina Rice knows an agent personally',43,234);
INSERT INTO information VALUES (488,SYSDATE - 274,5,' there has been no contact with Sherlock Alice since 31-9-1980',102,189);
INSERT INTO information VALUES (489,SYSDATE - 10250,1,' when Sharman Poindexter was travelling from Hull to Windsor on 12-2-1989, Chadwick Quigly was killed',95,89);
INSERT INTO information VALUES (490,SYSDATE - 18285,2,' if Halstead Rochester is trustworth, then Sanders Woodward is a reliable source',NULL,NULL);
INSERT INTO information VALUES (491,SYSDATE - 3539,3,' an assassination occured in Norwich on 15-8-1970',88,287);
INSERT INTO information VALUES (492,SYSDATE - 2255,2,' an assassination occured in York on 13-5-1993',153,274);
INSERT INTO information VALUES (493,SYSDATE - 11539,4,' a message from Pearl Broughton was passed to Macon Dauche on 20-0-2003',NULL,NULL);
INSERT INTO information VALUES (494,SYSDATE - 1289,1,' a mysterious package was found in the home of Lowell Call in Lincoln',14,332);
INSERT INTO information VALUES (495,SYSDATE - 9294,3,' Kenelm Galbraith is an informer',43,280);
INSERT INTO information VALUES (496,SYSDATE - 542,2,' Kenneth Dunlop was seen in Southampton',115,198);
INSERT INTO information VALUES (497,SYSDATE - 6153,1,' there has been no contact with Pitt Dalton since 2-9-2006',102,113);
INSERT INTO information VALUES (498,SYSDATE - 1196,3,' an assassination occured in Coventry on 30-6-1956',108,6);
INSERT INTO information VALUES (499,SYSDATE - 2661,5,' Erskine William knows Wainwright Clum',114,246);
INSERT INTO information VALUES (500,SYSDATE - 3781,5,' a message from Merrill Glanville was passed to Wilona Affleck on 18-7-2000',120,160);
INSERT INTO information VALUES (501,SYSDATE - 256,6,' an assassination occured in Norwich on 19-4-1997',138,192);
INSERT INTO information VALUES (502,SYSDATE - 16687,0,' a message from Mala Crittenden was passed to Ashleigh Brimmer on 25-2-1985',127,131);
INSERT INTO information VALUES (503,SYSDATE - 5246,4,' the area of Southampton should be deemed suspicious',154,57);
INSERT INTO information VALUES (504,SYSDATE - 11828,6,' Maitland Theobald denied that Thane Artois killed Harper Mead',3,252);
INSERT INTO information VALUES (505,SYSDATE - 323,4,' there has been no contact with Bromley Colver since 11-0-1980',116,215);
INSERT INTO information VALUES (506,SYSDATE - 2104,2,' if Burley Doran is dangerous, then Bernia Baits is dangerous',74,10);
INSERT INTO information VALUES (507,SYSDATE - 10267,3,' on 29-0-1992, Beacher Hatch was seen with Philberta Pell in Southampton',120,244);
INSERT INTO information VALUES (508,SYSDATE - 4440,5,' if Kelsey Stalker is trustworth, then Macon Dauche is a reliable source',105,152);
INSERT INTO information VALUES (509,SYSDATE - 13543,2,' a meeting was bugged involving Rayburn Kilburne, Ardley Driver and Reading Wheaton',136,248);
INSERT INTO information VALUES (510,SYSDATE - 3920,2,' on 15-10-1990, agents were being watched in Poole',NULL,NULL);
INSERT INTO information VALUES (511,SYSDATE - 8928,2,' there has been no contact with Waverley Durden since 10-3-1989',21,22);
INSERT INTO information VALUES (512,SYSDATE - 205,4,' Irwin Meyeul knows Rylie Dale',120,242);
INSERT INTO information VALUES (513,SYSDATE - 4082,1,' Whitcombe Brooks was seen in Windsor',75,264);
INSERT INTO information VALUES (514,SYSDATE - 1229,0,' Huxley Shelley is an informer',29,67);
INSERT INTO information VALUES (515,SYSDATE - 2105,6,' Amsden Rian knows Quenna Burr',35,85);
INSERT INTO information VALUES (516,SYSDATE - 5166,1,' Cuthbert Chambers has sworn to murder Nickson Gordon',98,188);
INSERT INTO information VALUES (517,SYSDATE - 2754,1,' if Newton Manser is dangerous, then Merrill Glanville is dangerous',52,232);
INSERT INTO information VALUES (518,SYSDATE - 3266,1,' the area of Winchester should be deemed suspicious',88,284);
INSERT INTO information VALUES (519,SYSDATE - 426,0,' the area of York should be deemed suspicious',93,153);
INSERT INTO information VALUES (520,SYSDATE - 3413,3,' Sandon Rue is deeply religous',121,89);
INSERT INTO information VALUES (521,SYSDATE - 2518,6,' either Kismet Buckley or Reading Wheaton are reliable, but not both',75,313);
INSERT INTO information VALUES (522,SYSDATE - 9619,5,' on 5-9-1954, Gage Poulton was seen with Haywood Aldridge in Battle',NULL,NULL);
INSERT INTO information VALUES (523,SYSDATE - 5437,3,' Perris McCarthy has sworn to murder Faith Chichester',162,218);
INSERT INTO information VALUES (524,SYSDATE - 4162,0,' only if Bath is suspicious should Nixon Horatio be trusted',114,162);
INSERT INTO information VALUES (525,SYSDATE - 1514,0,' a mysterious package was found in the home of Langley Knapp in Reading',93,153);
INSERT INTO information VALUES (526,SYSDATE - 1709,6,' a mysterious package was found in the home of Carson Griffin in Oxford',27,51);
INSERT INTO information VALUES (527,SYSDATE - 160,3,' Gresham Hodgekins is unreliable',54,221);
INSERT INTO information VALUES (528,SYSDATE - 1927,3,' only if Hull is suspicious should Rodwell Colville be trusted',NULL,NULL);
INSERT INTO information VALUES (529,SYSDATE - 11230,4,' if Risley Shannon is trustworth, then Velvet Shrewsbury is a reliable source',NULL,NULL);
INSERT INTO information VALUES (530,SYSDATE - 7984,6,' Arley Larkins denied that Burke Noyes killed Crewe Monger',131,218);
INSERT INTO information VALUES (531,SYSDATE - 1324,2,' Carlee Aston denied that Marsden Cory killed Beval Loughlin',36,15);
INSERT INTO information VALUES (532,SYSDATE - 4121,4,' Stratford Seaton was seen in Hertford',103,240);
INSERT INTO information VALUES (533,SYSDATE - 1824,0,' Rayburn Kilburne was seen in Rotherham with Chadwick Quigly',39,81);
INSERT INTO information VALUES (534,SYSDATE - 133,4,' either Eddie Bennett or Hiatt Allan and Dryden Ide have lied to the agency',107,157);
INSERT INTO information VALUES (535,SYSDATE - 10158,5,' a mysterious package was found in the home of Bronson Barstow in York',21,254);
INSERT INTO information VALUES (536,SYSDATE - 3475,0,' either Kelsey Stalker or Harden Gardener are reliable, but not both',2,320);
INSERT INTO information VALUES (537,SYSDATE - 1123,4,' information gleaned from Swain Geffrey are to be trusted before 31-7-1952',56,301);
INSERT INTO information VALUES (538,SYSDATE - 3726,0,' if Cuthbert Chambers is trustworth, then Rad Schermerhorn is a reliable source',6,131);
INSERT INTO information VALUES (539,SYSDATE - 1868,0,' if Swain Geffrey is trustworth, then Lindon Swane is a reliable source',23,256);
INSERT INTO information VALUES (540,SYSDATE - 2123,0,' when Aubree Harcourt was travelling from Poole to Brinsdale on 30-8-1962, Marigold Nairne was killed',31,262);
INSERT INTO information VALUES (541,SYSDATE - 2695,3,' Kimberley Roof knows Randell Driscol',162,218);
INSERT INTO information VALUES (542,SYSDATE - 176,2,' either Beverly Wetherby or Radcliff Tillinghast and Ivy Dearden have lied to the agency',82,207);
INSERT INTO information VALUES (543,SYSDATE - 8466,6,' a mysterious package was found in the home of Blaxland Leonard in Brinsdale',44,252);
INSERT INTO information VALUES (544,SYSDATE - 1209,4,' Ridgeway Barney knows an agent personally',31,262);
INSERT INTO information VALUES (545,SYSDATE - 6632,2,' missions involving Blaxland Leonard are critical for solving issues to do with Terrel McLaughlin',NULL,NULL);
INSERT INTO information VALUES (546,SYSDATE - 6501,0,' a meeting was bugged involving Eton Stover, Whitley Cass and Atworth Wickliff',88,173);
INSERT INTO information VALUES (547,SYSDATE - 4977,6,' a message from Hearst Chatsey was passed to Pearl Broughton on 16-8-1964',6,56);
INSERT INTO information VALUES (548,SYSDATE - 4712,2,' Frith Cuyler denied that Velvet Shrewsbury killed Heathcote Burg',155,20);
INSERT INTO information VALUES (549,SYSDATE - 568,1,' Alston Roby denied that Sanders Woodward killed Bethshaya Barclay',64,30);
INSERT INTO information VALUES (550,SYSDATE - 985,5,' the area of Chichester should be deemed suspicious',46,12);
INSERT INTO information VALUES (551,SYSDATE - 621,3,' Lowell Call knows an agent personally',100,96);
INSERT INTO information VALUES (552,SYSDATE - 1960,3,' Hylton Brodt is an informer',2,309);
INSERT INTO information VALUES (553,SYSDATE - 4488,6,' a mysterious package was found in the home of Garwood Crayford in Peterborough',101,135);
INSERT INTO information VALUES (554,SYSDATE - 815,4,' there has been no contact with Cobden Segur since 23-6-1965',147,83);
INSERT INTO information VALUES (555,SYSDATE - 377,6,' Edward Kelso was seen in Avebury with Carson Griffin',47,95);
INSERT INTO information VALUES (556,SYSDATE - 4482,3,' Kenrick Guelph has sworn to murder Randie Pierpont',154,65);
INSERT INTO information VALUES (557,SYSDATE - 4787,1,' Nixon Horatio has sworn to murder Rawson Stanhope',NULL,NULL);
INSERT INTO information VALUES (558,SYSDATE - 1880,0,' either Merivale Burby or Steele Carteret are reliable, but not both',14,332);
INSERT INTO information VALUES (559,SYSDATE - 16453,4,' either Leland Buckminster or Emmet Burgos and Colby Bixby have lied to the agency',NULL,NULL);
INSERT INTO information VALUES (560,SYSDATE - 579,0,' a meeting was bugged involving Pepper Dennis, Wilona Affleck and Reynold Neville',155,253);
INSERT INTO information VALUES (561,SYSDATE - 3070,0,' the area of Bath should be deemed suspicious',74,244);
INSERT INTO information VALUES (562,SYSDATE - 16040,0,' Wolf Buckhout is deeply religous',22,228);
INSERT INTO information VALUES (563,SYSDATE - 5277,5,' pieces of information associated with Birmingham are to be trusted until 6-4-1972',101,313);
INSERT INTO information VALUES (564,SYSDATE - 11279,3,' an assassination occured in Oxford on 17-8-1982',11,127);
INSERT INTO information VALUES (565,SYSDATE - 9629,5,' on 22-6-1982, Christopher Abendroth was seen with Willow Bostwick in Windsor',NULL,NULL);
INSERT INTO information VALUES (566,SYSDATE - 5759,6,' Dalbert Bridgman has sworn to murder Milburn Agrippa',163,7);
INSERT INTO information VALUES (567,SYSDATE - 591,0,' there has been no contact with Reynold Neville since 11-10-1965',82,97);
INSERT INTO information VALUES (568,SYSDATE - 717,0,' Amsden Rian is a sworn enemy of Layton Ricketts',18,4);
INSERT INTO information VALUES (569,SYSDATE - 11182,5,' Haralda Raleigh and Cleveland McKinnon are friends',122,84);
INSERT INTO information VALUES (570,SYSDATE - 315,3,' there has been no contact with Nickson Gordon since 26-10-1964',46,12);
INSERT INTO information VALUES (571,SYSDATE - 365,6,' Merivale Burby was seen in Lincoln',143,216);
INSERT INTO information VALUES (572,SYSDATE - 19764,1,' Fenton Rosamund is a sworn enemy of Ronson Dimock',NULL,NULL);
INSERT INTO information VALUES (573,SYSDATE - 1727,6,' the area of Preston should be deemed suspicious',39,81);
INSERT INTO information VALUES (574,SYSDATE - 7998,2,' missions involving Rayburn Kilburne are critical for solving issues to do with Gibson Danvers',NULL,NULL);
INSERT INTO information VALUES (575,SYSDATE - 6188,2,' on 14-0-1991, Wilbur Pendleton was seen with Shelton Burbeck in Cambridge',69,133);
INSERT INTO information VALUES (576,SYSDATE - 12045,5,' information gleaned from Chal Osterhoudt are to be trusted before 12-5-1971',NULL,NULL);
INSERT INTO information VALUES (577,SYSDATE - 128,6,' a mysterious package was found in the home of Morrison Godfrey in Coventry',93,153);
INSERT INTO information VALUES (578,SYSDATE - 2299,1,' there has been no contact with Norville Duppa since 12-4-1965',105,69);
INSERT INTO information VALUES (579,SYSDATE - 7099,2,' only if Avebury is suspicious should Heathcote Burg be trusted',7,70);
INSERT INTO information VALUES (580,SYSDATE - 3347,6,' Courtland Felch is an informer',48,6);
INSERT INTO information VALUES (581,SYSDATE - 6669,2,' Sutton Hough is deeply religous',26,254);
INSERT INTO information VALUES (582,SYSDATE - 126,3,' Bing Cadwell knows Harcourt Brandreth',NULL,NULL);
INSERT INTO information VALUES (583,SYSDATE - 783,1,' Kelsey Stalker is a sworn enemy of Marland Burnham',NULL,NULL);
INSERT INTO information VALUES (584,SYSDATE - 3020,5,' Aldred Brentwood has sworn to murder Newton Manser',147,195);
INSERT INTO information VALUES (585,SYSDATE - 793,5,' when Hamlet Shute was travelling from Brinsdale to Preston on 2-3-1986, Sandy Stocking was killed',64,30);
INSERT INTO information VALUES (586,SYSDATE - 15,1,' on 22-8-1985, Crewe Monger was seen with Perris McCarthy in Poole',116,215);
INSERT INTO information VALUES (587,SYSDATE - 2708,4,' Blaxland Leonard is an informer',24,285);
INSERT INTO information VALUES (588,SYSDATE - 11374,4,' either Howard Filo or Irvette Bowers are reliable, but not both',102,154);
INSERT INTO information VALUES (589,SYSDATE - 1101,3,' on 7-10-1969, agents were being watched in Durham',52,152);
INSERT INTO information VALUES (590,SYSDATE - 8787,1,' pieces of information associated with Brighton are to be trusted until 20-5-1953',72,308);
INSERT INTO information VALUES (591,SYSDATE - 5721,4,' missions involving Garwood Crayford are critical for solving issues to do with Wilona Affleck',6,56);
INSERT INTO information VALUES (592,SYSDATE - 161,5,' if Scarlet Lobdale is trustworth, then Newman Gihon is a reliable source',58,21);
INSERT INTO information VALUES (593,SYSDATE - 5347,0,' an assassination occured in Portsmouth on 10-11-1979',168,277);
INSERT INTO information VALUES (594,SYSDATE - 208,1,' Blake Dutton is an informer',10,251);
INSERT INTO information VALUES (595,SYSDATE - 1045,6,' the area of Bath should be deemed suspicious',110,262);
INSERT INTO information VALUES (596,SYSDATE - 7843,4,' only if Lincoln is suspicious should Harper Mead be trusted',132,267);
INSERT INTO information VALUES (597,SYSDATE - 9765,5,' if Harcourt Brandreth is dangerous, then Santon Follet is dangerous',163,183);
INSERT INTO information VALUES (598,SYSDATE - 2259,5,' when Sawyer Moers was travelling from Brinsdale to Brighton on 5-7-1994, Halse Rowle was killed',90,51);
INSERT INTO information VALUES (599,SYSDATE - 304,3,' a meeting was bugged involving Randell Driscol, Frith Cuyler and Weldon Borrail',115,41);
INSERT INTO information VALUES (600,SYSDATE - 6684,5,' on 7-10-1981, Knox Collins was seen with Maitland Theobald in Leeds',72,1);
INSERT INTO information VALUES (601,SYSDATE - 3838,0,' only if Cambridge is suspicious should Clifford Herbert be trusted',98,173);
INSERT INTO information VALUES (602,SYSDATE - 6342,6,' there has been no contact with Kenley Ormsby since 13-4-1980',163,141);
INSERT INTO information VALUES (603,SYSDATE - 2066,0,' Velvet Shrewsbury was seen in Colchester',40,100);
INSERT INTO information VALUES (604,SYSDATE - 1107,4,' when Morrison Godfrey was travelling from Durham to Plymouth on 7-9-1956, Ewart Bevan was killed',14,332);
INSERT INTO information VALUES (605,SYSDATE - 1115,4,' information gleaned from Sterling Sebastian are to be trusted before 29-5-1958',153,48);
INSERT INTO information VALUES (606,SYSDATE - 1934,6,' on 23-3-1965, agents were being watched in Leicester',29,59);
INSERT INTO information VALUES (607,SYSDATE - 878,6,' Chadwick Quigly denied that Winslow Cromwell killed Harford Crandell',32,313);
INSERT INTO information VALUES (608,SYSDATE - 765,4,' either Tripp Antoinette or Kenelm Galbraith are reliable, but not both',31,262);
INSERT INTO information VALUES (609,SYSDATE - 5243,4,' Farrah Playfair is unreliable',27,264);
INSERT INTO information VALUES (610,SYSDATE - 1642,4,' when Pitt Dalton was travelling from Peterborough to Dover on 3-8-1956, Maxey Eytinge was killed',29,23);
INSERT INTO information VALUES (611,SYSDATE - 101,3,' a message from Cuthbert Chambers was passed to Oscar Shuckburgh on 6-5-1959',166,316);
INSERT INTO information VALUES (612,SYSDATE - 14565,2,' Crewe Monger is deeply religous',NULL,NULL);
INSERT INTO information VALUES (613,SYSDATE - 15082,5,' if Wilona Affleck is dangerous, then Christopher Abendroth is dangerous',22,20);
INSERT INTO information VALUES (614,SYSDATE - 2175,4,' either Edith Flint or Wilfred Armstrong are reliable, but not both',98,92);
INSERT INTO information VALUES (615,SYSDATE - 433,2,' a meeting was bugged involving Halford Summer, Sutton Hough and Thane Artois',123,166);
INSERT INTO information VALUES (616,SYSDATE - 508,1,' only if Windsor is suspicious should Seward Jenkins be trusted',143,216);
INSERT INTO information VALUES (617,SYSDATE - 309,5,' there has been no contact with Dane Aiton since 19-7-1967',29,67);
INSERT INTO information VALUES (618,SYSDATE - 3426,6,' Ivy Dearden knows Beccalynn Hayward',NULL,NULL);
INSERT INTO information VALUES (619,SYSDATE - 1850,0,' information gleaned from Channing Polk are to be trusted before 25-7-1994',14,332);
INSERT INTO information VALUES (620,SYSDATE - 6134,1,' if Irvette Bowers is dangerous, then Rayburn Kilburne is dangerous',136,268);
INSERT INTO information VALUES (621,SYSDATE - 11156,4,' if Ludella Ackart is trustworth, then Anscom Thomas is a reliable source',136,240);
INSERT INTO information VALUES (622,SYSDATE - 7926,4,' on 12-9-1979, Wolf Buckhout was seen with Arley Larkins in Liverpool',103,95);
INSERT INTO information VALUES (623,SYSDATE - 5061,5,' Bing Cadwell knows an agent personally',6,167);
INSERT INTO information VALUES (624,SYSDATE - 354,1,' Radcliffe McKirnan was seen in Derby',38,221);
INSERT INTO information VALUES (625,SYSDATE - 6838,2,' if Farnell Brome is trustworth, then Ackerley Paxton is a reliable source',NULL,NULL);
INSERT INTO information VALUES (626,SYSDATE - 2707,5,' missions involving Ambler Fothergill are critical for solving issues to do with Radcliffe McKirnan',163,203);
INSERT INTO information VALUES (627,SYSDATE - 628,2,' a mysterious package was found in the home of Carson Griffin in Brinsdale',23,249);
INSERT INTO information VALUES (628,SYSDATE - 12177,5,' Macon Dauche and Randell Driscol are friends',136,17);
INSERT INTO information VALUES (629,SYSDATE - 2434,1,' Essex Fleming knows Swain Geffrey',48,216);
INSERT INTO information VALUES (630,SYSDATE - 1716,4,' information gleaned from Gage Poulton are to be trusted before 25-4-1980',31,262);
INSERT INTO information VALUES (631,SYSDATE - 3847,2,' pieces of information associated with Southampton are to be trusted until 21-10-1980',33,231);
INSERT INTO information VALUES (632,SYSDATE - 1815,4,' Sandy Stocking is deeply religous',46,12);
INSERT INTO information VALUES (633,SYSDATE - 19,4,' the area of Derby should be deemed suspicious',41,2);
INSERT INTO information VALUES (634,SYSDATE - 5776,3,' if Parry Dole is dangerous, then Layton Ricketts is dangerous',54,21);
INSERT INTO information VALUES (635,SYSDATE - 6470,1,' only if Battle is suspicious should Bailey Andrew be trusted',71,223);
INSERT INTO information VALUES (636,SYSDATE - 1764,3,' Roden Evans is a sworn enemy of Fenn Gaston',89,91);
INSERT INTO information VALUES (637,SYSDATE - 5940,4,' a meeting was bugged involving Parry Dole, Parker Dillingham and Whittaker Hotham',10,296);
INSERT INTO information VALUES (638,SYSDATE - 11264,2,' Lawson Farrar denied that Sherlock Alice killed Somerset Gillespie',87,215);
INSERT INTO information VALUES (639,SYSDATE - 9590,4,' Harcourt Brandreth is a sworn enemy of Orman Hosford',51,155);
INSERT INTO information VALUES (640,SYSDATE - 18280,1,' the area of Dover should be deemed suspicious',158,114);
INSERT INTO information VALUES (641,SYSDATE - 4641,1,' Harold Ferris is unreliable',72,7);
INSERT INTO information VALUES (642,SYSDATE - 1802,3,' if Frith Cuyler is dangerous, then Dryden Ide is dangerous',153,274);
INSERT INTO information VALUES (643,SYSDATE - 902,4,' there has been no contact with Rowley Hanson since 10-3-1980',7,152);
INSERT INTO information VALUES (644,SYSDATE - 9772,1,' pieces of information associated with Luton are to be trusted until 3-9-1955',24,155);
INSERT INTO information VALUES (645,SYSDATE - 9647,4,' there has been no contact with Wilton Erskine since 19-7-1958',83,276);
INSERT INTO information VALUES (646,SYSDATE - 5846,6,' Sawyer Moers is unreliable',156,35);
INSERT INTO information VALUES (647,SYSDATE - 801,2,' missions involving Irvette Bowers are critical for solving issues to do with Ransford Sanxay',10,198);
INSERT INTO information VALUES (648,SYSDATE - 1124,4,' if Wynston Coggeshall is dangerous, then Pitt Dalton is dangerous',149,56);
INSERT INTO information VALUES (649,SYSDATE - 5510,3,' either Gresham Hodgekins or Sabrina Rice are reliable, but not both',76,293);
INSERT INTO information VALUES (650,SYSDATE - 1273,4,' either Rudd Costar or Essex Fleming and Twyla Bateman have lied to the agency',91,257);
INSERT INTO information VALUES (651,SYSDATE - 745,1,' the area of Leeds should be deemed suspicious',18,4);
INSERT INTO information VALUES (652,SYSDATE - 202,0,' if Orman Hosford is dangerous, then Christopher Abendroth is dangerous',82,207);
INSERT INTO information VALUES (653,SYSDATE - 2961,4,' Roden Evans is an informer',80,262);
INSERT INTO information VALUES (654,SYSDATE - 10004,4,' pieces of information associated with Birmingham are to be trusted until 7-0-1976',102,217);
INSERT INTO information VALUES (655,SYSDATE - 5299,2,' the area of Southampton should be deemed suspicious',127,163);
INSERT INTO information VALUES (656,SYSDATE - 16432,3,' Maitland Theobald is a sworn enemy of Stanhope Willis',NULL,NULL);
INSERT INTO information VALUES (657,SYSDATE - 2464,4,' pieces of information associated with Gloucester are to be trusted until 12-4-1972',114,323);
INSERT INTO information VALUES (658,SYSDATE - 6300,4,' the area of Chichester should be deemed suspicious',168,311);
INSERT INTO information VALUES (659,SYSDATE - 3953,3,' only if Chichester is suspicious should Randie Pierpont be trusted',92,327);
INSERT INTO information VALUES (660,SYSDATE - 16693,1,' Lanny Morice knows Godwin Rousseau',NULL,NULL);
INSERT INTO information VALUES (661,SYSDATE - 4514,3,' Ridgeway Barney is an informer',154,110);
INSERT INTO information VALUES (662,SYSDATE - 6846,0,' Stratton Bunnell was seen in Portsmouth',156,225);
INSERT INTO information VALUES (663,SYSDATE - 838,0,' the area of Winchester should be deemed suspicious',92,23);
INSERT INTO information VALUES (664,SYSDATE - 5414,2,' a mysterious package was found in the home of Bryson Lilienthal in Brinsdale',155,180);
INSERT INTO information VALUES (665,SYSDATE - 2463,3,' there has been no contact with Cromwell Wishart since 17-0-1969',121,137);
INSERT INTO information VALUES (666,SYSDATE - 4748,0,' a meeting was bugged involving Halford Summer, Randie Pierpont and Archer Bing',103,7);
INSERT INTO information VALUES (667,SYSDATE - 10923,0,' on 19-7-1957, Gibson Danvers was seen with Billie Beckett in Leicester',NULL,NULL);
INSERT INTO information VALUES (668,SYSDATE - 3907,1,' when Ansley Goodrich was travelling from Preston to Winchester on 22-0-1952, Bethshaya Barclay was killed',101,213);
INSERT INTO information VALUES (669,SYSDATE - 7553,1,' Nixon Horatio and Wilbur Pendleton are friends',89,315);
INSERT INTO information VALUES (670,SYSDATE - 6181,1,' Twyla Bateman denied that Medwin Turnbull killed Reynold Neville',40,238);
INSERT INTO information VALUES (671,SYSDATE - 3840,5,' Radcliffe McKirnan was seen in Birmingham with Maitland Theobald',51,68);
INSERT INTO information VALUES (672,SYSDATE - 2474,1,' when Geary Aberdene was travelling from Colchester to Dover on 11-7-2001, Courtland Felch was killed',73,87);
INSERT INTO information VALUES (673,SYSDATE - 859,3,' a mysterious package was found in the home of Pearl Broughton in Chichester',39,291);
INSERT INTO information VALUES (674,SYSDATE - 1622,0,' either Haralda Raleigh or Fenn Gaston and Cromwell Wishart have lied to the agency',93,153);
INSERT INTO information VALUES (675,SYSDATE - 1536,4,' missions involving Bronson Barstow are critical for solving issues to do with Merry Parnell',164,189);
INSERT INTO information VALUES (676,SYSDATE - 16585,3,' Ivy Dearden and Whittaker Hotham are friends',NULL,NULL);
INSERT INTO information VALUES (677,SYSDATE - 13223,1,' the area of Poole should be deemed suspicious',88,183);
INSERT INTO information VALUES (678,SYSDATE - 2191,2,' Cleveland McKinnon is deeply religous',120,46);
INSERT INTO information VALUES (679,SYSDATE - 576,6,' either Cleve Jewell or Edbert Abernethy are reliable, but not both',90,179);
INSERT INTO information VALUES (680,SYSDATE - 6524,6,' information gleaned from Waverley Durden are to be trusted before 25-10-1968',2,297);
INSERT INTO information VALUES (681,SYSDATE - 698,6,' the area of Liverpool should be deemed suspicious',73,87);
INSERT INTO information VALUES (682,SYSDATE - 2116,1,' Kenrich Ashford knows an agent personally',123,251);
INSERT INTO information VALUES (683,SYSDATE - 5065,2,' the area of Hull should be deemed suspicious',45,135);
INSERT INTO information VALUES (684,SYSDATE - 2658,3,' when Lowell Call was travelling from Poole to Windsor on 8-4-1962, Kenley Ormsby was killed',132,197);
INSERT INTO information VALUES (685,SYSDATE - 978,1,' an assassination occured in Battle on 7-1-1975',110,31);
INSERT INTO information VALUES (686,SYSDATE - 1697,6,' only if Brinsdale is suspicious should Marvin Crosswell be trusted',149,288);
INSERT INTO information VALUES (687,SYSDATE - 7314,2,' either Wakeman Ascall or Lawson Farrar and Steele Carteret have lied to the agency',75,313);
INSERT INTO information VALUES (688,SYSDATE - 5924,0,' Osborn Gilroy is a sworn enemy of Bailey Andrew',89,167);
INSERT INTO information VALUES (689,SYSDATE - 10788,4,' information gleaned from Brett Wiswall are to be trusted before 8-9-1958',102,277);
INSERT INTO information VALUES (690,SYSDATE - 263,2,' either Rodwell Colville or Tina Cox and Heathcote Burg have lied to the agency',58,21);
INSERT INTO information VALUES (691,SYSDATE - 3291,5,' either Salter Dixie or Clinton Athill are reliable, but not both',80,262);
INSERT INTO information VALUES (692,SYSDATE - 2877,5,' on 11-11-1970, agents were being watched in Liverpool',38,72);
INSERT INTO information VALUES (693,SYSDATE - 5826,2,' pieces of information associated with Coventry are to be trusted until 25-5-1981',48,275);
INSERT INTO information VALUES (694,SYSDATE - 6530,3,' Unwin Braine was seen in Leeds',102,129);
INSERT INTO information VALUES (695,SYSDATE - 7036,4,' the area of Peterborough should be deemed suspicious',44,102);
INSERT INTO information VALUES (696,SYSDATE - 4413,4,' either Parry Dole or Ashleigh Brimmer are reliable, but not both',69,51);
INSERT INTO information VALUES (697,SYSDATE - 6210,5,' Wheaton Bonar and Thurlow Cogswell are friends',39,81);
INSERT INTO information VALUES (698,SYSDATE - 7045,6,' on 21-9-1996, agents were being watched in Cambridge',NULL,NULL);
INSERT INTO information VALUES (699,SYSDATE - 2654,1,' Hyatt Auchmuty is deeply religous',74,29);
INSERT INTO information VALUES (700,SYSDATE - 3266,0,' only if Derby is suspicious should Winslow Cromwell be trusted',NULL,NULL);
INSERT INTO information VALUES (701,SYSDATE - 1463,0,' if Vail Dobson is dangerous, then Garrick Colwell is dangerous',110,3);
INSERT INTO information VALUES (702,SYSDATE - 3663,0,' Twyla Bateman and Breton Broome are friends',NULL,NULL);
INSERT INTO information VALUES (703,SYSDATE - 775,2,' missions involving Ransford Sanxay are critical for solving issues to do with Kenelm Galbraith',NULL,NULL);
INSERT INTO information VALUES (704,SYSDATE - 2339,4,' pieces of information associated with Southampton are to be trusted until 23-2-2005',80,170);
INSERT INTO information VALUES (705,SYSDATE - 578,4,' Oscar Shuckburgh denied that Roden Evans killed Jane Isham',135,243);
INSERT INTO information VALUES (706,SYSDATE - 5754,5,' Swain Geffrey denied that Bromley Colver killed Hearst Chatsey',101,72);
INSERT INTO information VALUES (707,SYSDATE - 947,4,' Steele Carteret was seen in Burnham',48,200);
INSERT INTO information VALUES (708,SYSDATE - 2001,0,' a message from Cameron Huntley was passed to Osborn Gilroy on 13-11-1978',NULL,NULL);
INSERT INTO information VALUES (709,SYSDATE - 1568,4,' the area of Derby should be deemed suspicious',80,170);
INSERT INTO information VALUES (710,SYSDATE - 950,0,' Harden Gardener denied that Aldridge Phelps killed Cleveland McKinnon',107,135);
INSERT INTO information VALUES (711,SYSDATE - 2411,6,' Aldred Brentwood is deeply religous',2,320);
INSERT INTO information VALUES (712,SYSDATE - 1639,5,' pieces of information associated with Colchester are to be trusted until 26-3-1983',78,67);
INSERT INTO information VALUES (713,SYSDATE - 8778,1,' either Beccalynn Hayward or Sandy Stocking are reliable, but not both',92,72);
INSERT INTO information VALUES (714,SYSDATE - 185,3,' an assassination occured in Durham on 17-5-1981',138,237);
INSERT INTO information VALUES (715,SYSDATE - 4176,1,' Lawson Farrar was seen in Reading',10,313);
INSERT INTO information VALUES (716,SYSDATE - 8450,3,' if Hall Duff is dangerous, then Merrick Ursula is dangerous',53,84);
INSERT INTO information VALUES (717,SYSDATE - 6039,1,' missions involving Unwin Braine are critical for solving issues to do with Howard Filo',40,120);
INSERT INTO information VALUES (718,SYSDATE - 6746,4,' Alston Roby denied that Gresham Hodgekins killed Crewe Monger',72,172);
INSERT INTO information VALUES (719,SYSDATE - 3983,6,' missions involving Maitland Theobald are critical for solving issues to do with Macon Dauche',26,211);
INSERT INTO information VALUES (720,SYSDATE - 138,2,' only if Cambridge is suspicious should Kelsey Stalker be trusted',14,332);
INSERT INTO information VALUES (721,SYSDATE - 773,0,' if Gladstone Cobern is dangerous, then Baxter Can is dangerous',93,153);
INSERT INTO information VALUES (722,SYSDATE - 1271,0,' either Jonesy Kent or Garwood Crayford and Maxey Eytinge have lied to the agency',80,170);
INSERT INTO information VALUES (723,SYSDATE - 14861,0,' Stanhope Willis has sworn to murder Beverly Wetherby',NULL,NULL);
INSERT INTO information VALUES (724,SYSDATE - 9613,2,' either Stiles Bushwell or Winton Frame and Chetwin Hoogaboom have lied to the agency',7,38);
INSERT INTO information VALUES (725,SYSDATE - 10553,6,' if Nixon Horatio is dangerous, then Burley Doran is dangerous',102,162);
INSERT INTO information VALUES (726,SYSDATE - 379,3,' the area of Portsmouth should be deemed suspicious',18,85);
INSERT INTO information VALUES (727,SYSDATE - 1863,2,' Clifford Herbert is unreliable',5,201);
INSERT INTO information VALUES (728,SYSDATE - 4629,2,' information gleaned from Kenneth Dunlop are to be trusted before 9-2-1976',23,17);
INSERT INTO information VALUES (729,SYSDATE - 2414,2,' Blaxland Leonard is unreliable',53,134);
INSERT INTO information VALUES (730,SYSDATE - 12348,6,' either Fenn Gaston or Thatcher True and Nixon Horatio have lied to the agency',136,20);
INSERT INTO information VALUES (731,SYSDATE - 1994,1,' Tab Romanno has sworn to murder Reeve Radcliff',139,255);
INSERT INTO information VALUES (732,SYSDATE - 319,6,' an assassination occured in Poole on 22-8-1980',116,275);
INSERT INTO information VALUES (733,SYSDATE - 267,1,' either Litton Bachelor or Scarlet Lobdale are reliable, but not both',82,207);
INSERT INTO information VALUES (734,SYSDATE - 659,3,' Philberta Pell denied that Fenn Gaston killed Whittaker Hotham',147,195);
INSERT INTO information VALUES (735,SYSDATE - 6767,1,' an assassination occured in Dover on 11-6-1983',53,178);
INSERT INTO information VALUES (736,SYSDATE - 8356,4,' when Breton Broome was travelling from Oxford to Ipswich on 19-10-1960, Edbert Abernethy was killed',76,293);
INSERT INTO information VALUES (737,SYSDATE - 8136,4,' pieces of information associated with Burnham are to be trusted until 17-2-1986',1,38);
INSERT INTO information VALUES (738,SYSDATE - 6806,1,' either Mala Crittenden or Corin Tudor and Haywood Aldridge have lied to the agency',131,74);
INSERT INTO information VALUES (739,SYSDATE - 4124,1,' if Twyla Bateman is trustworth, then Chad Sunderland is a reliable source',151,90);
INSERT INTO information VALUES (740,SYSDATE - 17191,2,' Kingston Weld is an informer',NULL,NULL);
INSERT INTO information VALUES (741,SYSDATE - 8296,6,' Arley Larkins knows an agent personally',7,38);
INSERT INTO information VALUES (742,SYSDATE - 2139,1,' Rodman Cary has sworn to murder Courtland Felch',122,299);
INSERT INTO information VALUES (743,SYSDATE - 1213,6,' when Bliss Ripley was travelling from Preston to Gloucester on 28-1-1993, Thane Artois was killed',29,153);
INSERT INTO information VALUES (744,SYSDATE - 5401,6,' pieces of information associated with Durham are to be trusted until 9-0-1976',92,69);
INSERT INTO information VALUES (745,SYSDATE - 623,4,' information gleaned from Gresham Hodgekins are to be trusted before 24-4-1976',105,39);
INSERT INTO information VALUES (746,SYSDATE - 1435,3,' Wynston Coggeshall has sworn to murder Erwin Filley',147,268);
INSERT INTO information VALUES (997,SYSDATE - 9855,0,' a mysterious package was found in the home of Donald Arthur in Bath',102,189);
INSERT INTO information VALUES (998,SYSDATE - 648,2,' Twain Eccles is deeply religous',18,4);
INSERT INTO information VALUES (999,SYSDATE - 5480,6,' if Radcliffe McKirnan is trustworth, then Jane Isham is a reliable source',1,20);
INSERT INTO information VALUES (1000,SYSDATE - 2252,1,' Carson Griffin is deeply religous',153,169);
INSERT INTO information VALUES (1001,SYSDATE - 7165,5,'A double agent is an active agent who is already on the supect list, whose security level is one.',169,NULL);
INSERT INTO information VALUES (1002,SYSDATE - 7165,5,'If the double agent has blonde hair, then they are not the youngest of their location.',169,NULL);
INSERT INTO information VALUES (1003,SYSDATE - 7165,5,'Either they are the youngest all of those sharing their home town on our database of agents, or else it is both true that they have blonde hair and that they attended church before a mission.',169,NULL);
INSERT INTO information VALUES (1004,SYSDATE - 7165,5,'If they attended church before a mission, then they are the youngest of their location.',169,NULL);
INSERT INTO information VALUES (1005,SYSDATE - 7165,5,'The double agent is either the youngest of their town, or the oldest; one or the other.',169,NULL);
INSERT INTO information VALUES (747,SYSDATE - 1351,4,' when Harper Mead was travelling from Stoke to Luton on 8-6-1977, Forbes Bannerman was killed',73,87);
INSERT INTO information VALUES (748,SYSDATE - 1866,2,' a meeting was bugged involving Brinley Sherwood, Steele Carteret and Maxey Eytinge',19,269);
INSERT INTO information VALUES (749,SYSDATE - 2730,4,' Wilfred Armstrong is unreliable',168,326);
INSERT INTO information VALUES (750,SYSDATE - 5927,0,' Dalbert Bridgman denied that Chadwick Quigly killed Geary Aberdene',20,232);
INSERT INTO information VALUES (751,SYSDATE - 13866,2,' missions involving Hyatt Auchmuty are critical for solving issues to do with Sykes Baum',87,60);
INSERT INTO information VALUES (752,SYSDATE - 325,6,' Courtland Felch was seen in Leeds',105,69);
INSERT INTO information VALUES (753,SYSDATE - 8069,3,' an assassination occured in Winchester on 30-11-1976',163,76);
INSERT INTO information VALUES (754,SYSDATE - 5831,5,' missions involving Swinford Loudoun are critical for solving issues to do with Upshaw Friskin',40,116);
INSERT INTO information VALUES (755,SYSDATE - 4494,0,' Beverly Wetherby knows an agent personally',23,56);
INSERT INTO information VALUES (756,SYSDATE - 2031,2,' Chadwick Quigly was seen in Stafford with Aldridge Phelps',135,124);
INSERT INTO information VALUES (757,SYSDATE - 6913,0,' Merry Parnell is unreliable',163,60);
INSERT INTO information VALUES (758,SYSDATE - 4149,6,' missions involving Oscar Shuckburgh are critical for solving issues to do with Everet Pringle',139,80);
INSERT INTO information VALUES (759,SYSDATE - 146,3,' either Kingston Weld or Ashleigh Brimmer are reliable, but not both',138,237);
INSERT INTO information VALUES (760,SYSDATE - 1522,4,' pieces of information associated with Poole are to be trusted until 18-2-1971',153,276);
INSERT INTO information VALUES (761,SYSDATE - 7379,2,' Ardley Driver is deeply religous',43,240);
INSERT INTO information VALUES (762,SYSDATE - 2397,4,' Maxey Eytinge was seen in Hertford',72,227);
INSERT INTO information VALUES (763,SYSDATE - 6385,0,' on 17-5-1989, Dixon Lonsdale was seen with Gresham Hodgekins in Hertford',60,211);
INSERT INTO information VALUES (764,SYSDATE - 386,4,' a mysterious package was found in the home of Wells Georgina in Burnham',107,157);
INSERT INTO information VALUES (765,SYSDATE - 4654,4,' only if Coventry is suspicious should Ogden Gillett be trusted',104,47);
INSERT INTO information VALUES (766,SYSDATE - 204,1,' if Warley Kemyss is trustworth, then Quenna Burr is a reliable source',122,66);
INSERT INTO information VALUES (767,SYSDATE - 4128,2,' Aldridge Phelps denied that Stanhope Willis killed Wilton Erskine',74,301);
INSERT INTO information VALUES (768,SYSDATE - 716,1,' when Farnell Brome was travelling from Poole to Lincoln on 30-11-1993, Kingston Weld was killed',48,178);
INSERT INTO information VALUES (769,SYSDATE - 843,3,' Miller Amherst is unreliable',104,292);
INSERT INTO information VALUES (770,SYSDATE - 1809,3,' missions involving Vail Dobson are critical for solving issues to do with Rawson Stanhope',162,218);
INSERT INTO information VALUES (771,SYSDATE - 1738,5,' a mysterious package was found in the home of Frith Cuyler in Luton',47,15);
INSERT INTO information VALUES (772,SYSDATE - 2491,2,' when Ogden Gillett was travelling from Doncaster to Doncaster on 2-11-1959, Pepper Dennis was killed',14,332);
INSERT INTO information VALUES (773,SYSDATE - 5733,4,' Richman Bannister denied that Forbes Bannerman killed Marvin Crosswell',7,38);
INSERT INTO information VALUES (774,SYSDATE - 369,0,' a mysterious package was found in the home of Sandon Rue in Bath',135,48);
INSERT INTO information VALUES (775,SYSDATE - 15265,2,' a mysterious package was found in the home of Marigold Nairne in Lincoln',87,80);
INSERT INTO information VALUES (776,SYSDATE - 3372,2,' Ansley Goodrich knows Dryden Ide',NULL,NULL);
INSERT INTO information VALUES (777,SYSDATE - 680,1,' the area of Poole should be deemed suspicious',NULL,NULL);
INSERT INTO information VALUES (778,SYSDATE - 19519,2,' Rylie Dale is an informer',NULL,NULL);
INSERT INTO information VALUES (779,SYSDATE - 672,2,' Jane Isham and Amsden Rian are friends',18,85);
INSERT INTO information VALUES (780,SYSDATE - 6266,1,' an assassination occured in Bournemouth on 6-5-1986',155,191);
INSERT INTO information VALUES (781,SYSDATE - 1215,1,' on 13-3-1990, agents were being watched in Cambridge',5,201);
INSERT INTO information VALUES (782,SYSDATE - 8223,3,' information gleaned from Orman Hosford are to be trusted before 13-0-2008',53,44);
INSERT INTO information VALUES (783,SYSDATE - 2406,5,' when Geary Aberdene was travelling from Oxford to Luton on 25-8-1991, Harper Mead was killed',NULL,NULL);
INSERT INTO information VALUES (784,SYSDATE - 710,2,' a message from Garwood Crayford was passed to Harford Crandell on 15-0-1961',115,198);
INSERT INTO information VALUES (785,SYSDATE - 2356,3,' Whittaker Hotham is an informer',120,210);
INSERT INTO information VALUES (786,SYSDATE - 10426,0,' on 12-10-1972, agents were being watched in Doncaster',NULL,NULL);
INSERT INTO information VALUES (787,SYSDATE - 102,2,' Reeve Radcliff knows an agent personally',138,243);
INSERT INTO information VALUES (788,SYSDATE - 3409,1,' Bing Cadwell is a sworn enemy of Harper Mead',68,55);
INSERT INTO information VALUES (789,SYSDATE - 7263,5,' Marland Burnham knows an agent personally',131,305);
INSERT INTO information VALUES (790,SYSDATE - 251,4,' there has been no contact with Blaxland Leonard since 17-3-1973',138,192);
INSERT INTO information VALUES (791,SYSDATE - 1580,4,' Haralda Raleigh was seen in Leeds',143,216);
INSERT INTO information VALUES (792,SYSDATE - 1052,5,' on 19-3-1987, Atwater Fulke was seen with Norwell Smith in Bournemouth',114,246);
INSERT INTO information VALUES (793,SYSDATE - 14075,3,' when Carson Griffin was travelling from Winchester to York on 2-6-2004, Stratton Bunnell was killed',NULL,NULL);
INSERT INTO information VALUES (794,SYSDATE - 214,3,' missions involving Vian Mochrie are critical for solving issues to do with Lander Falkland',138,216);
INSERT INTO information VALUES (795,SYSDATE - 1322,1,' missions involving Emma Dorr are critical for solving issues to do with Beacher Hatch',119,107);
INSERT INTO information VALUES (796,SYSDATE - 6825,3,' Reynold Neville was seen in Leicester',NULL,NULL);
INSERT INTO information VALUES (797,SYSDATE - 5782,2,' if Denham Ackerman is trustworth, then Weldon Borrail is a reliable source',NULL,NULL);
INSERT INTO information VALUES (798,SYSDATE - 3192,6,' the area of Ipswich should be deemed suspicious',90,301);
INSERT INTO information VALUES (799,SYSDATE - 1718,0,' Bond Ouseley knows an agent personally',111,302);
INSERT INTO information VALUES (800,SYSDATE - 69,0,' information gleaned from Frith Cuyler are to be trusted before 2-2-1969',116,205);
INSERT INTO information VALUES (801,SYSDATE - 6512,5,' Granger Neal has sworn to murder Dennison Milne',76,195);
INSERT INTO information VALUES (802,SYSDATE - 9503,6,' Newton Manser is unreliable',11,20);
INSERT INTO information VALUES (803,SYSDATE - 16180,1,' only if Lincoln is suspicious should Granger Neal be trusted',127,20);
INSERT INTO information VALUES (804,SYSDATE - 1442,6,' missions involving Sandon Rue are critical for solving issues to do with Osborn Gilroy',5,201);
INSERT INTO information VALUES (805,SYSDATE - 4871,1,' Harold Ferris knows an agent personally',43,273);
INSERT INTO information VALUES (806,SYSDATE - 1,0,' missions involving Edward Kelso are critical for solving issues to do with Kimberley Roof',151,326);
INSERT INTO information VALUES (807,SYSDATE - 1034,4,' Waverly Cann is an informer',23,56);
INSERT INTO information VALUES (808,SYSDATE - 13647,6,' a meeting was bugged involving Kenneth Dunlop, Beccalynn Hayward and Houghton Beaumont',NULL,NULL);
INSERT INTO information VALUES (809,SYSDATE - 345,5,' Reynold Neville is deeply religous',64,30);
INSERT INTO information VALUES (810,SYSDATE - 2742,4,' Melrose Fane and Seward Jenkins are friends',31,262);
INSERT INTO information VALUES (811,SYSDATE - 4825,3,' Stratford Seaton knows Manfield Dirk',48,112);
INSERT INTO information VALUES (812,SYSDATE - 3436,5,' a message from Twain Eccles was passed to Rosie Massenger on 29-9-2006',120,78);
INSERT INTO information VALUES (813,SYSDATE - 2255,1,' Easter Orr knows an agent personally',33,231);
INSERT INTO information VALUES (814,SYSDATE - 2911,3,' Aldred Brentwood has sworn to murder Gresham Hodgekins',26,254);
INSERT INTO information VALUES (815,SYSDATE - 11013,0,' Ransford Sanxay is unreliable',7,172);
INSERT INTO information VALUES (816,SYSDATE - 2416,4,' Lawley Egan is unreliable',105,165);
INSERT INTO information VALUES (817,SYSDATE - 701,6,' Twyla Bateman knows an agent personally',NULL,NULL);
INSERT INTO information VALUES (818,SYSDATE - 8900,1,' a mysterious package was found in the home of Corin Tudor in Durham',NULL,NULL);
INSERT INTO information VALUES (819,SYSDATE - 4544,6,' information gleaned from Waylen Dinsmor are to be trusted before 18-5-1995',151,90);
INSERT INTO information VALUES (820,SYSDATE - 7120,1,' a meeting was bugged involving Orton Scroggs, Upshaw Friskin and Waylen Dinsmor',51,117);
INSERT INTO information VALUES (821,SYSDATE - 111,1,' only if Bath is suspicious should Hayden Nott be trusted',103,245);
INSERT INTO information VALUES (822,SYSDATE - 2382,5,' Kelsey Stalker was seen in Brighton',153,276);
INSERT INTO information VALUES (823,SYSDATE - 2216,5,' Morley Clute and Bosworth Eugenia are friends',123,166);
INSERT INTO information VALUES (824,SYSDATE - 3103,1,' Thurlow Cogswell has sworn to murder Tab Romanno',127,85);
INSERT INTO information VALUES (825,SYSDATE - 934,2,' a message from Philberta Pell was passed to Forbes Bannerman on 25-1-1975',46,12);
INSERT INTO information VALUES (826,SYSDATE - 44,1,' only if Birmingham is suspicious should Aspen Dauby be trusted',138,243);
INSERT INTO information VALUES (827,SYSDATE - 5858,3,' either Knox Collins or Haslett Steele and Rosie Massenger have lied to the agency',69,104);
INSERT INTO information VALUES (828,SYSDATE - 7849,2,' Free Faden is unreliable',103,7);
INSERT INTO information VALUES (829,SYSDATE - 258,1,' if Felton Southwell is trustworth, then Palmer Payne is a reliable source',82,207);
INSERT INTO information VALUES (830,SYSDATE - 5241,5,' a mysterious package was found in the home of Rodwell Colville in Durham',NULL,NULL);
INSERT INTO information VALUES (831,SYSDATE - 73,2,' information gleaned from Hiatt Allan are to be trusted before 29-2-1970',126,319);
INSERT INTO information VALUES (832,SYSDATE - 16911,4,' if Dane Aiton is dangerous, then Devon Medcaf is dangerous',NULL,NULL);
INSERT INTO information VALUES (833,SYSDATE - 6549,2,' either Fenton Rosamund or Orman Hosford are reliable, but not both',155,191);
INSERT INTO information VALUES (834,SYSDATE - 10131,6,' a mysterious package was found in the home of Hamlet Shute in Cambridge',95,212);
INSERT INTO information VALUES (835,SYSDATE - 203,4,' Bryson Lilienthal is unreliable',14,332);
INSERT INTO information VALUES (836,SYSDATE - 6539,2,' the area of Battle should be deemed suspicious',68,21);
INSERT INTO information VALUES (837,SYSDATE - 11566,2,' either Ashleigh Brimmer or Elmira Bain and Everet Pringle have lied to the agency',1,141);
INSERT INTO information VALUES (838,SYSDATE - 5844,0,' if Lawson Farrar is dangerous, then Ravinger Colvin is dangerous',NULL,NULL);
INSERT INTO information VALUES (839,SYSDATE - 106,6,' Nickson Gordon knows Anscom Thomas',93,153);
INSERT INTO information VALUES (840,SYSDATE - 5367,4,' Ivy Dearden and Lanny Morice are friends',NULL,NULL);
INSERT INTO information VALUES (841,SYSDATE - 7244,1,' Jamison Houghtailing knows Parry Dole',156,317);
INSERT INTO information VALUES (842,SYSDATE - 1399,1,' Ehner Moxley knows Ivy Dearden',14,332);
INSERT INTO information VALUES (843,SYSDATE - 3667,4,' Hayden Nott was seen in Portsmouth',123,166);
INSERT INTO information VALUES (844,SYSDATE - 3099,2,' Stanton Belvidere has sworn to murder Bailey Andrew',56,300);
INSERT INTO information VALUES (845,SYSDATE - 5172,4,' on 18-11-1982, Gage Poulton was seen with Wiley Alan in Hertford',NULL,NULL);
INSERT INTO information VALUES (846,SYSDATE - 4143,0,' Channing Polk is deeply religous',142,224);
INSERT INTO information VALUES (847,SYSDATE - 3140,2,' Vail Dobson is unreliable',93,153);
INSERT INTO information VALUES (848,SYSDATE - 2394,0,' on 19-8-1991, Garwood Crayford was seen with Sawyer Moers in Liverpool',3,305);
INSERT INTO information VALUES (849,SYSDATE - 1466,4,' an assassination occured in Stafford on 3-0-1963',163,165);
INSERT INTO information VALUES (850,SYSDATE - 2605,0,' Aldrich Decker is a sworn enemy of Ivy Dearden',90,323);
INSERT INTO information VALUES (851,SYSDATE - 10681,6,' if Sandon Rue is dangerous, then Bond Ouseley is dangerous',95,161);
INSERT INTO information VALUES (852,SYSDATE - 265,5,' Arley Larkins was seen in Norwich',75,183);
INSERT INTO information VALUES (853,SYSDATE - 831,3,' Norwell Smith denied that Cleve Jewell killed Arley Larkins',52,193);
INSERT INTO information VALUES (854,SYSDATE - 5360,3,' information gleaned from Nixon Horatio are to be trusted before 7-8-1957',119,262);
INSERT INTO information VALUES (855,SYSDATE - 298,5,' a mysterious package was found in the home of Swinford Loudoun in Coventry',162,218);
INSERT INTO information VALUES (856,SYSDATE - 187,0,' when Newman Gihon was travelling from Norwich to Windsor on 8-6-1980, Aldridge Phelps was killed',138,243);
INSERT INTO information VALUES (857,SYSDATE - 2495,0,' a meeting was bugged involving Beccalynn Hayward, Risley Shannon and Arley Larkins',142,284);
INSERT INTO information VALUES (858,SYSDATE - 3874,6,' information gleaned from Haywood Aldridge are to be trusted before 5-11-1986',27,264);
INSERT INTO information VALUES (859,SYSDATE - 5053,0,' pieces of information associated with Rotherham are to be trusted until 25-10-1970',26,124);
INSERT INTO information VALUES (860,SYSDATE - 6681,5,' Corin Tudor was seen in Southampton with Gibson Danvers',155,253);
INSERT INTO information VALUES (861,SYSDATE - 2472,1,' Free Faden denied that Smedley Holden killed Roden Evans',132,81);
INSERT INTO information VALUES (862,SYSDATE - 1771,6,' when Perris McCarthy was travelling from Stafford to Birmingham on 1-6-2006, Trey Astor was killed',164,189);
INSERT INTO information VALUES (863,SYSDATE - 4258,6,' there has been no contact with Colby Bixby since 27-10-1990',83,289);
INSERT INTO information VALUES (864,SYSDATE - 212,6,' Ogden Gillett has sworn to murder Carson Griffin',166,316);
INSERT INTO information VALUES (865,SYSDATE - 10441,2,' Hayden Nott and Cleveland McKinnon are friends',162,218);
INSERT INTO information VALUES (866,SYSDATE - 13376,4,' Hearst Chatsey was seen in Luton',88,191);
INSERT INTO information VALUES (867,SYSDATE - 582,1,' a meeting was bugged involving Faith Chichester, Huxley Shelley and Bishop Abbot',149,283);
INSERT INTO information VALUES (868,SYSDATE - 4057,0,' Wells Georgina was seen in Durham',15,195);
INSERT INTO information VALUES (869,SYSDATE - 677,0,' if Palmer Payne is dangerous, then Leland Buckminster is dangerous',5,201);
INSERT INTO information VALUES (870,SYSDATE - 4596,2,' the area of Portsmouth should be deemed suspicious',53,178);
INSERT INTO information VALUES (871,SYSDATE - 1183,2,' a message from Philberta Pell was passed to Reid Tyson on 1-0-1994',156,225);
INSERT INTO information VALUES (872,SYSDATE - 1353,0,' Marsh Gifford was seen in Leicester with Lowell Call',NULL,NULL);
INSERT INTO information VALUES (873,SYSDATE - 2741,4,' when Terrel McLaughlin was travelling from Bournemouth to Windsor on 20-0-1988, Burley Doran was killed',123,166);
INSERT INTO information VALUES (874,SYSDATE - 2298,2,' on 5-0-1955, agents were being watched in Colchester',162,218);
INSERT INTO information VALUES (875,SYSDATE - 2842,1,' if Stanhope Willis is dangerous, then Parker Dillingham is dangerous',15,173);
INSERT INTO information VALUES (876,SYSDATE - 3253,4,' either Langley Knapp or Marvin Crosswell are reliable, but not both',111,302);
INSERT INTO information VALUES (877,SYSDATE - 3638,4,' Gage Poulton denied that Weldon Borrail killed Ransley Campbell',80,156);
INSERT INTO information VALUES (878,SYSDATE - 248,5,' Irvette Bowers and Ransley Campbell are friends',149,288);
INSERT INTO information VALUES (879,SYSDATE - 5287,4,' Swain Geffrey is unreliable',54,201);
INSERT INTO information VALUES (880,SYSDATE - 1573,0,' on 30-7-2002, agents were being watched in Manchester',114,214);
INSERT INTO information VALUES (881,SYSDATE - 1088,6,' Milburn Agrippa is an informer',111,2);
INSERT INTO information VALUES (882,SYSDATE - 1183,2,' Blake Dutton knows Radnor Wells',54,207);
INSERT INTO information VALUES (883,SYSDATE - 490,1,' when Keyon Elton was travelling from Dover to Winchester on 25-2-2000, Rodwell Colville was killed',52,271);
INSERT INTO information VALUES (884,SYSDATE - 5269,1,' Halstead Rochester knows Wolf Buckhout',21,37);
INSERT INTO information VALUES (885,SYSDATE - 3851,0,' only if Hertford is suspicious should Aspen Dauby be trusted',27,51);
INSERT INTO information VALUES (886,SYSDATE - 4216,2,' information gleaned from Smedley Holden are to be trusted before 2-0-1965',142,194);
INSERT INTO information VALUES (887,SYSDATE - 2340,0,' Hiatt Allan is an informer',122,100);
INSERT INTO information VALUES (888,SYSDATE - 3371,1,' the area of Cambridge should be deemed suspicious',121,89);
INSERT INTO information VALUES (889,SYSDATE - 904,0,' Whitley Cass is a sworn enemy of Parr Bath',115,198);
INSERT INTO information VALUES (890,SYSDATE - 5024,0,' pieces of information associated with Luton are to be trusted until 23-8-1964',132,86);
INSERT INTO information VALUES (891,SYSDATE - 10088,3,' Vian Mochrie has sworn to murder Clinton Athill',122,299);
INSERT INTO information VALUES (892,SYSDATE - 722,6,' on 15-2-1986, agents were being watched in Manchester',41,277);
INSERT INTO information VALUES (893,SYSDATE - 3099,0,' a message from Kenrick Guelph was passed to Garrick Colwell on 28-0-1980',90,118);
INSERT INTO information VALUES (894,SYSDATE - 15821,5,' the area of Cambridge should be deemed suspicious',NULL,NULL);
INSERT INTO information VALUES (895,SYSDATE - 105,1,' a message from Bernia Baits was passed to Waverly Cann on 24-7-1999',121,89);
INSERT INTO information VALUES (896,SYSDATE - 331,3,' Hall Duff was seen in Leeds with Manfield Dirk',46,12);
INSERT INTO information VALUES (897,SYSDATE - 366,6,' either Cleveland McKinnon or Langley Knapp are reliable, but not both',116,275);
INSERT INTO information VALUES (898,SYSDATE - 2956,0,' Quenna Burr is a sworn enemy of Kenrick Guelph',14,332);
INSERT INTO information VALUES (899,SYSDATE - 858,0,' when Ashleigh Brimmer was travelling from Durham to Plymouth on 22-8-1957, Sutton Hough was killed',64,30);
INSERT INTO information VALUES (900,SYSDATE - 3262,1,' if Barse Leicester is dangerous, then Wheaton Bonar is dangerous',15,195);
INSERT INTO information VALUES (901,SYSDATE - 3344,5,' a message from Howard Filo was passed to Cobden Segur on 7-8-2003',4,204);
INSERT INTO information VALUES (902,SYSDATE - 9617,5,' the area of Reading should be deemed suspicious',NULL,NULL);
INSERT INTO information VALUES (903,SYSDATE - 3074,5,' Lanny Morice is unreliable',NULL,NULL);
INSERT INTO information VALUES (904,SYSDATE - 3238,3,' if Velvet Shrewsbury is trustworth, then Medwin Turnbull is a reliable source',91,261);
INSERT INTO information VALUES (905,SYSDATE - 158,5,' if Eland Kerr is dangerous, then Sabrina Rice is dangerous',138,192);
INSERT INTO information VALUES (906,SYSDATE - 17818,5,' Jane Isham is an informer',NULL,NULL);
INSERT INTO information VALUES (907,SYSDATE - 4350,1,' Rylie Dale knows an agent personally',72,197);
INSERT INTO information VALUES (908,SYSDATE - 5512,1,' Erskine William knows Blaxland Leonard',2,146);
INSERT INTO information VALUES (909,SYSDATE - 12858,4,' either Knox Collins or Radcliff Tillinghast and Cromwell Wishart have lied to the agency',NULL,NULL);
INSERT INTO information VALUES (910,SYSDATE - 958,5,' Bronson Barstow denied that Arley Larkins killed Knox Collins',24,32);
INSERT INTO information VALUES (911,SYSDATE - 4604,2,' there has been no contact with Sabrina Rice since 11-2-1997',136,32);
INSERT INTO information VALUES (912,SYSDATE - 371,1,' when Willow Bostwick was travelling from Stoke to Preston on 13-3-1989, Dennison Milne was killed',69,72);
INSERT INTO information VALUES (913,SYSDATE - 2184,1,' either Dunstan Conor or Hayden Nott and Sherlock Alice have lied to the agency',135,243);
INSERT INTO information VALUES (914,SYSDATE - 579,4,' a mysterious package was found in the home of Chadwick Quigly in Preston',121,89);
INSERT INTO information VALUES (915,SYSDATE - 5044,6,' only if Cambridge is suspicious should Orman Hosford be trusted',139,122);
INSERT INTO information VALUES (916,SYSDATE - 2022,0,' Sandon Rue is a sworn enemy of Irwin Meyeul',22,61);
INSERT INTO information VALUES (917,SYSDATE - 849,4,' Eton Stover was seen in Stafford with Ransley Campbell',29,153);
INSERT INTO information VALUES (918,SYSDATE - 1276,0,' a message from Colby Bixby was passed to Sykes Baum on 14-6-1999',47,95);
INSERT INTO information VALUES (919,SYSDATE - 5698,3,' Haralda Raleigh is unreliable',41,316);
INSERT INTO information VALUES (920,SYSDATE - 9071,0,' an assassination occured in Reading on 27-0-2001',102,162);
INSERT INTO information VALUES (921,SYSDATE - 1658,1,' Geary Aberdene knows Frith Cuyler',67,53);
INSERT INTO information VALUES (922,SYSDATE - 3698,3,' Aldridge Phelps knows Annice Dumfries',80,34);
INSERT INTO information VALUES (923,SYSDATE - 870,1,' either Burke Noyes or Merivale Burby are reliable, but not both',121,137);
INSERT INTO information VALUES (924,SYSDATE - 2576,4,' Rosie Massenger and Whittaker Hotham are friends',147,83);
INSERT INTO information VALUES (925,SYSDATE - 514,0,' missions involving Wiley Alan are critical for solving issues to do with Aubree Harcourt',147,83);
INSERT INTO information VALUES (926,SYSDATE - 956,2,' the area of Peterborough should be deemed suspicious',126,319);
INSERT INTO information VALUES (927,SYSDATE - 934,0,' Easter Orr is an informer',107,157);
INSERT INTO information VALUES (928,SYSDATE - 9486,1,' when Shelton Burbeck was travelling from Windsor to Doncaster on 26-3-1973, Brinley Sherwood was killed',122,100);
INSERT INTO information VALUES (929,SYSDATE - 4683,1,' Devon Medcaf is deeply religous',39,172);
INSERT INTO information VALUES (930,SYSDATE - 207,2,' Dory Bleeker was seen in Winchester with Wheaton Bonar',136,206);
INSERT INTO information VALUES (931,SYSDATE - 2700,5,' an assassination occured in Peterborough on 1-5-2006',132,197);
INSERT INTO information VALUES (932,SYSDATE - 1029,6,' an assassination occured in Doncaster on 23-11-1966',47,92);
INSERT INTO information VALUES (933,SYSDATE - 10156,2,' either Ewart Bevan or Wynston Coggeshall are reliable, but not both',133,291);
INSERT INTO information VALUES (934,SYSDATE - 531,0,' there has been no contact with Miller Amherst since 22-9-1984',149,56);
INSERT INTO information VALUES (935,SYSDATE - 5199,0,' Sharman Poindexter was seen in Portsmouth',53,148);
INSERT INTO information VALUES (936,SYSDATE - 12625,3,' Newton Manser knows an agent personally',133,154);
INSERT INTO information VALUES (937,SYSDATE - 4475,0,' information gleaned from Aubree Harcourt are to be trusted before 30-0-2002',156,317);
INSERT INTO information VALUES (938,SYSDATE - 11591,4,' either Ravinger Colvin or Hylton Brodt and Easter Orr have lied to the agency',NULL,NULL);
INSERT INTO information VALUES (939,SYSDATE - 2176,1,' if Howard Filo is dangerous, then Macon Dauche is dangerous',52,152);
INSERT INTO information VALUES (940,SYSDATE - 1524,5,' a message from Palmer Payne was passed to Ogden Gillett on 2-5-1998',121,268);
INSERT INTO information VALUES (941,SYSDATE - 9401,0,' Essex Fleming knows an agent personally',NULL,NULL);
INSERT INTO information VALUES (942,SYSDATE - 1180,4,' Halstead Rochester has sworn to murder Fenn Gaston',43,219);
INSERT INTO information VALUES (943,SYSDATE - 285,3,' Cameron Huntley is a sworn enemy of Gibson Danvers',115,263);
INSERT INTO information VALUES (944,SYSDATE - 3476,4,' Wilton Erskine denied that Claiborne Teddington killed Knox Collins',154,306);
INSERT INTO information VALUES (945,SYSDATE - 662,2,' Twyla Bateman was seen in Windsor with Archer Bing',5,201);
INSERT INTO information VALUES (946,SYSDATE - 97,0,' Aldrich Decker and Reading Wheaton are friends',46,12);
INSERT INTO information VALUES (947,SYSDATE - 496,6,' Kenelm Galbraith knows Stanhope Willis',132,86);
INSERT INTO information VALUES (948,SYSDATE - 4548,4,' Marley Bigler has sworn to murder Hearst Chatsey',101,213);
INSERT INTO information VALUES (949,SYSDATE - 6666,5,' Melrose Fane is an informer',48,6);
INSERT INTO information VALUES (950,SYSDATE - 214,0,' when Hall Duff was travelling from Dover to Lincoln on 4-1-1971, Dugan Durgy was killed',140,62);
INSERT INTO information VALUES (951,SYSDATE - 868,5,' either Cleve Jewell or Ena Judd and Edith Flint have lied to the agency',33,235);
INSERT INTO information VALUES (952,SYSDATE - 1221,4,' pieces of information associated with Hertford are to be trusted until 1-7-1988',166,316);
INSERT INTO information VALUES (953,SYSDATE - 1020,3,' when Tawnie Gilmour was travelling from Brinsdale to Poole on 30-5-1995, Blossom Ollendorff was killed',93,153);
INSERT INTO information VALUES (954,SYSDATE - 798,3,' a message from Stanhope Willis was passed to Ransley Campbell on 20-11-1990',75,183);
INSERT INTO information VALUES (955,SYSDATE - 2228,4,' if Hearst Chatsey is trustworth, then Pearl Broughton is a reliable source',92,67);
INSERT INTO information VALUES (956,SYSDATE - 354,4,' Oscar Shuckburgh is a sworn enemy of Garrick Colwell',151,90);
INSERT INTO information VALUES (957,SYSDATE - 4732,0,' only if Gloucester is suspicious should Hudson Flaherty be trusted',33,231);
INSERT INTO information VALUES (958,SYSDATE - 17380,4,' Everet Pringle is a sworn enemy of Merry Parnell',133,319);
INSERT INTO information VALUES (959,SYSDATE - 5154,0,' if Warren Oliver is dangerous, then Atwater Fulke is dangerous',76,254);
INSERT INTO information VALUES (960,SYSDATE - 8979,0,' on 17-11-1979, Dane Aiton was seen with Santon Follet in Birmingham',2,297);
INSERT INTO information VALUES (961,SYSDATE - 2195,6,' only if Birmingham is suspicious should Gibson Danvers be trusted',NULL,NULL);
INSERT INTO information VALUES (962,SYSDATE - 1130,6,' there has been no contact with Pitt Dalton since 19-3-1967',89,189);
INSERT INTO information VALUES (963,SYSDATE - 3597,1,' a mysterious package was found in the home of Dane Aiton in Cambridge',51,124);
INSERT INTO information VALUES (964,SYSDATE - 8244,6,' the area of Coventry should be deemed suspicious',1,280);
INSERT INTO information VALUES (965,SYSDATE - 1284,3,' there has been no contact with Rodman Cary since 16-9-1976',11,56);
INSERT INTO information VALUES (966,SYSDATE - 9334,2,' there has been no contact with Carson Griffin since 10-1-2006',117,60);
INSERT INTO information VALUES (967,SYSDATE - 1185,1,' either Erskine William or Kelsey Stalker and Randie Pierpont have lied to the agency',110,61);
INSERT INTO information VALUES (968,SYSDATE - 5277,6,' missions involving Vian Mochrie are critical for solving issues to do with Shepherd Sellenger',1,214);
INSERT INTO information VALUES (969,SYSDATE - 435,3,' either Somerset Gillespie or Haywood Aldridge are reliable, but not both',107,135);
INSERT INTO information VALUES (970,SYSDATE - 7581,0,' there has been no contact with Dane Aiton since 14-7-1965',NULL,NULL);
INSERT INTO information VALUES (971,SYSDATE - 1643,3,' only if Brinsdale is suspicious should Randie Pierpont be trusted',140,62);
INSERT INTO information VALUES (972,SYSDATE - 1699,2,' missions involving Atworth Wickliff are critical for solving issues to do with Edith Flint',153,274);
INSERT INTO information VALUES (973,SYSDATE - 127,3,' if Berkeley Bristol is dangerous, then Maxey Eytinge is dangerous',90,301);
INSERT INTO information VALUES (974,SYSDATE - 1062,0,' Milburn Agrippa was seen in Preston',80,262);
INSERT INTO information VALUES (975,SYSDATE - 2301,1,' either Orton Scroggs or Risley Shannon and Kenrick Guelph have lied to the agency',32,313);
INSERT INTO information VALUES (976,SYSDATE - 2367,1,' Blossom Ollendorff denied that Archer Bing killed Keyon Elton',119,21);
INSERT INTO information VALUES (977,SYSDATE - 11715,2,' Harford Crandell has sworn to murder Rodman Cary',133,90);
INSERT INTO information VALUES (978,SYSDATE - 4515,6,' if Perris McCarthy is trustworth, then Kenrich Ashford is a reliable source',38,266);
INSERT INTO information VALUES (979,SYSDATE - 705,6,' Velvet Shrewsbury denied that Stanton Belvidere killed Rosie Massenger',58,21);
INSERT INTO information VALUES (980,SYSDATE - 2328,0,' either Aspen Dauby or Beacher Hatch and Stanton Belvidere have lied to the agency',104,285);
INSERT INTO information VALUES (981,SYSDATE - 843,5,' a meeting was bugged involving Sheldon Norton, Kenrick Guelph and Marland Burnham',107,61);
INSERT INTO information VALUES (982,SYSDATE - 427,1,' either Calder Norman or Essex Fleming and Bryson Lilienthal have lied to the agency',116,215);
INSERT INTO information VALUES (983,SYSDATE - 6194,4,' if Brown McGinnis is dangerous, then Kenelm Galbraith is dangerous',132,267);
INSERT INTO information VALUES (984,SYSDATE - 599,5,' Willow Bostwick denied that Bernia Baits killed Ogden Gillett',82,37);

INSERT INTO info_access VALUES (141,SYSDATE - 65.511493,511,SYSDATE - 65.508669);
INSERT INTO info_access VALUES (39,SYSDATE - 1980.09691,114,SYSDATE - 1980.096354);
INSERT INTO info_access VALUES (119,SYSDATE - 6181.25419,62,SYSDATE - 6181.25294);
INSERT INTO info_access VALUES (152,SYSDATE - 1111.1639,27,SYSDATE - 1111.163646);
INSERT INTO info_access VALUES (110,SYSDATE - 1134.827847,178,SYSDATE - 1134.827847);
INSERT INTO info_access VALUES (46,SYSDATE - 1437.432593,505,SYSDATE - 1437.430579);
INSERT INTO info_access VALUES (11,SYSDATE - 10634.91463,616,SYSDATE - 10634.91331);
INSERT INTO info_access VALUES (152,SYSDATE - 5702.712766,5,SYSDATE - 5702.710451);
INSERT INTO info_access VALUES (145,SYSDATE - 147.652859,974,SYSDATE - 147.652419);
INSERT INTO info_access VALUES (119,SYSDATE - 6070.898912,327,SYSDATE - 6070.898449);
INSERT INTO info_access VALUES (109,SYSDATE - 56.390718,303,SYSDATE - 56.388275);
INSERT INTO info_access VALUES (126,SYSDATE - 459.657188,650,SYSDATE - 459.65515);
INSERT INTO info_access VALUES (79,SYSDATE - 132.613819,992,SYSDATE - 132.611725);
INSERT INTO info_access VALUES (150,SYSDATE - 507.003206,331,SYSDATE - 507.000208);
INSERT INTO info_access VALUES (119,SYSDATE - 21.253704,433,SYSDATE - 21.253009);
INSERT INTO info_access VALUES (4,SYSDATE - 3281.207917,141,SYSDATE - 3281.206713);
INSERT INTO info_access VALUES (70,SYSDATE - 4693.043102,970,SYSDATE - 4693.042141);
INSERT INTO info_access VALUES (164,SYSDATE - 534.043727,743,SYSDATE - 534.042789);
INSERT INTO info_access VALUES (70,SYSDATE - 5081.249919,908,SYSDATE - 5081.249873);
INSERT INTO info_access VALUES (72,SYSDATE - 20.604884,621,SYSDATE - 20.603183);
INSERT INTO info_access VALUES (9,SYSDATE - 1175.081759,726,SYSDATE - 1175.080671);
INSERT INTO info_access VALUES (81,SYSDATE - 23.162882,445,SYSDATE - 23.162604);
INSERT INTO info_access VALUES (152,SYSDATE - 2342.030127,557,SYSDATE - 2342.02912);
INSERT INTO info_access VALUES (106,SYSDATE - 347.93875,961,SYSDATE - 347.935961);
INSERT INTO info_access VALUES (53,SYSDATE - 5545.38838,619,SYSDATE - 5545.386447);
INSERT INTO info_access VALUES (164,SYSDATE - 2114.29294,733,SYSDATE - 2114.290035);
INSERT INTO info_access VALUES (91,SYSDATE - 3702.683299,917,SYSDATE - 3702.680278);
INSERT INTO info_access VALUES (12,SYSDATE - 3941.500185,339,SYSDATE - 3941.498704);
INSERT INTO info_access VALUES (49,SYSDATE - 1622.49272,369,SYSDATE - 1622.49103);
INSERT INTO info_access VALUES (64,SYSDATE - 20.197431,880,SYSDATE - 20.194907);
INSERT INTO info_access VALUES (64,SYSDATE - 914.339074,491,SYSDATE - 914.336111);
INSERT INTO info_access VALUES (117,SYSDATE - 9878.47316,713,SYSDATE - 9878.472731);
INSERT INTO info_access VALUES (128,SYSDATE - 407.239745,625,SYSDATE - 407.23706);
INSERT INTO info_access VALUES (116,SYSDATE - 408.702627,759,SYSDATE - 408.699688);
INSERT INTO info_access VALUES (37,SYSDATE - 18.743692,806,SYSDATE - 18.742512);
INSERT INTO info_access VALUES (164,SYSDATE - 876.169387,532,SYSDATE - 876.166505);
INSERT INTO info_access VALUES (69,SYSDATE - 3291.27919,656,SYSDATE - 3291.277616);
INSERT INTO info_access VALUES (133,SYSDATE - 10943.62853,430,SYSDATE - 10943.625428);
INSERT INTO info_access VALUES (14,SYSDATE - 2572.660451,386,SYSDATE - 2572.658171);
INSERT INTO info_access VALUES (167,SYSDATE - 592.095486,822,SYSDATE - 592.092373);
INSERT INTO info_access VALUES (95,SYSDATE - 7728.518275,835,SYSDATE - 7728.517963);
INSERT INTO info_access VALUES (136,SYSDATE - 4168.281088,274,SYSDATE - 4168.280347);
INSERT INTO info_access VALUES (91,SYSDATE - 1345.608368,182,SYSDATE - 1345.606944);
INSERT INTO info_access VALUES (49,SYSDATE - 123.463588,776,SYSDATE - 123.460648);
INSERT INTO info_access VALUES (140,SYSDATE - 1982.088576,947,SYSDATE - 1982.088125);
INSERT INTO info_access VALUES (6,SYSDATE - 975.383715,176,SYSDATE - 975.383646);
INSERT INTO info_access VALUES (146,SYSDATE - 619.015625,752,SYSDATE - 619.013924);
INSERT INTO info_access VALUES (141,SYSDATE - 137.189352,745,SYSDATE - 137.186771);
INSERT INTO info_access VALUES (137,SYSDATE - 187.49691,911,SYSDATE - 187.49441);
INSERT INTO info_access VALUES (131,SYSDATE - 7270.172593,893,SYSDATE - 7270.169699);
INSERT INTO info_access VALUES (75,SYSDATE - 1099.244444,577,SYSDATE - 1099.241991);
INSERT INTO info_access VALUES (17,SYSDATE - 468.96147,158,SYSDATE - 468.958345);
INSERT INTO info_access VALUES (110,SYSDATE - 1353.630544,309,SYSDATE - 1353.628368);
INSERT INTO info_access VALUES (46,SYSDATE - 1820.433495,484,SYSDATE - 1820.432662);
INSERT INTO info_access VALUES (26,SYSDATE - 9334.408368,321,SYSDATE - 9334.407037);
INSERT INTO info_access VALUES (20,SYSDATE - 4508.047222,211,SYSDATE - 4508.046609);
INSERT INTO info_access VALUES (111,SYSDATE - 1482.626771,935,SYSDATE - 1482.623785);
INSERT INTO info_access VALUES (90,SYSDATE - 2123.272326,455,SYSDATE - 2123.270868);
INSERT INTO info_access VALUES (53,SYSDATE - 6863.449167,171,SYSDATE - 6863.447627);
INSERT INTO info_access VALUES (99,SYSDATE - 136.375938,407,SYSDATE - 136.372998);
INSERT INTO info_access VALUES (12,SYSDATE - 393.429167,922,SYSDATE - 393.427604);
INSERT INTO info_access VALUES (162,SYSDATE - 56.44544,607,SYSDATE - 56.444572);
INSERT INTO info_access VALUES (96,SYSDATE - 322.73184,934,SYSDATE - 322.729491);
INSERT INTO info_access VALUES (106,SYSDATE - 310.053171,790,SYSDATE - 310.050324);
INSERT INTO info_access VALUES (163,SYSDATE - 1822.397106,858,SYSDATE - 1822.394954);
INSERT INTO info_access VALUES (60,SYSDATE - 3768.163241,896,SYSDATE - 3768.1625);
INSERT INTO info_access VALUES (95,SYSDATE - 5655.953553,938,SYSDATE - 5655.953472);
INSERT INTO info_access VALUES (156,SYSDATE - 5511.918218,919,SYSDATE - 5511.915266);
INSERT INTO info_access VALUES (100,SYSDATE - 4741.659479,242,SYSDATE - 4741.659086);
INSERT INTO info_access VALUES (148,SYSDATE - 128.491551,784,SYSDATE - 128.488299);
INSERT INTO info_access VALUES (45,SYSDATE - 5592.588009,342,SYSDATE - 5592.586528);
INSERT INTO info_access VALUES (23,SYSDATE - 2501.556516,807,SYSDATE - 2501.555359);
INSERT INTO info_access VALUES (115,SYSDATE - 974.86213,419,SYSDATE - 974.859259);
INSERT INTO info_access VALUES (33,SYSDATE - 5748.889051,579,SYSDATE - 5748.885984);
INSERT INTO info_access VALUES (35,SYSDATE - 2779.177928,701,SYSDATE - 2779.175787);
INSERT INTO info_access VALUES (115,SYSDATE - 823.439039,74,SYSDATE - 823.437419);
INSERT INTO info_access VALUES (10,SYSDATE - 1533.480613,116,SYSDATE - 1533.47985);
INSERT INTO info_access VALUES (66,SYSDATE - 1.266481,459,SYSDATE - 1.265637);
INSERT INTO info_access VALUES (3,SYSDATE - 2883.347512,319,SYSDATE - 2883.345174);
INSERT INTO info_access VALUES (11,SYSDATE - 8181.238403,313,SYSDATE - 8181.236563);
INSERT INTO info_access VALUES (74,SYSDATE - 174.860752,779,SYSDATE - 174.857384);
INSERT INTO info_access VALUES (69,SYSDATE - 6902.222604,743,SYSDATE - 6902.221539);
INSERT INTO info_access VALUES (106,SYSDATE - 134.751366,558,SYSDATE - 134.749225);
INSERT INTO info_access VALUES (28,SYSDATE - 1257.538044,691,SYSDATE - 1257.536238);
INSERT INTO info_access VALUES (92,SYSDATE - 1661.05235,774,SYSDATE - 1661.05103);
INSERT INTO info_access VALUES (68,SYSDATE - 7908.127014,668,SYSDATE - 7908.126933);
INSERT INTO info_access VALUES (37,SYSDATE - 636.723252,687,SYSDATE - 636.721331);
INSERT INTO info_access VALUES (162,SYSDATE - 3504.203681,802,SYSDATE - 3504.201921);
INSERT INTO info_access VALUES (35,SYSDATE - 5870.904039,662,SYSDATE - 5870.901551);
INSERT INTO info_access VALUES (145,SYSDATE - 218.829965,303,SYSDATE - 218.826493);
INSERT INTO info_access VALUES (141,SYSDATE - 9.943461,576,SYSDATE - 9.940278);
INSERT INTO info_access VALUES (150,SYSDATE - 315.601875,37,SYSDATE - 315.599306);
INSERT INTO info_access VALUES (161,SYSDATE - 91.826308,480,SYSDATE - 91.824711);
INSERT INTO info_access VALUES (14,SYSDATE - 2998.653993,691,SYSDATE - 2998.651088);
INSERT INTO info_access VALUES (86,SYSDATE - 313.692766,944,SYSDATE - 313.691655);
INSERT INTO info_access VALUES (102,SYSDATE - 4935.676481,706,SYSDATE - 4935.673565);
INSERT INTO info_access VALUES (54,SYSDATE - 3631.93463,987,SYSDATE - 3631.932373);
INSERT INTO info_access VALUES (91,SYSDATE - 8770.036921,733,SYSDATE - 8770.035775);
INSERT INTO info_access VALUES (89,SYSDATE - 4271.278461,803,SYSDATE - 4271.277454);
INSERT INTO info_access VALUES (53,SYSDATE - 5397.896227,588,SYSDATE - 5397.895116);

INSERT INTO MISSIONS_AGENTS VALUES (1,163);
INSERT INTO MISSIONS_AGENTS VALUES (2,132);
INSERT INTO MISSIONS_AGENTS VALUES (3,133);
INSERT INTO MISSIONS_AGENTS VALUES (4,127);
INSERT INTO MISSIONS_AGENTS VALUES (5,51);
INSERT INTO MISSIONS_AGENTS VALUES (6,27);
INSERT INTO MISSIONS_AGENTS VALUES (6,74);
INSERT INTO MISSIONS_AGENTS VALUES (7,158);
INSERT INTO MISSIONS_AGENTS VALUES (7,117);
INSERT INTO MISSIONS_AGENTS VALUES (8,26);
INSERT INTO MISSIONS_AGENTS VALUES (9,127);
INSERT INTO MISSIONS_AGENTS VALUES (10,133);
INSERT INTO MISSIONS_AGENTS VALUES (11,133);
INSERT INTO MISSIONS_AGENTS VALUES (12,133);
INSERT INTO MISSIONS_AGENTS VALUES (13,19);
INSERT INTO MISSIONS_AGENTS VALUES (14,153);
INSERT INTO MISSIONS_AGENTS VALUES (14,83);
INSERT INTO MISSIONS_AGENTS VALUES (15,10);
INSERT INTO MISSIONS_AGENTS VALUES (15,88);
INSERT INTO MISSIONS_AGENTS VALUES (16,64);
INSERT INTO MISSIONS_AGENTS VALUES (17,46);
INSERT INTO MISSIONS_AGENTS VALUES (18,158);
INSERT INTO MISSIONS_AGENTS VALUES (18,133);
INSERT INTO MISSIONS_AGENTS VALUES (19,19);
INSERT INTO MISSIONS_AGENTS VALUES (20,133);
INSERT INTO MISSIONS_AGENTS VALUES (20,82);
INSERT INTO MISSIONS_AGENTS VALUES (21,53);
INSERT INTO MISSIONS_AGENTS VALUES (22,5);
INSERT INTO MISSIONS_AGENTS VALUES (23,158);
INSERT INTO MISSIONS_AGENTS VALUES (24,19);
INSERT INTO MISSIONS_AGENTS VALUES (25,102);
INSERT INTO MISSIONS_AGENTS VALUES (25,24);
INSERT INTO MISSIONS_AGENTS VALUES (26,68);
INSERT INTO MISSIONS_AGENTS VALUES (27,22);
INSERT INTO MISSIONS_AGENTS VALUES (28,35);
INSERT INTO MISSIONS_AGENTS VALUES (29,41);
INSERT INTO MISSIONS_AGENTS VALUES (30,68);
INSERT INTO MISSIONS_AGENTS VALUES (31,87);
INSERT INTO MISSIONS_AGENTS VALUES (31,24);
INSERT INTO MISSIONS_AGENTS VALUES (32,3);
INSERT INTO MISSIONS_AGENTS VALUES (33,95);
INSERT INTO MISSIONS_AGENTS VALUES (34,133);
INSERT INTO MISSIONS_AGENTS VALUES (34,22);
INSERT INTO MISSIONS_AGENTS VALUES (35,133);
INSERT INTO MISSIONS_AGENTS VALUES (36,163);
INSERT INTO MISSIONS_AGENTS VALUES (36,100);
INSERT INTO MISSIONS_AGENTS VALUES (37,10);
INSERT INTO MISSIONS_AGENTS VALUES (38,158);
INSERT INTO MISSIONS_AGENTS VALUES (39,11);
INSERT INTO MISSIONS_AGENTS VALUES (40,38);
INSERT INTO MISSIONS_AGENTS VALUES (41,115);
INSERT INTO MISSIONS_AGENTS VALUES (42,83);
INSERT INTO MISSIONS_AGENTS VALUES (43,11);
INSERT INTO MISSIONS_AGENTS VALUES (44,39);
INSERT INTO MISSIONS_AGENTS VALUES (44,7);
INSERT INTO MISSIONS_AGENTS VALUES (45,1);
INSERT INTO MISSIONS_AGENTS VALUES (46,83);
INSERT INTO MISSIONS_AGENTS VALUES (47,114);
INSERT INTO MISSIONS_AGENTS VALUES (48,71);
INSERT INTO MISSIONS_AGENTS VALUES (48,120);
INSERT INTO MISSIONS_AGENTS VALUES (49,117);
INSERT INTO MISSIONS_AGENTS VALUES (49,87);
INSERT INTO MISSIONS_AGENTS VALUES (50,22);
INSERT INTO MISSIONS_AGENTS VALUES (51,24);
INSERT INTO MISSIONS_AGENTS VALUES (52,26);
INSERT INTO MISSIONS_AGENTS VALUES (53,133);
INSERT INTO MISSIONS_AGENTS VALUES (54,168);
INSERT INTO MISSIONS_AGENTS VALUES (54,151);
INSERT INTO MISSIONS_AGENTS VALUES (55,3);
INSERT INTO MISSIONS_AGENTS VALUES (56,69);
INSERT INTO MISSIONS_AGENTS VALUES (57,19);
INSERT INTO MISSIONS_AGENTS VALUES (58,133);
INSERT INTO MISSIONS_AGENTS VALUES (59,44);
INSERT INTO MISSIONS_AGENTS VALUES (59,158);
INSERT INTO MISSIONS_AGENTS VALUES (60,89);
INSERT INTO MISSIONS_AGENTS VALUES (61,51);
INSERT INTO MISSIONS_AGENTS VALUES (61,136);
INSERT INTO MISSIONS_AGENTS VALUES (62,3);
INSERT INTO MISSIONS_AGENTS VALUES (62,44);
INSERT INTO MISSIONS_AGENTS VALUES (63,22);
INSERT INTO MISSIONS_AGENTS VALUES (64,76);
INSERT INTO MISSIONS_AGENTS VALUES (65,127);
INSERT INTO MISSIONS_AGENTS VALUES (66,36);
INSERT INTO MISSIONS_AGENTS VALUES (67,43);
INSERT INTO MISSIONS_AGENTS VALUES (68,44);
INSERT INTO MISSIONS_AGENTS VALUES (69,41);
INSERT INTO MISSIONS_AGENTS VALUES (70,53);
INSERT INTO MISSIONS_AGENTS VALUES (71,22);
INSERT INTO MISSIONS_AGENTS VALUES (71,133);
INSERT INTO MISSIONS_AGENTS VALUES (72,2);
INSERT INTO MISSIONS_AGENTS VALUES (73,19);
INSERT INTO MISSIONS_AGENTS VALUES (73,83);
INSERT INTO MISSIONS_AGENTS VALUES (74,54);
INSERT INTO MISSIONS_AGENTS VALUES (75,60);
INSERT INTO MISSIONS_AGENTS VALUES (76,127);
INSERT INTO MISSIONS_AGENTS VALUES (76,117);
INSERT INTO MISSIONS_AGENTS VALUES (77,22);
INSERT INTO MISSIONS_AGENTS VALUES (77,87);
INSERT INTO MISSIONS_AGENTS VALUES (78,133);
INSERT INTO MISSIONS_AGENTS VALUES (79,48);
INSERT INTO MISSIONS_AGENTS VALUES (80,90);
INSERT INTO MISSIONS_AGENTS VALUES (81,127);
INSERT INTO MISSIONS_AGENTS VALUES (81,87);
INSERT INTO MISSIONS_AGENTS VALUES (82,89);
INSERT INTO MISSIONS_AGENTS VALUES (82,147);
INSERT INTO MISSIONS_AGENTS VALUES (83,136);
INSERT INTO MISSIONS_AGENTS VALUES (83,24);
INSERT INTO MISSIONS_AGENTS VALUES (84,19);
INSERT INTO MISSIONS_AGENTS VALUES (84,133);
INSERT INTO MISSIONS_AGENTS VALUES (85,166);
INSERT INTO MISSIONS_AGENTS VALUES (85,95);
INSERT INTO MISSIONS_AGENTS VALUES (86,78);
INSERT INTO MISSIONS_AGENTS VALUES (87,104);
INSERT INTO MISSIONS_AGENTS VALUES (88,51);
INSERT INTO MISSIONS_AGENTS VALUES (88,158);
INSERT INTO MISSIONS_AGENTS VALUES (89,87);
INSERT INTO MISSIONS_AGENTS VALUES (90,52);
INSERT INTO MISSIONS_AGENTS VALUES (90,7);
INSERT INTO MISSIONS_AGENTS VALUES (91,10);
INSERT INTO MISSIONS_AGENTS VALUES (92,51);
INSERT INTO MISSIONS_AGENTS VALUES (93,24);
INSERT INTO MISSIONS_AGENTS VALUES (93,158);
INSERT INTO MISSIONS_AGENTS VALUES (94,45);
INSERT INTO MISSIONS_AGENTS VALUES (94,67);
INSERT INTO MISSIONS_AGENTS VALUES (95,87);
INSERT INTO MISSIONS_AGENTS VALUES (96,133);
INSERT INTO MISSIONS_AGENTS VALUES (97,3);
INSERT INTO MISSIONS_AGENTS VALUES (98,158);
INSERT INTO MISSIONS_AGENTS VALUES (99,87);
INSERT INTO MISSIONS_AGENTS VALUES (100,158);
INSERT INTO MISSIONS_AGENTS VALUES (100,19);
INSERT INTO MISSIONS_AGENTS VALUES (101,98);
INSERT INTO MISSIONS_AGENTS VALUES (102,22);
INSERT INTO MISSIONS_AGENTS VALUES (102,133);
INSERT INTO MISSIONS_AGENTS VALUES (103,123);
INSERT INTO MISSIONS_AGENTS VALUES (103,119);
INSERT INTO MISSIONS_AGENTS VALUES (104,72);
INSERT INTO MISSIONS_AGENTS VALUES (104,132);
INSERT INTO MISSIONS_AGENTS VALUES (105,3);
INSERT INTO MISSIONS_AGENTS VALUES (105,2);
INSERT INTO MISSIONS_AGENTS VALUES (106,3);
INSERT INTO MISSIONS_AGENTS VALUES (107,10);
INSERT INTO MISSIONS_AGENTS VALUES (107,168);
INSERT INTO MISSIONS_AGENTS VALUES (108,127);
INSERT INTO MISSIONS_AGENTS VALUES (108,136);
INSERT INTO MISSIONS_AGENTS VALUES (109,127);
INSERT INTO MISSIONS_AGENTS VALUES (109,158);
INSERT INTO MISSIONS_AGENTS VALUES (110,95);
INSERT INTO MISSIONS_AGENTS VALUES (111,133);
INSERT INTO MISSIONS_AGENTS VALUES (111,136);
INSERT INTO MISSIONS_AGENTS VALUES (112,91);
INSERT INTO MISSIONS_AGENTS VALUES (113,68);
INSERT INTO MISSIONS_AGENTS VALUES (114,23);
INSERT INTO MISSIONS_AGENTS VALUES (115,22);
INSERT INTO MISSIONS_AGENTS VALUES (116,69);
INSERT INTO MISSIONS_AGENTS VALUES (117,122);
INSERT INTO MISSIONS_AGENTS VALUES (118,1);
INSERT INTO MISSIONS_AGENTS VALUES (119,27);
INSERT INTO MISSIONS_AGENTS VALUES (119,75);
INSERT INTO MISSIONS_AGENTS VALUES (120,117);
INSERT INTO MISSIONS_AGENTS VALUES (120,127);
INSERT INTO MISSIONS_AGENTS VALUES (121,127);
INSERT INTO MISSIONS_AGENTS VALUES (122,87);
INSERT INTO MISSIONS_AGENTS VALUES (122,133);
INSERT INTO MISSIONS_AGENTS VALUES (123,158);
INSERT INTO MISSIONS_AGENTS VALUES (124,111);
INSERT INTO MISSIONS_AGENTS VALUES (124,123);
INSERT INTO MISSIONS_AGENTS VALUES (125,3);
INSERT INTO MISSIONS_AGENTS VALUES (126,44);
INSERT INTO MISSIONS_AGENTS VALUES (127,19);
INSERT INTO MISSIONS_AGENTS VALUES (128,14);
INSERT INTO MISSIONS_AGENTS VALUES (129,22);
INSERT INTO MISSIONS_AGENTS VALUES (130,127);
INSERT INTO MISSIONS_AGENTS VALUES (130,21);
INSERT INTO MISSIONS_AGENTS VALUES (131,155);
INSERT INTO MISSIONS_AGENTS VALUES (132,131);
INSERT INTO MISSIONS_AGENTS VALUES (133,22);
INSERT INTO MISSIONS_AGENTS VALUES (134,51);
INSERT INTO MISSIONS_AGENTS VALUES (135,43);
INSERT INTO MISSIONS_AGENTS VALUES (135,3);
INSERT INTO MISSIONS_AGENTS VALUES (136,19);
INSERT INTO MISSIONS_AGENTS VALUES (136,51);
INSERT INTO MISSIONS_AGENTS VALUES (137,158);
INSERT INTO MISSIONS_AGENTS VALUES (138,51);
INSERT INTO MISSIONS_AGENTS VALUES (138,1);
INSERT INTO MISSIONS_AGENTS VALUES (139,133);
INSERT INTO MISSIONS_AGENTS VALUES (140,133);
INSERT INTO MISSIONS_AGENTS VALUES (140,117);
INSERT INTO MISSIONS_AGENTS VALUES (141,139);
INSERT INTO MISSIONS_AGENTS VALUES (141,91);
INSERT INTO MISSIONS_AGENTS VALUES (142,133);
INSERT INTO MISSIONS_AGENTS VALUES (143,100);
INSERT INTO MISSIONS_AGENTS VALUES (144,133);
INSERT INTO MISSIONS_AGENTS VALUES (145,87);
INSERT INTO MISSIONS_AGENTS VALUES (145,22);
INSERT INTO MISSIONS_AGENTS VALUES (146,1);
INSERT INTO MISSIONS_AGENTS VALUES (147,127);
INSERT INTO MISSIONS_AGENTS VALUES (148,26);
INSERT INTO MISSIONS_AGENTS VALUES (149,1);
INSERT INTO MISSIONS_AGENTS VALUES (150,1);
INSERT INTO MISSIONS_AGENTS VALUES (150,43);
INSERT INTO MISSIONS_AGENTS VALUES (151,142);
INSERT INTO MISSIONS_AGENTS VALUES (152,120);
INSERT INTO MISSIONS_AGENTS VALUES (152,44);
INSERT INTO MISSIONS_AGENTS VALUES (153,87);
INSERT INTO MISSIONS_AGENTS VALUES (154,22);
INSERT INTO MISSIONS_AGENTS VALUES (155,158);
INSERT INTO MISSIONS_AGENTS VALUES (155,22);
INSERT INTO MISSIONS_AGENTS VALUES (156,87);
INSERT INTO MISSIONS_AGENTS VALUES (157,90);
INSERT INTO MISSIONS_AGENTS VALUES (158,153);
INSERT INTO MISSIONS_AGENTS VALUES (159,92);
INSERT INTO MISSIONS_AGENTS VALUES (159,29);
INSERT INTO MISSIONS_AGENTS VALUES (160,80);
INSERT INTO MISSIONS_AGENTS VALUES (160,119);
INSERT INTO MISSIONS_AGENTS VALUES (161,100);
INSERT INTO MISSIONS_AGENTS VALUES (161,11);
INSERT INTO MISSIONS_AGENTS VALUES (162,95);
INSERT INTO MISSIONS_AGENTS VALUES (163,83);
INSERT INTO MISSIONS_AGENTS VALUES (163,44);
INSERT INTO MISSIONS_AGENTS VALUES (164,117);
INSERT INTO MISSIONS_AGENTS VALUES (165,87);
INSERT INTO MISSIONS_AGENTS VALUES (166,87);
INSERT INTO MISSIONS_AGENTS VALUES (167,117);
INSERT INTO MISSIONS_AGENTS VALUES (168,163);
INSERT INTO MISSIONS_AGENTS VALUES (169,102);
INSERT INTO MISSIONS_AGENTS VALUES (169,120);
INSERT INTO MISSIONS_AGENTS VALUES (170,133);
INSERT INTO MISSIONS_AGENTS VALUES (171,54);
INSERT INTO MISSIONS_AGENTS VALUES (172,19);
INSERT INTO MISSIONS_AGENTS VALUES (172,133);
INSERT INTO MISSIONS_AGENTS VALUES (173,93);
INSERT INTO MISSIONS_AGENTS VALUES (173,29);
INSERT INTO MISSIONS_AGENTS VALUES (174,22);
INSERT INTO MISSIONS_AGENTS VALUES (175,40);
INSERT INTO MISSIONS_AGENTS VALUES (175,163);
INSERT INTO MISSIONS_AGENTS VALUES (176,53);
INSERT INTO MISSIONS_AGENTS VALUES (176,47);
INSERT INTO MISSIONS_AGENTS VALUES (177,51);
INSERT INTO MISSIONS_AGENTS VALUES (178,104);
INSERT INTO MISSIONS_AGENTS VALUES (179,100);
INSERT INTO MISSIONS_AGENTS VALUES (180,22);
INSERT INTO MISSIONS_AGENTS VALUES (181,95);
INSERT INTO MISSIONS_AGENTS VALUES (181,87);
INSERT INTO MISSIONS_AGENTS VALUES (182,121);
INSERT INTO MISSIONS_AGENTS VALUES (182,95);
INSERT INTO MISSIONS_AGENTS VALUES (183,10);
INSERT INTO MISSIONS_AGENTS VALUES (184,133);
INSERT INTO MISSIONS_AGENTS VALUES (185,19);
INSERT INTO MISSIONS_AGENTS VALUES (186,133);
INSERT INTO MISSIONS_AGENTS VALUES (187,133);
INSERT INTO MISSIONS_AGENTS VALUES (188,102);
INSERT INTO MISSIONS_AGENTS VALUES (188,69);
INSERT INTO MISSIONS_AGENTS VALUES (189,19);
INSERT INTO MISSIONS_AGENTS VALUES (189,163);
INSERT INTO MISSIONS_AGENTS VALUES (190,72);
INSERT INTO MISSIONS_AGENTS VALUES (191,19);
INSERT INTO MISSIONS_AGENTS VALUES (192,152);
INSERT INTO MISSIONS_AGENTS VALUES (193,26);
INSERT INTO MISSIONS_AGENTS VALUES (193,71);
INSERT INTO MISSIONS_AGENTS VALUES (194,24);
INSERT INTO MISSIONS_AGENTS VALUES (195,22);
INSERT INTO MISSIONS_AGENTS VALUES (196,22);
INSERT INTO MISSIONS_AGENTS VALUES (196,133);
INSERT INTO MISSIONS_AGENTS VALUES (197,89);
INSERT INTO MISSIONS_AGENTS VALUES (198,143);
INSERT INTO MISSIONS_AGENTS VALUES (198,26);
INSERT INTO MISSIONS_AGENTS VALUES (199,90);
INSERT INTO MISSIONS_AGENTS VALUES (200,22);
INSERT INTO MISSIONS_AGENTS VALUES (201,21);
INSERT INTO MISSIONS_AGENTS VALUES (202,117);
INSERT INTO MISSIONS_AGENTS VALUES (203,26);
INSERT INTO MISSIONS_AGENTS VALUES (204,133);
INSERT INTO MISSIONS_AGENTS VALUES (205,24);
INSERT INTO MISSIONS_AGENTS VALUES (206,76);
INSERT INTO MISSIONS_AGENTS VALUES (206,15);
INSERT INTO MISSIONS_AGENTS VALUES (207,11);
INSERT INTO MISSIONS_AGENTS VALUES (207,72);
INSERT INTO MISSIONS_AGENTS VALUES (208,87);
INSERT INTO MISSIONS_AGENTS VALUES (209,158);
INSERT INTO MISSIONS_AGENTS VALUES (210,22);
INSERT INTO MISSIONS_AGENTS VALUES (210,117);
INSERT INTO MISSIONS_AGENTS VALUES (211,98);
INSERT INTO MISSIONS_AGENTS VALUES (212,10);
INSERT INTO MISSIONS_AGENTS VALUES (212,67);
INSERT INTO MISSIONS_AGENTS VALUES (213,90);
INSERT INTO MISSIONS_AGENTS VALUES (213,101);
INSERT INTO MISSIONS_AGENTS VALUES (214,133);
INSERT INTO MISSIONS_AGENTS VALUES (215,158);
INSERT INTO MISSIONS_AGENTS VALUES (215,100);
INSERT INTO MISSIONS_AGENTS VALUES (216,117);
INSERT INTO MISSIONS_AGENTS VALUES (216,87);
INSERT INTO MISSIONS_AGENTS VALUES (217,158);
INSERT INTO MISSIONS_AGENTS VALUES (217,133);
INSERT INTO MISSIONS_AGENTS VALUES (218,40);
INSERT INTO MISSIONS_AGENTS VALUES (219,11);
INSERT INTO MISSIONS_AGENTS VALUES (220,1);
INSERT INTO MISSIONS_AGENTS VALUES (220,155);
INSERT INTO MISSIONS_AGENTS VALUES (221,89);
INSERT INTO MISSIONS_AGENTS VALUES (222,158);
INSERT INTO MISSIONS_AGENTS VALUES (222,87);
INSERT INTO MISSIONS_AGENTS VALUES (223,87);
INSERT INTO MISSIONS_AGENTS VALUES (223,102);
INSERT INTO MISSIONS_AGENTS VALUES (224,158);
INSERT INTO MISSIONS_AGENTS VALUES (225,51);
INSERT INTO MISSIONS_AGENTS VALUES (226,22);
INSERT INTO MISSIONS_AGENTS VALUES (227,133);
INSERT INTO MISSIONS_AGENTS VALUES (228,1);
INSERT INTO MISSIONS_AGENTS VALUES (228,87);
INSERT INTO MISSIONS_AGENTS VALUES (229,117);
INSERT INTO MISSIONS_AGENTS VALUES (230,138);
INSERT INTO MISSIONS_AGENTS VALUES (230,127);
INSERT INTO MISSIONS_AGENTS VALUES (231,103);
INSERT INTO MISSIONS_AGENTS VALUES (232,163);
INSERT INTO MISSIONS_AGENTS VALUES (233,131);
INSERT INTO MISSIONS_AGENTS VALUES (234,127);
INSERT INTO MISSIONS_AGENTS VALUES (235,158);
INSERT INTO MISSIONS_AGENTS VALUES (235,133);
INSERT INTO MISSIONS_AGENTS VALUES (236,105);
INSERT INTO MISSIONS_AGENTS VALUES (236,91);
INSERT INTO MISSIONS_AGENTS VALUES (237,3);
INSERT INTO MISSIONS_AGENTS VALUES (238,87);
INSERT INTO MISSIONS_AGENTS VALUES (239,127);
INSERT INTO MISSIONS_AGENTS VALUES (240,117);
INSERT INTO MISSIONS_AGENTS VALUES (241,22);
INSERT INTO MISSIONS_AGENTS VALUES (242,158);
INSERT INTO MISSIONS_AGENTS VALUES (243,3);
INSERT INTO MISSIONS_AGENTS VALUES (244,133);
INSERT INTO MISSIONS_AGENTS VALUES (245,117);
INSERT INTO MISSIONS_AGENTS VALUES (246,67);
INSERT INTO MISSIONS_AGENTS VALUES (247,133);
INSERT INTO MISSIONS_AGENTS VALUES (248,87);
INSERT INTO MISSIONS_AGENTS VALUES (249,87);
INSERT INTO MISSIONS_AGENTS VALUES (249,51);
INSERT INTO MISSIONS_AGENTS VALUES (250,139);
INSERT INTO MISSIONS_AGENTS VALUES (251,104);
INSERT INTO MISSIONS_AGENTS VALUES (252,68);
INSERT INTO MISSIONS_AGENTS VALUES (252,102);
INSERT INTO MISSIONS_AGENTS VALUES (253,92);
INSERT INTO MISSIONS_AGENTS VALUES (253,45);
INSERT INTO MISSIONS_AGENTS VALUES (254,11);
INSERT INTO MISSIONS_AGENTS VALUES (255,24);
INSERT INTO MISSIONS_AGENTS VALUES (256,51);
INSERT INTO MISSIONS_AGENTS VALUES (257,10);
INSERT INTO MISSIONS_AGENTS VALUES (258,22);
INSERT INTO MISSIONS_AGENTS VALUES (259,92);
INSERT INTO MISSIONS_AGENTS VALUES (260,29);
INSERT INTO MISSIONS_AGENTS VALUES (260,102);
INSERT INTO MISSIONS_AGENTS VALUES (261,120);
INSERT INTO MISSIONS_AGENTS VALUES (262,87);
INSERT INTO MISSIONS_AGENTS VALUES (262,22);
INSERT INTO MISSIONS_AGENTS VALUES (263,1);
INSERT INTO MISSIONS_AGENTS VALUES (264,26);
INSERT INTO MISSIONS_AGENTS VALUES (265,67);
INSERT INTO MISSIONS_AGENTS VALUES (266,152);
INSERT INTO MISSIONS_AGENTS VALUES (267,133);
INSERT INTO MISSIONS_AGENTS VALUES (268,103);
INSERT INTO MISSIONS_AGENTS VALUES (268,102);
INSERT INTO MISSIONS_AGENTS VALUES (269,21);
INSERT INTO MISSIONS_AGENTS VALUES (270,156);
INSERT INTO MISSIONS_AGENTS VALUES (271,22);
INSERT INTO MISSIONS_AGENTS VALUES (272,69);
INSERT INTO MISSIONS_AGENTS VALUES (273,87);
INSERT INTO MISSIONS_AGENTS VALUES (274,163);
INSERT INTO MISSIONS_AGENTS VALUES (275,124);
INSERT INTO MISSIONS_AGENTS VALUES (275,23);
INSERT INTO MISSIONS_AGENTS VALUES (276,51);
INSERT INTO MISSIONS_AGENTS VALUES (276,133);
INSERT INTO MISSIONS_AGENTS VALUES (277,133);
INSERT INTO MISSIONS_AGENTS VALUES (277,1);
INSERT INTO MISSIONS_AGENTS VALUES (278,67);
INSERT INTO MISSIONS_AGENTS VALUES (279,117);
INSERT INTO MISSIONS_AGENTS VALUES (279,87);
INSERT INTO MISSIONS_AGENTS VALUES (280,1);
INSERT INTO MISSIONS_AGENTS VALUES (280,22);
INSERT INTO MISSIONS_AGENTS VALUES (281,33);
INSERT INTO MISSIONS_AGENTS VALUES (282,44);
INSERT INTO MISSIONS_AGENTS VALUES (283,40);
INSERT INTO MISSIONS_AGENTS VALUES (284,127);
INSERT INTO MISSIONS_AGENTS VALUES (285,22);
INSERT INTO MISSIONS_AGENTS VALUES (286,133);
INSERT INTO MISSIONS_AGENTS VALUES (287,117);
INSERT INTO MISSIONS_AGENTS VALUES (288,104);
INSERT INTO MISSIONS_AGENTS VALUES (289,89);
INSERT INTO MISSIONS_AGENTS VALUES (289,52);
INSERT INTO MISSIONS_AGENTS VALUES (290,117);
INSERT INTO MISSIONS_AGENTS VALUES (291,120);
INSERT INTO MISSIONS_AGENTS VALUES (292,92);
INSERT INTO MISSIONS_AGENTS VALUES (293,101);
INSERT INTO MISSIONS_AGENTS VALUES (294,44);
INSERT INTO MISSIONS_AGENTS VALUES (295,127);
INSERT INTO MISSIONS_AGENTS VALUES (296,44);
INSERT INTO MISSIONS_AGENTS VALUES (297,133);
INSERT INTO MISSIONS_AGENTS VALUES (298,92);
INSERT INTO MISSIONS_AGENTS VALUES (298,53);
INSERT INTO MISSIONS_AGENTS VALUES (299,19);
INSERT INTO MISSIONS_AGENTS VALUES (300,3);
INSERT INTO MISSIONS_AGENTS VALUES (300,117);
INSERT INTO MISSIONS_AGENTS VALUES (301,105);
INSERT INTO MISSIONS_AGENTS VALUES (302,43);
INSERT INTO MISSIONS_AGENTS VALUES (303,133);
INSERT INTO MISSIONS_AGENTS VALUES (303,87);
INSERT INTO MISSIONS_AGENTS VALUES (304,127);
INSERT INTO MISSIONS_AGENTS VALUES (305,22);
INSERT INTO MISSIONS_AGENTS VALUES (305,117);
INSERT INTO MISSIONS_AGENTS VALUES (306,21);
INSERT INTO MISSIONS_AGENTS VALUES (306,43);
INSERT INTO MISSIONS_AGENTS VALUES (307,158);
INSERT INTO MISSIONS_AGENTS VALUES (308,133);
INSERT INTO MISSIONS_AGENTS VALUES (309,163);
INSERT INTO MISSIONS_AGENTS VALUES (310,41);
INSERT INTO MISSIONS_AGENTS VALUES (310,111);
INSERT INTO MISSIONS_AGENTS VALUES (311,117);
INSERT INTO MISSIONS_AGENTS VALUES (312,163);
INSERT INTO MISSIONS_AGENTS VALUES (313,136);
INSERT INTO MISSIONS_AGENTS VALUES (314,133);
INSERT INTO MISSIONS_AGENTS VALUES (314,127);
INSERT INTO MISSIONS_AGENTS VALUES (315,53);
INSERT INTO MISSIONS_AGENTS VALUES (315,24);
INSERT INTO MISSIONS_AGENTS VALUES (316,53);
INSERT INTO MISSIONS_AGENTS VALUES (317,127);
INSERT INTO MISSIONS_AGENTS VALUES (318,110);
INSERT INTO MISSIONS_AGENTS VALUES (319,117);
INSERT INTO MISSIONS_AGENTS VALUES (319,45);
INSERT INTO MISSIONS_AGENTS VALUES (320,100);
INSERT INTO MISSIONS_AGENTS VALUES (320,76);
INSERT INTO MISSIONS_AGENTS VALUES (321,22);
INSERT INTO MISSIONS_AGENTS VALUES (322,152);
INSERT INTO MISSIONS_AGENTS VALUES (323,68);
INSERT INTO MISSIONS_AGENTS VALUES (323,100);
INSERT INTO MISSIONS_AGENTS VALUES (324,136);
INSERT INTO MISSIONS_AGENTS VALUES (325,133);
INSERT INTO MISSIONS_AGENTS VALUES (325,87);
INSERT INTO MISSIONS_AGENTS VALUES (326,10);
INSERT INTO MISSIONS_AGENTS VALUES (327,102);
INSERT INTO MISSIONS_AGENTS VALUES (328,11);
INSERT INTO MISSIONS_AGENTS VALUES (329,135);
INSERT INTO MISSIONS_AGENTS VALUES (330,136);
INSERT INTO MISSIONS_AGENTS VALUES (331,107);
INSERT INTO MISSIONS_AGENTS VALUES (332,91);
INSERT INTO MISSIONS_AGENTS VALUES (333,158);
INSERT INTO MISSIONS_AGENTS VALUES (334,158);
INSERT INTO MISSIONS_AGENTS VALUES (335,22);
INSERT INTO MISSIONS_AGENTS VALUES (336,38);
INSERT INTO MISSIONS_AGENTS VALUES (337,114);
INSERT INTO MISSIONS_AGENTS VALUES (338,87);
INSERT INTO MISSIONS_AGENTS VALUES (338,23);
INSERT INTO MISSIONS_AGENTS VALUES (339,92);
INSERT INTO MISSIONS_AGENTS VALUES (340,74);
INSERT INTO MISSIONS_AGENTS VALUES (341,108);
INSERT INTO MISSIONS_AGENTS VALUES (342,45);
INSERT INTO MISSIONS_AGENTS VALUES (343,6);
INSERT INTO MISSIONS_AGENTS VALUES (344,136);
INSERT INTO MISSIONS_AGENTS VALUES (345,19);
INSERT INTO MISSIONS_AGENTS VALUES (346,88);
INSERT INTO MISSIONS_AGENTS VALUES (347,117);
INSERT INTO MISSIONS_AGENTS VALUES (348,87);
INSERT INTO MISSIONS_AGENTS VALUES (349,24);
INSERT INTO MISSIONS_AGENTS VALUES (349,102);
INSERT INTO MISSIONS_AGENTS VALUES (350,40);
INSERT INTO MISSIONS_AGENTS VALUES (351,139);
INSERT INTO MISSIONS_AGENTS VALUES (351,163);
INSERT INTO MISSIONS_AGENTS VALUES (352,24);
INSERT INTO MISSIONS_AGENTS VALUES (353,117);
INSERT INTO MISSIONS_AGENTS VALUES (353,22);
INSERT INTO MISSIONS_AGENTS VALUES (354,87);
INSERT INTO MISSIONS_AGENTS VALUES (354,24);
INSERT INTO MISSIONS_AGENTS VALUES (355,117);
INSERT INTO MISSIONS_AGENTS VALUES (355,133);
INSERT INTO MISSIONS_AGENTS VALUES (356,22);
INSERT INTO MISSIONS_AGENTS VALUES (357,102);
INSERT INTO MISSIONS_AGENTS VALUES (358,43);
INSERT INTO MISSIONS_AGENTS VALUES (359,22);
INSERT INTO MISSIONS_AGENTS VALUES (359,87);
INSERT INTO MISSIONS_AGENTS VALUES (360,87);
INSERT INTO MISSIONS_AGENTS VALUES (361,124);
INSERT INTO MISSIONS_AGENTS VALUES (361,40);
INSERT INTO MISSIONS_AGENTS VALUES (362,133);
INSERT INTO MISSIONS_AGENTS VALUES (363,90);
INSERT INTO MISSIONS_AGENTS VALUES (363,48);
INSERT INTO MISSIONS_AGENTS VALUES (364,19);
INSERT INTO MISSIONS_AGENTS VALUES (365,3);
INSERT INTO MISSIONS_AGENTS VALUES (366,158);
INSERT INTO MISSIONS_AGENTS VALUES (367,158);
INSERT INTO MISSIONS_AGENTS VALUES (367,22);
INSERT INTO MISSIONS_AGENTS VALUES (368,35);
INSERT INTO MISSIONS_AGENTS VALUES (369,19);
INSERT INTO MISSIONS_AGENTS VALUES (369,127);
INSERT INTO MISSIONS_AGENTS VALUES (370,1);
INSERT INTO MISSIONS_AGENTS VALUES (371,22);
INSERT INTO MISSIONS_AGENTS VALUES (372,133);
INSERT INTO MISSIONS_AGENTS VALUES (373,127);
INSERT INTO MISSIONS_AGENTS VALUES (374,71);
INSERT INTO MISSIONS_AGENTS VALUES (375,22);
INSERT INTO MISSIONS_AGENTS VALUES (376,133);
INSERT INTO MISSIONS_AGENTS VALUES (377,158);
INSERT INTO MISSIONS_AGENTS VALUES (378,140);
INSERT INTO MISSIONS_AGENTS VALUES (379,117);
INSERT INTO MISSIONS_AGENTS VALUES (380,133);
INSERT INTO MISSIONS_AGENTS VALUES (381,164);
INSERT INTO MISSIONS_AGENTS VALUES (382,98);
INSERT INTO MISSIONS_AGENTS VALUES (383,11);
INSERT INTO MISSIONS_AGENTS VALUES (383,127);
INSERT INTO MISSIONS_AGENTS VALUES (384,51);
INSERT INTO MISSIONS_AGENTS VALUES (385,22);
INSERT INTO MISSIONS_AGENTS VALUES (386,67);
INSERT INTO MISSIONS_AGENTS VALUES (387,133);
INSERT INTO MISSIONS_AGENTS VALUES (388,87);
INSERT INTO MISSIONS_AGENTS VALUES (388,51);
INSERT INTO MISSIONS_AGENTS VALUES (389,100);
INSERT INTO MISSIONS_AGENTS VALUES (390,1);
INSERT INTO MISSIONS_AGENTS VALUES (391,26);
INSERT INTO MISSIONS_AGENTS VALUES (392,163);
INSERT INTO MISSIONS_AGENTS VALUES (393,11);
INSERT INTO MISSIONS_AGENTS VALUES (393,102);
INSERT INTO MISSIONS_AGENTS VALUES (394,117);
INSERT INTO MISSIONS_AGENTS VALUES (395,136);
INSERT INTO MISSIONS_AGENTS VALUES (396,35);
INSERT INTO MISSIONS_AGENTS VALUES (396,100);
INSERT INTO MISSIONS_AGENTS VALUES (397,117);
INSERT INTO MISSIONS_AGENTS VALUES (397,19);
INSERT INTO MISSIONS_AGENTS VALUES (398,122);
INSERT INTO MISSIONS_AGENTS VALUES (399,22);
INSERT INTO MISSIONS_AGENTS VALUES (400,22);
INSERT INTO MISSIONS_AGENTS VALUES (401,158);
INSERT INTO MISSIONS_AGENTS VALUES (401,87);
INSERT INTO MISSIONS_AGENTS VALUES (402,105);
INSERT INTO MISSIONS_AGENTS VALUES (402,11);
INSERT INTO MISSIONS_AGENTS VALUES (403,110);
INSERT INTO MISSIONS_AGENTS VALUES (404,54);
INSERT INTO MISSIONS_AGENTS VALUES (405,48);
INSERT INTO MISSIONS_AGENTS VALUES (405,10);
INSERT INTO MISSIONS_AGENTS VALUES (406,19);
INSERT INTO MISSIONS_AGENTS VALUES (407,24);
INSERT INTO MISSIONS_AGENTS VALUES (408,95);
INSERT INTO MISSIONS_AGENTS VALUES (409,19);
INSERT INTO MISSIONS_AGENTS VALUES (410,127);
INSERT INTO MISSIONS_AGENTS VALUES (410,88);
INSERT INTO MISSIONS_AGENTS VALUES (411,105);
INSERT INTO MISSIONS_AGENTS VALUES (412,72);
INSERT INTO MISSIONS_AGENTS VALUES (412,24);
INSERT INTO MISSIONS_AGENTS VALUES (413,98);
INSERT INTO MISSIONS_AGENTS VALUES (414,87);
INSERT INTO MISSIONS_AGENTS VALUES (415,133);
INSERT INTO MISSIONS_AGENTS VALUES (416,133);
INSERT INTO MISSIONS_AGENTS VALUES (417,3);
INSERT INTO MISSIONS_AGENTS VALUES (418,121);
INSERT INTO MISSIONS_AGENTS VALUES (419,6);
INSERT INTO MISSIONS_AGENTS VALUES (420,133);
INSERT INTO MISSIONS_AGENTS VALUES (420,158);
INSERT INTO MISSIONS_AGENTS VALUES (421,122);
INSERT INTO MISSIONS_AGENTS VALUES (422,98);
INSERT INTO MISSIONS_AGENTS VALUES (423,136);
INSERT INTO MISSIONS_AGENTS VALUES (424,133);
INSERT INTO MISSIONS_AGENTS VALUES (425,24);
INSERT INTO MISSIONS_AGENTS VALUES (426,43);
INSERT INTO MISSIONS_AGENTS VALUES (426,21);
INSERT INTO MISSIONS_AGENTS VALUES (427,51);
INSERT INTO MISSIONS_AGENTS VALUES (428,19);
INSERT INTO MISSIONS_AGENTS VALUES (429,158);
INSERT INTO MISSIONS_AGENTS VALUES (430,117);
INSERT INTO MISSIONS_AGENTS VALUES (431,133);
INSERT INTO MISSIONS_AGENTS VALUES (432,1);
INSERT INTO MISSIONS_AGENTS VALUES (433,36);
INSERT INTO MISSIONS_AGENTS VALUES (434,158);
INSERT INTO MISSIONS_AGENTS VALUES (434,78);
INSERT INTO MISSIONS_AGENTS VALUES (435,154);
INSERT INTO MISSIONS_AGENTS VALUES (436,158);
INSERT INTO MISSIONS_AGENTS VALUES (437,87);
INSERT INTO MISSIONS_AGENTS VALUES (438,117);
INSERT INTO MISSIONS_AGENTS VALUES (439,158);
INSERT INTO MISSIONS_AGENTS VALUES (440,67);
INSERT INTO MISSIONS_AGENTS VALUES (441,22);
INSERT INTO MISSIONS_AGENTS VALUES (442,87);
INSERT INTO MISSIONS_AGENTS VALUES (443,22);
INSERT INTO MISSIONS_AGENTS VALUES (444,127);
INSERT INTO MISSIONS_AGENTS VALUES (444,22);
INSERT INTO MISSIONS_AGENTS VALUES (445,19);
INSERT INTO MISSIONS_AGENTS VALUES (446,142);
INSERT INTO MISSIONS_AGENTS VALUES (447,133);
INSERT INTO MISSIONS_AGENTS VALUES (448,117);
INSERT INTO MISSIONS_AGENTS VALUES (449,122);
INSERT INTO MISSIONS_AGENTS VALUES (449,7);
INSERT INTO MISSIONS_AGENTS VALUES (450,88);
INSERT INTO MISSIONS_AGENTS VALUES (451,41);
INSERT INTO MISSIONS_AGENTS VALUES (452,142);
INSERT INTO MISSIONS_AGENTS VALUES (452,101);
INSERT INTO MISSIONS_AGENTS VALUES (453,92);
INSERT INTO MISSIONS_AGENTS VALUES (454,7);
INSERT INTO MISSIONS_AGENTS VALUES (455,158);
INSERT INTO MISSIONS_AGENTS VALUES (456,67);
INSERT INTO MISSIONS_AGENTS VALUES (457,87);
INSERT INTO MISSIONS_AGENTS VALUES (457,133);
INSERT INTO MISSIONS_AGENTS VALUES (458,102);
INSERT INTO MISSIONS_AGENTS VALUES (459,127);
INSERT INTO MISSIONS_AGENTS VALUES (459,87);
INSERT INTO MISSIONS_AGENTS VALUES (460,119);
INSERT INTO MISSIONS_AGENTS VALUES (461,132);
INSERT INTO MISSIONS_AGENTS VALUES (461,124);
INSERT INTO MISSIONS_AGENTS VALUES (462,24);
INSERT INTO MISSIONS_AGENTS VALUES (462,103);
INSERT INTO MISSIONS_AGENTS VALUES (463,19);
INSERT INTO MISSIONS_AGENTS VALUES (464,68);
INSERT INTO MISSIONS_AGENTS VALUES (464,67);
INSERT INTO MISSIONS_AGENTS VALUES (465,158);
INSERT INTO MISSIONS_AGENTS VALUES (465,58);
INSERT INTO MISSIONS_AGENTS VALUES (466,24);
INSERT INTO MISSIONS_AGENTS VALUES (466,117);
INSERT INTO MISSIONS_AGENTS VALUES (467,10);
INSERT INTO MISSIONS_AGENTS VALUES (467,48);
INSERT INTO MISSIONS_AGENTS VALUES (468,20);
INSERT INTO MISSIONS_AGENTS VALUES (469,2);
INSERT INTO MISSIONS_AGENTS VALUES (470,133);
INSERT INTO MISSIONS_AGENTS VALUES (470,22);
INSERT INTO MISSIONS_AGENTS VALUES (471,48);
INSERT INTO MISSIONS_AGENTS VALUES (472,20);
INSERT INTO MISSIONS_AGENTS VALUES (473,22);
INSERT INTO MISSIONS_AGENTS VALUES (474,127);
INSERT INTO MISSIONS_AGENTS VALUES (474,158);
INSERT INTO MISSIONS_AGENTS VALUES (475,117);
INSERT INTO MISSIONS_AGENTS VALUES (475,19);
INSERT INTO MISSIONS_AGENTS VALUES (476,22);
INSERT INTO MISSIONS_AGENTS VALUES (477,44);
INSERT INTO MISSIONS_AGENTS VALUES (477,133);
INSERT INTO MISSIONS_AGENTS VALUES (478,22);
INSERT INTO MISSIONS_AGENTS VALUES (479,133);
INSERT INTO MISSIONS_AGENTS VALUES (480,3);
INSERT INTO MISSIONS_AGENTS VALUES (480,43);
INSERT INTO MISSIONS_AGENTS VALUES (481,133);
INSERT INTO MISSIONS_AGENTS VALUES (481,22);
INSERT INTO MISSIONS_AGENTS VALUES (482,19);
INSERT INTO MISSIONS_AGENTS VALUES (482,24);
INSERT INTO MISSIONS_AGENTS VALUES (483,133);
INSERT INTO MISSIONS_AGENTS VALUES (484,83);
INSERT INTO MISSIONS_AGENTS VALUES (484,24);
INSERT INTO MISSIONS_AGENTS VALUES (485,75);
INSERT INTO MISSIONS_AGENTS VALUES (486,26);
INSERT INTO MISSIONS_AGENTS VALUES (487,53);
INSERT INTO MISSIONS_AGENTS VALUES (488,24);
INSERT INTO MISSIONS_AGENTS VALUES (489,24);
INSERT INTO MISSIONS_AGENTS VALUES (490,68);
INSERT INTO MISSIONS_AGENTS VALUES (491,22);
INSERT INTO MISSIONS_AGENTS VALUES (492,117);
INSERT INTO MISSIONS_AGENTS VALUES (493,31);
INSERT INTO MISSIONS_AGENTS VALUES (494,6);
INSERT INTO MISSIONS_AGENTS VALUES (495,133);
INSERT INTO MISSIONS_AGENTS VALUES (495,26);
INSERT INTO MISSIONS_AGENTS VALUES (496,71);
INSERT INTO MISSIONS_AGENTS VALUES (497,52);
INSERT INTO MISSIONS_AGENTS VALUES (497,72);
INSERT INTO MISSIONS_AGENTS VALUES (498,133);
INSERT INTO MISSIONS_AGENTS VALUES (499,21);
INSERT INTO MISSIONS_AGENTS VALUES (499,10);
INSERT INTO MISSIONS_AGENTS VALUES (500,71);
INSERT INTO MISSIONS_AGENTS VALUES (500,44);
INSERT INTO MISSIONS_AGENTS VALUES (501,87);
INSERT INTO MISSIONS_AGENTS VALUES (502,4);
INSERT INTO MISSIONS_AGENTS VALUES (503,22);
INSERT INTO MISSIONS_AGENTS VALUES (504,158);
INSERT INTO MISSIONS_AGENTS VALUES (505,122);
INSERT INTO MISSIONS_AGENTS VALUES (506,133);
INSERT INTO MISSIONS_AGENTS VALUES (507,22);
INSERT INTO MISSIONS_AGENTS VALUES (508,24);
INSERT INTO MISSIONS_AGENTS VALUES (509,133);
INSERT INTO MISSIONS_AGENTS VALUES (510,133);
INSERT INTO MISSIONS_AGENTS VALUES (510,127);
INSERT INTO MISSIONS_AGENTS VALUES (511,19);
INSERT INTO MISSIONS_AGENTS VALUES (511,20);
INSERT INTO MISSIONS_AGENTS VALUES (512,75);
INSERT INTO MISSIONS_AGENTS VALUES (512,32);
INSERT INTO MISSIONS_AGENTS VALUES (513,133);
INSERT INTO MISSIONS_AGENTS VALUES (514,158);
INSERT INTO MISSIONS_AGENTS VALUES (515,51);
INSERT INTO MISSIONS_AGENTS VALUES (516,92);
INSERT INTO MISSIONS_AGENTS VALUES (517,133);
INSERT INTO MISSIONS_AGENTS VALUES (518,22);
INSERT INTO MISSIONS_AGENTS VALUES (518,24);
INSERT INTO MISSIONS_AGENTS VALUES (519,133);
INSERT INTO MISSIONS_AGENTS VALUES (520,88);
INSERT INTO MISSIONS_AGENTS VALUES (521,124);
INSERT INTO MISSIONS_AGENTS VALUES (522,127);
INSERT INTO MISSIONS_AGENTS VALUES (523,21);
INSERT INTO MISSIONS_AGENTS VALUES (524,69);
INSERT INTO MISSIONS_AGENTS VALUES (525,117);
INSERT INTO MISSIONS_AGENTS VALUES (525,133);
INSERT INTO MISSIONS_AGENTS VALUES (526,103);
INSERT INTO MISSIONS_AGENTS VALUES (527,26);
INSERT INTO MISSIONS_AGENTS VALUES (527,10);
INSERT INTO MISSIONS_AGENTS VALUES (528,48);
INSERT INTO MISSIONS_AGENTS VALUES (528,156);
INSERT INTO MISSIONS_AGENTS VALUES (529,87);
INSERT INTO MISSIONS_AGENTS VALUES (530,72);
INSERT INTO MISSIONS_AGENTS VALUES (530,117);
INSERT INTO MISSIONS_AGENTS VALUES (531,87);
INSERT INTO MISSIONS_AGENTS VALUES (532,48);
INSERT INTO MISSIONS_AGENTS VALUES (533,127);
INSERT INTO MISSIONS_AGENTS VALUES (533,51);
INSERT INTO MISSIONS_AGENTS VALUES (534,158);
INSERT INTO MISSIONS_AGENTS VALUES (535,19);
INSERT INTO MISSIONS_AGENTS VALUES (536,117);
INSERT INTO MISSIONS_AGENTS VALUES (536,127);
INSERT INTO MISSIONS_AGENTS VALUES (537,126);
INSERT INTO MISSIONS_AGENTS VALUES (537,80);
INSERT INTO MISSIONS_AGENTS VALUES (538,117);
INSERT INTO MISSIONS_AGENTS VALUES (539,3);
INSERT INTO MISSIONS_AGENTS VALUES (540,117);
INSERT INTO MISSIONS_AGENTS VALUES (541,132);
INSERT INTO MISSIONS_AGENTS VALUES (542,133);
INSERT INTO MISSIONS_AGENTS VALUES (543,91);
INSERT INTO MISSIONS_AGENTS VALUES (544,69);
INSERT INTO MISSIONS_AGENTS VALUES (544,74);
INSERT INTO MISSIONS_AGENTS VALUES (545,133);
INSERT INTO MISSIONS_AGENTS VALUES (546,48);
INSERT INTO MISSIONS_AGENTS VALUES (546,10);
INSERT INTO MISSIONS_AGENTS VALUES (547,68);
INSERT INTO MISSIONS_AGENTS VALUES (548,51);
INSERT INTO MISSIONS_AGENTS VALUES (549,127);
INSERT INTO MISSIONS_AGENTS VALUES (550,95);
INSERT INTO MISSIONS_AGENTS VALUES (550,51);
INSERT INTO MISSIONS_AGENTS VALUES (551,19);
INSERT INTO MISSIONS_AGENTS VALUES (552,19);
INSERT INTO MISSIONS_AGENTS VALUES (552,56);
INSERT INTO MISSIONS_AGENTS VALUES (553,95);
INSERT INTO MISSIONS_AGENTS VALUES (554,40);
INSERT INTO MISSIONS_AGENTS VALUES (554,101);
INSERT INTO MISSIONS_AGENTS VALUES (555,158);
INSERT INTO MISSIONS_AGENTS VALUES (556,133);
INSERT INTO MISSIONS_AGENTS VALUES (556,131);
INSERT INTO MISSIONS_AGENTS VALUES (557,72);
INSERT INTO MISSIONS_AGENTS VALUES (558,22);
INSERT INTO MISSIONS_AGENTS VALUES (559,127);
INSERT INTO MISSIONS_AGENTS VALUES (560,72);
INSERT INTO MISSIONS_AGENTS VALUES (561,142);
INSERT INTO MISSIONS_AGENTS VALUES (562,22);
INSERT INTO MISSIONS_AGENTS VALUES (563,73);
INSERT INTO MISSIONS_AGENTS VALUES (564,26);
INSERT INTO MISSIONS_AGENTS VALUES (565,133);
INSERT INTO MISSIONS_AGENTS VALUES (565,117);
INSERT INTO MISSIONS_AGENTS VALUES (566,69);
INSERT INTO MISSIONS_AGENTS VALUES (566,38);
INSERT INTO MISSIONS_AGENTS VALUES (567,133);
INSERT INTO MISSIONS_AGENTS VALUES (567,158);
INSERT INTO MISSIONS_AGENTS VALUES (568,76);
INSERT INTO MISSIONS_AGENTS VALUES (569,120);
INSERT INTO MISSIONS_AGENTS VALUES (570,60);
INSERT INTO MISSIONS_AGENTS VALUES (570,53);
INSERT INTO MISSIONS_AGENTS VALUES (571,95);
INSERT INTO MISSIONS_AGENTS VALUES (572,51);
INSERT INTO MISSIONS_AGENTS VALUES (573,71);
INSERT INTO MISSIONS_AGENTS VALUES (573,156);
INSERT INTO MISSIONS_AGENTS VALUES (574,158);
INSERT INTO MISSIONS_AGENTS VALUES (575,22);
INSERT INTO MISSIONS_AGENTS VALUES (576,117);
INSERT INTO MISSIONS_AGENTS VALUES (577,158);
INSERT INTO MISSIONS_AGENTS VALUES (577,72);
INSERT INTO MISSIONS_AGENTS VALUES (578,138);
INSERT INTO MISSIONS_AGENTS VALUES (579,149);
INSERT INTO MISSIONS_AGENTS VALUES (580,133);
INSERT INTO MISSIONS_AGENTS VALUES (580,22);
INSERT INTO MISSIONS_AGENTS VALUES (581,117);
INSERT INTO MISSIONS_AGENTS VALUES (581,87);
INSERT INTO MISSIONS_AGENTS VALUES (582,24);
INSERT INTO MISSIONS_AGENTS VALUES (583,133);
INSERT INTO MISSIONS_AGENTS VALUES (584,158);
INSERT INTO MISSIONS_AGENTS VALUES (585,122);
INSERT INTO MISSIONS_AGENTS VALUES (586,122);
INSERT INTO MISSIONS_AGENTS VALUES (586,120);
INSERT INTO MISSIONS_AGENTS VALUES (587,127);
INSERT INTO MISSIONS_AGENTS VALUES (588,158);
INSERT INTO MISSIONS_AGENTS VALUES (588,35);
INSERT INTO MISSIONS_AGENTS VALUES (589,7);
INSERT INTO MISSIONS_AGENTS VALUES (589,19);
INSERT INTO MISSIONS_AGENTS VALUES (590,133);
INSERT INTO MISSIONS_AGENTS VALUES (591,87);
INSERT INTO MISSIONS_AGENTS VALUES (592,78);
INSERT INTO MISSIONS_AGENTS VALUES (593,87);
INSERT INTO MISSIONS_AGENTS VALUES (594,43);
INSERT INTO MISSIONS_AGENTS VALUES (595,117);
INSERT INTO MISSIONS_AGENTS VALUES (595,133);
INSERT INTO MISSIONS_AGENTS VALUES (596,22);
INSERT INTO MISSIONS_AGENTS VALUES (597,52);
INSERT INTO MISSIONS_AGENTS VALUES (598,136);
INSERT INTO MISSIONS_AGENTS VALUES (599,139);
INSERT INTO MISSIONS_AGENTS VALUES (599,53);
INSERT INTO MISSIONS_AGENTS VALUES (600,26);
INSERT INTO MISSIONS_AGENTS VALUES (601,151);
INSERT INTO MISSIONS_AGENTS VALUES (602,76);
INSERT INTO MISSIONS_AGENTS VALUES (603,92);
INSERT INTO MISSIONS_AGENTS VALUES (604,21);
INSERT INTO MISSIONS_AGENTS VALUES (605,51);
INSERT INTO MISSIONS_AGENTS VALUES (606,133);
INSERT INTO MISSIONS_AGENTS VALUES (607,158);
INSERT INTO MISSIONS_AGENTS VALUES (607,120);
INSERT INTO MISSIONS_AGENTS VALUES (608,76);
INSERT INTO MISSIONS_AGENTS VALUES (609,54);
INSERT INTO MISSIONS_AGENTS VALUES (610,133);
INSERT INTO MISSIONS_AGENTS VALUES (610,87);
INSERT INTO MISSIONS_AGENTS VALUES (611,22);
INSERT INTO MISSIONS_AGENTS VALUES (611,133);
INSERT INTO MISSIONS_AGENTS VALUES (612,133);
INSERT INTO MISSIONS_AGENTS VALUES (613,158);
INSERT INTO MISSIONS_AGENTS VALUES (614,3);
INSERT INTO MISSIONS_AGENTS VALUES (614,22);
INSERT INTO MISSIONS_AGENTS VALUES (615,1);
INSERT INTO MISSIONS_AGENTS VALUES (616,92);
INSERT INTO MISSIONS_AGENTS VALUES (616,72);
INSERT INTO MISSIONS_AGENTS VALUES (617,22);
INSERT INTO MISSIONS_AGENTS VALUES (618,104);
INSERT INTO MISSIONS_AGENTS VALUES (619,80);
INSERT INTO MISSIONS_AGENTS VALUES (620,21);
INSERT INTO MISSIONS_AGENTS VALUES (621,48);
INSERT INTO MISSIONS_AGENTS VALUES (621,67);
INSERT INTO MISSIONS_AGENTS VALUES (622,127);
INSERT INTO MISSIONS_AGENTS VALUES (623,67);
INSERT INTO MISSIONS_AGENTS VALUES (624,78);
INSERT INTO MISSIONS_AGENTS VALUES (625,3);
INSERT INTO MISSIONS_AGENTS VALUES (625,24);
INSERT INTO MISSIONS_AGENTS VALUES (626,162);
INSERT INTO MISSIONS_AGENTS VALUES (627,89);
INSERT INTO MISSIONS_AGENTS VALUES (627,20);
INSERT INTO MISSIONS_AGENTS VALUES (628,133);
INSERT INTO MISSIONS_AGENTS VALUES (629,87);
INSERT INTO MISSIONS_AGENTS VALUES (630,117);
INSERT INTO MISSIONS_AGENTS VALUES (630,67);
INSERT INTO MISSIONS_AGENTS VALUES (631,22);
INSERT INTO MISSIONS_AGENTS VALUES (632,98);
INSERT INTO MISSIONS_AGENTS VALUES (632,54);
INSERT INTO MISSIONS_AGENTS VALUES (633,87);
INSERT INTO MISSIONS_AGENTS VALUES (633,158);
INSERT INTO MISSIONS_AGENTS VALUES (634,117);
INSERT INTO MISSIONS_AGENTS VALUES (635,22);
INSERT INTO MISSIONS_AGENTS VALUES (635,127);
INSERT INTO MISSIONS_AGENTS VALUES (636,87);
INSERT INTO MISSIONS_AGENTS VALUES (637,117);
INSERT INTO MISSIONS_AGENTS VALUES (637,1);
INSERT INTO MISSIONS_AGENTS VALUES (638,22);
INSERT INTO MISSIONS_AGENTS VALUES (638,133);
INSERT INTO MISSIONS_AGENTS VALUES (639,53);
INSERT INTO MISSIONS_AGENTS VALUES (640,22);
INSERT INTO MISSIONS_AGENTS VALUES (640,133);
INSERT INTO MISSIONS_AGENTS VALUES (641,22);
INSERT INTO MISSIONS_AGENTS VALUES (642,117);
INSERT INTO MISSIONS_AGENTS VALUES (642,127);
INSERT INTO MISSIONS_AGENTS VALUES (643,105);
INSERT INTO MISSIONS_AGENTS VALUES (644,87);
INSERT INTO MISSIONS_AGENTS VALUES (645,72);
INSERT INTO MISSIONS_AGENTS VALUES (646,127);
INSERT INTO MISSIONS_AGENTS VALUES (647,127);
INSERT INTO MISSIONS_AGENTS VALUES (647,117);
INSERT INTO MISSIONS_AGENTS VALUES (648,104);
INSERT INTO MISSIONS_AGENTS VALUES (649,51);
INSERT INTO MISSIONS_AGENTS VALUES (649,136);
INSERT INTO MISSIONS_AGENTS VALUES (650,78);
INSERT INTO MISSIONS_AGENTS VALUES (650,116);
INSERT INTO MISSIONS_AGENTS VALUES (651,22);
INSERT INTO MISSIONS_AGENTS VALUES (652,48);
INSERT INTO MISSIONS_AGENTS VALUES (652,88);
INSERT INTO MISSIONS_AGENTS VALUES (653,117);
INSERT INTO MISSIONS_AGENTS VALUES (654,24);
INSERT INTO MISSIONS_AGENTS VALUES (655,18);
INSERT INTO MISSIONS_AGENTS VALUES (656,133);
INSERT INTO MISSIONS_AGENTS VALUES (657,71);
INSERT INTO MISSIONS_AGENTS VALUES (658,133);
INSERT INTO MISSIONS_AGENTS VALUES (659,158);
INSERT INTO MISSIONS_AGENTS VALUES (660,95);
INSERT INTO MISSIONS_AGENTS VALUES (661,127);
INSERT INTO MISSIONS_AGENTS VALUES (662,155);
INSERT INTO MISSIONS_AGENTS VALUES (662,117);
INSERT INTO MISSIONS_AGENTS VALUES (663,87);
INSERT INTO MISSIONS_AGENTS VALUES (663,158);
INSERT INTO MISSIONS_AGENTS VALUES (664,24);
INSERT INTO MISSIONS_AGENTS VALUES (665,56);
INSERT INTO MISSIONS_AGENTS VALUES (665,21);
INSERT INTO MISSIONS_AGENTS VALUES (666,22);
INSERT INTO MISSIONS_AGENTS VALUES (667,68);
INSERT INTO MISSIONS_AGENTS VALUES (667,1);
INSERT INTO MISSIONS_AGENTS VALUES (668,76);
INSERT INTO MISSIONS_AGENTS VALUES (668,22);

commit;

exit;
